credit_policy,int_rate,installment,log_annual_inc,dti,fico,days_with_cr_line,revol_bal,revol_util,inq_last_6mths,delinq_2yrs,pub_rec,not_fully_paid,purpose_all_other,purpose_credit_card,purpose_debt_consolidation,purpose_educational,purpose_home_improvement,purpose_major_purchase,purpose_small_business
1,0.1189,829.1,11.35040654,19.48,737,5639.958333,10.270038567145066,52.1,0,0,0,0,0,0,1,0,0,0,0
1,0.1071,228.22,11.08214255,14.29,707,2760.0,10.422995376684952,76.7,0,0,0,0,0,1,0,0,0,0,0
1,0.1357,366.86,10.37349118,11.63,682,4710.0,8.163940954755008,25.6,1,0,0,0,0,0,1,0,0,0,0
1,0.1008,162.34,11.35040654,8.1,712,2699.958333,10.424303110331467,73.2,1,0,0,0,0,0,1,0,0,0,0
1,0.1426,102.92,11.29973224,14.97,667,4066.0,8.464003362902119,39.5,0,1,0,0,0,1,0,0,0,0,0
1,0.0788,125.13,11.90496755,16.98,727,6120.041667,10.83580910148281,51.0,0,0,0,0,0,1,0,0,0,0,0
1,0.1496,194.02,10.71441777,4.0,667,3180.041667,8.253227645581772,76.8,0,0,1,1,0,0,1,0,0,0,0
1,0.1114,131.22,11.00209984,11.08,722,5116.0,10.094975304446326,68.6,0,0,0,1,1,0,0,0,0,0,0
1,0.1134,87.19,11.40756495,17.25,682,3989.0,11.15496397950603,51.1,1,0,0,0,0,0,0,0,1,0,0
1,0.1221,84.12,10.20359214,10.0,707,2730.041667,8.636042325254618,23.0,1,0,0,0,0,0,1,0,0,0,0
1,0.1347,360.43,10.4341158,22.09,677,6713.041667,9.535823881654714,71.0,2,0,1,0,0,0,1,0,0,0,0
1,0.1324,253.58,11.83500896,9.16,662,4298.0,8.541495483939203,18.2,2,1,0,0,0,0,1,0,0,0,0
1,0.0859,316.11,10.93310697,15.49,767,6519.958333,8.710949125835855,16.7,0,0,0,0,0,0,1,0,0,0,0
1,0.0714,92.82,11.51292546,6.5,747,4384.0,8.013674142832684,4.8,0,1,0,0,0,0,0,0,0,0,1
1,0.0863,209.54,9.487972109,9.73,727,1559.958333,8.745602852402946,44.6,0,0,0,0,0,0,1,0,0,0,0
1,0.1103,327.53,10.73891524,13.04,702,8159.958333,8.593227877692234,53.4,1,0,0,0,0,0,0,0,0,1,0
1,0.1317,77.69,10.52277288,2.26,672,3895.958333,7.701652362642226,88.4,0,0,0,0,1,0,0,0,0,0,0
1,0.0894,476.58,11.60823564,7.07,797,6510.958333,8.934191535338075,52.7,1,0,0,0,0,1,0,0,0,0,0
1,0.1039,584.12,10.49127422,3.8,712,2760.0,9.025455532779063,59.8,0,0,0,0,0,0,1,0,0,0,0
1,0.1513,173.65,11.00209984,2.74,667,1126.958333,6.3835066348840055,84.4,3,0,0,0,0,0,0,0,0,1,0
1,0.08,188.02,11.22524339,16.08,772,4888.958333,10.302196556147285,23.2,1,0,0,0,1,0,0,0,0,0,0
1,0.0863,474.42,10.81977828,2.59,797,11951.0,8.640648995343156,27.6,0,0,0,0,1,0,0,0,0,0,0
1,0.1355,339.6,11.51292546,7.94,662,1939.958333,9.960009652860453,57.7,0,0,0,0,0,1,0,0,0,0,0
1,0.0788,484.85,11.73606902,7.05,782,5640.041667,9.736960601640813,34.6,1,0,0,0,0,1,0,0,0,0,0
1,0.1229,320.19,11.26446411,8.8,672,3760.958333,8.481151420068972,58.1,0,0,1,0,0,0,1,0,0,0,0
1,0.0901,159.03,12.4292162,10.0,712,1553.958333,9.571853592555165,36.6,0,2,0,0,1,0,0,0,0,0,0
1,0.0743,155.38,11.08214255,0.28,802,4649.958333,7.3632795869630385,5.7,1,0,0,0,1,0,0,0,0,0,0
1,0.1375,255.43,9.998797732,14.29,662,1318.958333,8.337109129562474,51.5,0,1,0,0,0,0,1,0,0,0,0
1,0.0743,155.38,12.20607265,0.28,772,4516.958333,8.059908334578276,13.7,0,0,0,0,1,0,0,0,0,0,0
1,0.0743,155.38,12.20607265,3.72,812,6778.958333,11.357534015706838,0.7,0,0,0,0,1,0,0,0,0,0,0
1,0.0807,156.84,11.51292546,2.3,742,3148.958333,9.179778066393542,19.4,0,0,0,0,0,0,1,0,0,0,0
1,0.1028,275.38,9.798127037,6.4,692,7469.958333,9.087946723762116,26.9,1,1,0,0,0,1,0,0,0,0,0
1,0.0743,155.38,11.91839057,0.0,777,7128.958333,8.708474489581665,19.5,0,0,0,0,0,0,0,0,1,0,0
1,0.0807,78.42,11.60823564,11.33,762,6059.958333,8.892199092039693,13.1,0,0,0,0,0,0,0,0,1,0,0
1,0.087,158.3,11.22524339,15.55,757,4770.0,11.097925039878724,23.0,0,0,0,0,0,1,0,0,0,0,0
1,0.0743,155.38,11.46163217,3.83,772,2535.0,8.205491613120236,6.8,0,0,0,0,1,0,0,0,0,0,0
1,0.0743,155.38,11.35040654,0.31,787,3540.0,5.37989735354046,0.6,0,0,0,0,0,1,0,0,0,0,0
1,0.1122,164.23,11.28978191,1.21,672,3990.0,10.210457413895194,16.1,3,0,1,0,0,1,0,0,0,0,0
1,0.0996,161.25,10.77895629,8.03,707,4320.0,10.251676592824563,48.6,1,0,0,0,0,0,1,0,0,0,0
1,0.0933,159.77,12.10071213,11.93,717,4498.958333,11.01153849001536,39.2,1,0,0,0,0,0,0,0,1,0,0
1,0.0807,156.84,12.10071213,5.55,742,4019.0,10.61974072181055,26.3,0,0,0,0,0,0,0,0,1,0,0
1,0.0743,155.38,11.69524702,2.29,777,3540.0,9.033603193476129,16.9,0,0,0,0,0,0,1,0,0,0,0
1,0.087,94.98,10.1266311,14.54,752,2460.0,8.205491613120236,7.8,1,0,0,0,0,0,0,0,0,0,1
1,0.1028,97.2,12.20607265,0.0,677,3779.958333,0.0,0.0,0,1,0,0,0,0,0,0,1,0,0
1,0.1122,164.23,10.30895266,18.64,702,5190.0,9.670356794688852,47.1,0,0,0,0,0,1,0,0,0,0,0
1,0.0838,167.02,11.21182037,14.37,797,5610.958333,8.83127373772255,14.4,0,0,0,0,0,1,0,0,0,0,0
1,0.0775,168.6,8.987196821,3.0,762,6659.958333,7.186901020411631,16.5,0,0,0,0,0,0,0,1,0,0,0
1,0.0838,160.72,10.37349118,14.78,772,4379.0,8.463370384718731,23.9,0,0,0,0,1,0,0,0,0,0,0
1,0.0901,159.03,11.19821472,9.96,722,3089.958333,10.064330077652958,37.6,0,0,0,0,0,1,0,0,0,0,0
1,0.0743,178.69,11.73606902,0.27,792,7488.958333,7.943782692458625,10.2,0,0,0,0,0,0,1,0,0,0,0
1,0.0743,155.38,10.71441777,1.12,782,5807.0,7.486613313139955,0.0,1,0,0,0,0,1,0,0,0,0,0
1,0.1028,323.98,10.217422,10.7,712,1379.0,8.170468578330674,54.4,0,0,0,0,0,0,0,0,0,0,1
1,0.1059,813.65,10.77895629,4.05,762,2729.958333,7.792761720816526,23.3,0,0,0,0,0,0,0,0,0,0,1
1,0.0996,112.87,9.510444964,16.44,712,1649.958333,7.9603236291488395,41.1,1,0,0,0,0,0,0,1,0,0,0
1,0.1596,94.88,10.86283777,12.57,627,1409.0,8.031385330625534,92.3,1,0,0,0,0,0,1,0,0,0,0
1,0.1059,398.69,11.00209984,17.12,747,14008.95833,9.753536375772624,8.1,2,1,0,0,0,0,0,0,0,0,1
1,0.1154,39.6,9.903487553,2.04,662,1139.0,7.050989447068045,75.8,2,0,0,0,0,1,0,0,0,0,0
1,0.1343,678.08,11.88448902,10.15,682,4209.958333,10.637656707618994,74.1,0,0,0,1,0,1,0,0,0,0,0
1,0.1249,401.37,11.22524339,15.0,682,4479.0,10.669885194835667,93.4,3,0,0,0,0,1,0,0,0,0,0
1,0.0964,205.45,11.00209984,7.72,712,2293.958333,8.12058871174027,69.3,0,0,0,0,1,0,0,0,0,0,0
1,0.1186,397.75,11.08214255,7.14,682,8730.0,9.381685238056505,71.9,0,2,0,0,0,0,1,0,0,0,0
1,0.0743,155.38,10.59663473,2.55,772,8189.958333,7.848933726364071,14.0,2,0,0,0,1,0,0,0,0,0,0
1,0.1028,113.39,9.903487553,1.5,682,1410.0,7.5406215286571525,32.4,0,0,0,0,1,0,0,0,0,0,0
1,0.1186,99.44,10.49551521,7.47,667,2550.0,6.970730078143525,70.9,2,0,1,0,0,0,1,0,0,0,0
1,0.0807,109.79,11.49272276,8.52,752,4979.958333,8.769196271411001,6.0,0,1,0,0,0,1,0,0,0,0,0
1,0.1059,32.55,10.43382164,14.47,687,1110.0,8.408716715080153,36.9,1,0,0,1,1,0,0,0,0,0,0
1,0.0996,112.87,11.26446411,11.06,702,4979.958333,9.69959500581403,20.5,0,1,0,0,1,0,0,0,0,0,0
1,0.0964,160.51,11.77528973,8.55,712,5940.0,9.950848123895966,40.2,0,0,0,0,0,0,1,0,0,0,0
1,0.1375,340.57,10.46310334,17.38,707,2699.958333,10.008477999727065,65.9,0,0,0,0,0,0,1,0,0,0,0
1,0.0775,156.11,12.32385568,6.48,752,5339.958333,7.6783263565068856,2.3,1,0,0,0,0,0,0,0,1,0,0
1,0.0743,155.38,11.15625052,4.56,812,9809.0,6.70196036600254,1.0,0,0,0,0,0,1,0,0,0,0,0
1,0.0807,235.25,11.91839057,2.72,757,5202.0,10.072343858376511,24.4,4,0,0,0,0,0,0,0,1,0,0
1,0.0996,257.99,10.77895629,15.13,722,2640.0,9.331672657143708,47.8,3,0,0,0,0,0,1,0,0,0,0
1,0.1501,225.37,12.26904744,6.45,677,6240.0,10.94043718081213,75.3,0,0,0,1,0,0,0,0,0,0,1
1,0.0964,80.26,11.22524339,20.0,772,4920.958333,5.598421958998375,3.8,3,0,0,1,0,0,0,0,1,0,0
1,0.128,84.0,10.37349118,20.0,682,5492.0,8.134174272137903,35.1,1,0,0,1,0,0,0,0,1,0,0
1,0.1122,507.46,10.59663473,13.5,712,5368.958333,8.781708985836179,34.3,3,0,1,1,0,0,1,0,0,0,0
1,0.0743,124.31,10.59663473,3.45,772,1739.958333,5.802118375377063,11.0,0,0,0,0,0,0,0,1,0,0,0
1,0.087,63.32,11.15625052,6.07,712,2550.0,8.694167141883597,19.8,1,0,0,0,0,1,0,0,0,0,0
1,0.1091,130.79,9.798127037,18.0,707,2192.0,8.618666160346871,79.6,1,0,0,0,1,0,0,0,0,0,0
1,0.0775,93.67,11.73606902,2.14,762,8370.0,9.954703343920398,1.0,0,0,0,0,0,0,0,0,1,0,0
1,0.0775,93.67,10.81977828,5.35,762,8370.0,9.954703343920398,0.7,0,0,0,0,1,0,0,0,0,0,0
1,0.087,88.65,11.69524702,15.0,742,3026.0,9.006509131694346,14.9,1,0,0,0,1,0,0,0,0,0,0
1,0.0964,128.41,11.51292546,15.0,722,3026.0,9.006509131694346,14.9,1,0,0,0,1,0,0,0,0,0,0
1,0.087,94.98,11.03488966,12.23,737,2729.958333,8.210396255104774,30.7,0,0,0,0,0,0,0,0,1,0,0
1,0.1217,179.8,10.46310334,7.1,662,2944.0,7.621195162809845,36.2,2,0,0,0,0,0,1,0,0,0,0
1,0.1533,444.05,11.00209984,19.52,667,2700.958333,10.406532988983157,68.8,2,0,0,0,0,1,0,0,0,0,0
1,0.0775,124.89,11.03165864,3.46,747,2519.0,7.5595594960077,17.1,0,0,0,0,1,0,0,0,0,0,0
1,0.1533,644.3,11.40756495,5.24,662,1770.0,10.015922981865916,62.2,0,0,0,0,0,1,0,0,0,0,0
1,0.0964,642.02,11.47210347,2.86,737,2190.0,9.239607869656751,42.5,0,0,0,1,0,0,0,0,0,0,1
1,0.1154,104.76,9.61580548,12.24,672,1289.958333,7.961370201719511,55.1,3,0,0,1,0,0,0,0,0,0,1
1,0.1122,157.66,10.30895266,12.36,682,1770.0,9.418248450647615,86.1,0,0,0,0,0,0,1,0,0,0,0
1,0.087,383.87,11.91839057,4.8,767,13349.95833,11.033630807483584,39.1,0,0,0,0,0,0,1,0,0,0,0
1,0.1122,217.6,11.38509209,18.0,702,3725.0,9.72549660510262,26.1,2,0,0,0,0,1,0,0,0,0,0
1,0.0807,297.99,11.05089001,3.49,792,5939.0,10.606213707876396,9.2,1,0,0,0,1,0,0,0,0,0,0
1,0.0775,156.11,10.71441777,5.0,762,2131.0,7.215239978730097,5.6,2,0,0,0,0,0,1,0,0,0,0
1,0.1154,329.95,12.32385568,20.0,727,10292.0,11.585264731027953,44.8,2,0,0,0,0,0,1,0,0,0,0
1,0.0807,313.67,12.06104687,0.72,787,8010.0,8.024534871605695,5.6,3,0,0,0,1,0,0,0,0,0,0
1,0.0807,297.99,11.40756495,2.44,792,8717.958333,10.606213707876396,9.6,0,0,0,0,1,0,0,0,0,0,0
1,0.0933,239.65,11.44035477,9.66,792,4529.0,11.759793355371237,0.0,3,0,0,0,0,0,0,0,1,0,0
1,0.0712,61.87,11.6784399,0.43,772,5936.0,8.457443187010464,18.5,0,0,0,0,0,0,1,0,0,0,0
1,0.1186,94.47,10.71441777,2.8,667,5460.0,7.955425088912672,75.0,0,1,0,0,1,0,0,0,0,0,0
1,0.1501,73.68,11.47210347,16.89,702,4080.0,3.9512437185814275,0.0,0,0,0,1,0,0,0,0,0,0,1
1,0.0807,313.67,11.91839057,5.84,792,5364.958333,10.522799800586712,3.7,0,0,0,0,0,0,0,0,1,0,0
1,0.0933,543.2,11.22524339,9.55,762,5699.958333,8.253227645581772,16.6,1,0,0,0,0,0,1,0,0,0,0
1,0.0807,313.67,11.35040654,3.11,797,5363.958333,10.522799800586712,3.7,0,0,0,0,0,0,0,0,1,0,0
1,0.1217,266.37,11.15625052,10.2,672,3598.958333,10.176715668017758,39.5,0,1,0,1,0,1,0,0,0,0,0
1,0.1028,210.6,10.71441777,5.87,692,1741.958333,8.631949428714426,42.2,0,0,0,0,0,0,1,0,0,0,0
1,0.1249,234.15,10.04324949,5.01,662,1110.0,6.967909201801884,81.9,3,0,0,0,1,0,0,0,0,0,0
1,0.1028,323.99,11.69524702,14.4,722,4679.958333,10.946252332458506,77.5,1,0,0,0,0,0,1,0,0,0,0
1,0.1059,235.96,10.95080655,7.22,712,5519.0,10.611498714744615,77.3,1,0,0,0,0,1,0,0,0,0,0
1,0.1438,352.22,11.1844214,17.83,687,1289.958333,8.246958032568177,6.5,1,0,0,0,0,0,1,0,0,0,0
1,0.0743,117.31,11.69524702,0.0,772,3929.958333,0.0,0.0,1,0,0,0,1,0,0,0,0,0,0
1,0.0712,64.96,11.60823564,0.22,812,16213.0,3.9318256327243257,0.3,0,0,0,0,0,0,1,0,0,0,0
1,0.1565,699.69,11.42954386,1.53,667,3603.958333,8.42726848388825,56.4,1,0,0,0,0,0,0,0,0,0,1
1,0.1059,195.27,9.852194258,8.15,692,3089.958333,9.05122740031911,86.1,0,0,0,0,0,0,0,1,0,0,0
1,0.1122,295.59,10.3859137,22.15,747,2788.958333,9.571226436686379,45.8,0,0,0,0,0,1,0,0,0,0,0
1,0.1122,217.59,10.81977828,18.38,707,3359.0,4.736198448394496,2.4,1,0,0,0,0,0,0,0,0,0,1
1,0.1375,263.09,11.03811028,9.8,677,3089.958333,9.411810747608898,81.0,3,0,0,1,0,0,1,0,0,0,0
1,0.1467,248.43,10.95080655,20.76,667,3750.0,9.514363204016016,69.1,0,1,0,0,0,0,1,0,0,0,0
1,0.1028,194.4,11.37710574,10.6,692,2489.958333,9.729967151695242,63.9,0,0,0,0,0,1,0,0,0,0,0
1,0.1249,301.04,10.57131693,5.08,667,3690.0,10.17481155837509,62.9,3,0,1,1,0,0,1,0,0,0,0
1,0.0743,163.92,11.35040654,2.64,782,9210.0,8.658866349732383,16.0,0,0,0,0,1,0,0,0,0,0,0
1,0.1028,150.66,10.727663,3.26,687,6509.958333,4.663439094112067,35.0,1,1,0,1,1,0,0,0,0,0,0
1,0.1122,217.59,10.9525594,13.77,682,2160.0,9.349319399257634,95.7,0,0,0,0,0,0,1,0,0,0,0
1,0.1312,85.23,10.59663473,20.67,692,5250.0,9.778037701818713,30.5,3,1,0,0,0,0,0,0,1,0,0
1,0.1122,328.43,10.30895266,20.4,742,3270.0,0.0,0.0,3,0,0,0,1,0,0,0,0,0,0
1,0.0807,165.47,10.91508846,12.0,797,8790.0,9.427948631791715,19.2,1,0,0,0,1,0,0,0,0,0,0
1,0.1091,140.6,10.49127422,9.87,707,1560.0,9.419303859716559,44.0,0,0,0,0,0,0,1,0,0,0,0
1,0.1028,98.01,11.40756495,9.13,697,3300.0,10.561655014200047,97.8,0,0,0,0,1,0,0,0,0,0,0
1,0.1217,166.48,9.210340372,0.0,662,2250.0,6.775366090936392,54.7,2,1,0,1,0,0,0,0,0,0,1
1,0.1249,284.32,11.35040654,6.38,667,7229.958333,7.087573705557973,12.0,3,4,0,0,0,0,0,0,0,0,1
1,0.1438,194.15,13.08154138,2.4,697,2759.958333,10.189756126469401,60.4,3,1,0,0,0,0,0,0,0,0,1
1,0.1028,138.51,10.34174248,24.81,767,5789.958333,8.817742129574842,24.6,2,0,0,0,1,0,0,0,0,0,0
1,0.1249,70.25,9.433483923,14.4,662,1469.0,6.129050210060545,91.6,1,0,0,1,0,0,1,0,0,0,0
1,0.0838,252.1,11.56171563,9.71,752,3508.958333,9.728360056322414,44.7,0,0,0,0,0,1,0,0,0,0,0
1,0.0901,263.19,11.69524702,12.16,742,9719.958333,8.900685318713995,29.9,0,0,0,0,1,0,0,0,0,0,0
1,0.0933,104.65,11.03488966,3.83,702,3690.0,8.866440619526173,41.9,1,0,0,0,1,0,0,0,0,0,0
1,0.0807,172.53,10.89673933,6.29,742,5100.0,9.819507938740854,68.9,0,0,0,0,0,0,1,0,0,0,0
1,0.0996,38.7,10.37349118,1.13,677,1920.0,6.419994928147142,76.6,2,0,0,0,0,1,0,0,0,0,0
1,0.1249,100.35,10.2791805,12.77,662,1110.0,6.340359303727752,51.5,3,1,0,1,0,0,0,1,0,0,0
1,0.128,335.98,10.50232405,18.92,682,2219.0,9.123365357961776,50.4,1,0,0,0,0,0,1,0,0,0,0
1,0.1091,163.49,10.57131693,11.78,707,4889.0,8.595449689382004,33.4,0,0,1,1,1,0,0,0,0,0,0
1,0.0996,32.25,10.46310334,5.83,687,2158.958333,7.080867896690782,3.0,2,0,0,1,1,0,0,0,0,0,0
1,0.0996,96.75,9.798127037,15.4,707,11248.95833,9.392995206560258,40.4,1,0,0,0,0,0,0,1,0,0,0
1,0.1059,72.42,11.00209984,8.14,707,4800.0,9.928765359720396,62.0,1,0,0,1,1,0,0,0,0,0,0
1,0.0964,90.68,11.15625052,18.0,732,3691.0,10.928112374609942,10.0,2,0,0,0,0,0,0,0,0,0,1
1,0.0807,259.58,10.79957558,9.89,772,9870.0,8.954802752850968,17.1,0,0,0,0,1,0,0,0,0,0,0
1,0.0964,169.32,11.15625052,17.57,737,5429.958333,10.854411568304634,38.0,1,0,0,0,1,0,0,0,0,0,0
1,0.1154,205.4,10.71441777,17.76,717,1500.0,6.363028103540465,23.2,0,0,0,0,0,1,0,0,0,0,0
1,0.1312,162.01,11.35040654,16.87,707,9059.958333,10.456711527718735,54.3,0,0,0,1,0,0,1,0,0,0,0
1,0.1028,226.8,10.92233487,10.05,692,1890.0,8.99317889233952,33.8,0,0,0,0,0,0,1,0,0,0,0
1,0.1059,162.73,9.61580548,24.4,737,3209.958333,0.0,0.0,3,0,0,0,1,0,0,0,0,0,0
1,0.1154,158.38,10.1266311,18.19,672,2586.0,6.016157159698354,81.8,0,1,0,0,0,0,1,0,0,0,0
1,0.0901,795.11,10.95080655,8.93,822,9696.958333,5.225746673713202,0.5,0,0,0,0,0,0,0,0,0,0,1
1,0.0996,158.83,11.33857208,4.84,727,6330.0,10.784192556685275,50.1,2,0,0,0,0,0,1,0,0,0,0
1,0.1028,97.2,10.54534144,19.93,687,2580.0,6.650279048587422,96.5,0,0,0,0,1,0,0,0,0,0,0
1,0.1154,263.97,10.81977828,8.04,672,3089.0,6.927557906278317,4.5,1,1,0,0,0,0,1,0,0,0,0
1,0.1091,404.62,10.75177778,16.39,692,5640.0,9.027978814382207,39.9,2,0,0,0,0,0,0,0,0,0,1
1,0.0775,307.53,11.15625052,9.09,797,6089.958333,7.490529402060711,4.5,1,0,0,0,1,0,0,0,0,0,0
1,0.128,839.95,11.22524339,24.85,722,6330.0,11.046754481744669,74.7,3,0,0,1,0,0,1,0,0,0,0
1,0.1059,269.31,11.59910316,24.01,767,4665.958333,10.305680646773872,71.2,2,0,0,1,1,0,0,0,0,0,0
1,0.1186,265.18,10.858999,11.31,667,1560.0,8.677269139262872,74.3,1,0,0,0,0,0,1,0,0,0,0
1,0.0964,802.47,11.26446411,0.8,732,2129.958333,9.269175157697076,22.1,1,0,0,0,0,0,0,0,1,0,0
1,0.1091,505.16,11.69524702,16.97,697,9659.0,10.95425672844002,44.5,3,0,0,1,0,0,1,0,0,0,0
1,0.0901,318.05,12.52452638,2.97,712,4919.0,6.1779441140506,80.2,2,0,0,1,0,0,0,0,1,0,0
1,0.0838,315.12,10.30895266,4.2,737,1560.0,7.733245646529795,19.0,1,0,0,0,0,0,0,1,0,0,0
1,0.1091,130.79,9.574983486,8.92,672,1140.0,8.192847134592865,61.3,1,0,0,0,1,0,0,0,0,0,0
1,0.1059,227.82,11.05879518,8.5,682,6839.958333,9.611194867526663,79.0,1,0,1,0,0,0,1,0,0,0,0
1,0.0996,643.36,11.66134547,13.07,727,10529.95833,10.433821642690162,82.9,0,0,0,0,0,1,0,0,0,0,0
1,0.147,51.78,10.1266311,3.84,632,1530.0,7.122059881629142,61.9,1,1,0,0,1,0,0,0,0,0,0
1,0.0901,572.48,10.62132735,15.37,747,7500.0,8.465268118551318,18.5,2,0,0,0,0,0,0,1,0,0,0
1,0.0775,149.87,9.952277717,6.34,752,3029.0,8.152198015861787,25.5,0,0,0,0,1,0,0,0,0,0,0
1,0.0996,96.75,11.03488966,11.98,682,1799.0,9.444700778495557,83.2,0,0,0,0,1,0,0,0,0,0,0
1,0.0712,92.8,11.44035477,0.0,812,8250.0,5.910796644040527,1.2,0,0,0,0,0,0,0,0,1,0,0
1,0.1091,192.09,11.09741002,19.82,677,4290.0,10.328689926327325,89.5,1,1,0,0,0,1,0,0,0,0,0
1,0.1154,593.92,10.20359214,10.8,682,5050.0,9.052282067317908,75.5,0,0,0,0,1,0,0,0,0,0,0
1,0.1091,392.36,10.46310334,15.74,692,1500.041667,9.658226195968298,54.5,2,0,0,0,0,0,1,0,0,0,0
1,0.0775,156.11,10.858999,9.55,767,12960.04167,8.31090675716845,7.3,0,0,0,0,0,0,0,1,0,0,0
1,0.1028,155.52,10.46310334,7.51,687,2795.0,8.671972245203792,68.7,0,0,1,0,0,0,1,0,0,0,0
1,0.1028,485.99,11.38509209,11.95,702,5070.0,10.111151917001878,94.7,0,0,0,0,0,1,0,0,0,0,0
1,0.1028,116.64,10.30895266,7.88,687,5130.041667,8.936035096566041,71.7,0,0,1,0,1,0,0,0,0,0,0
1,0.1122,223.34,10.83958091,18.68,682,1889.041667,9.158625936289503,87.9,2,0,0,1,0,0,1,0,0,0,0
1,0.0775,149.87,9.903487553,10.26,757,6330.041667,8.501470230951002,30.4,0,0,0,0,0,1,0,0,0,0,0
1,0.1154,211.17,11.46163217,1.83,667,3421.041667,9.32375833901174,23.2,1,0,0,0,0,0,0,1,0,0,0
1,0.0743,186.45,11.13730067,6.11,777,7440.041667,7.801800401908973,5.6,3,0,0,0,0,0,1,0,0,0,0
1,0.0933,790.86,11.00209984,0.82,767,2100.0,6.821107472256465,6.8,0,0,0,0,0,0,1,0,0,0,0
1,0.0901,795.11,13.33100224,3.83,782,3660.0,11.910559993963204,6.6,5,0,0,1,0,0,0,0,0,0,1
1,0.087,126.65,10.69194491,18.71,747,3630.0,8.07402621612406,12.6,0,0,0,0,0,1,0,0,0,0,0
1,0.1091,294.27,11.28978191,17.17,677,3840.041667,8.932080438103307,82.3,0,0,0,0,0,1,0,0,0,0,0
1,0.1091,404.62,11.28978191,9.23,687,2519.0,9.482426456803408,96.5,0,0,1,0,0,0,1,0,0,0,0
1,0.1186,397.77,11.91839057,20.48,687,4452.041667,11.107285341547778,51.6,1,0,0,0,0,0,1,0,0,0,0
1,0.0743,178.68,11.46163217,1.2,812,16259.04167,3.9318256327243257,0.3,0,0,0,0,0,0,1,0,0,0,0
1,0.1028,29.16,9.392661929,16.7,687,2069.0,8.034306936339489,65.6,3,0,0,1,0,0,0,1,0,0,0
1,0.0996,417.62,11.42954386,6.48,712,5610.041667,7.8628820346414905,23.8,1,0,0,0,0,0,0,0,0,0,1
1,0.1059,130.18,11.03488966,17.81,682,6330.041667,9.807472124102441,68.5,2,0,0,0,0,1,0,0,0,0,0
1,0.1122,98.53,10.40134951,22.79,682,9389.0,10.094892728063126,85.3,2,0,0,0,1,0,0,0,0,0,0
1,0.0807,15.69,9.798127037,4.27,722,1470.0,0.0,0.0,0,0,0,0,1,0,0,0,0,0,0
1,0.1091,523.14,12.20607265,10.7,697,7320.0,11.18863473165106,73.7,1,0,0,0,0,1,0,0,0,0,0
1,0.087,557.23,11.9381932,0.12,757,1128.041667,6.940222469119639,5.0,0,0,0,0,1,0,0,0,0,0,0
1,0.1122,315.3,10.65725935,14.6,677,3630.0,4.897839799950911,4.2,1,0,0,0,1,0,0,0,0,0,0
1,0.1154,527.93,10.70099475,12.16,682,2130.0,10.43482143693347,57.7,1,2,0,1,0,0,1,0,0,0,0
1,0.0743,93.23,11.1844214,11.18,757,4500.041667,9.427948631791715,29.6,5,0,0,0,0,0,0,0,0,1,0
1,0.0775,202.94,10.77895629,13.53,787,10260.04167,9.282009658666542,8.9,3,0,0,0,0,0,1,0,0,0,0
1,0.1186,165.74,10.59663473,7.02,667,2789.041667,7.6953031349635665,75.8,0,2,0,1,0,0,1,0,0,0,0
1,0.1028,158.76,10.69194491,15.3,692,4410.0,4.48863636973214,23.8,1,3,0,1,1,0,0,0,0,0,0
1,0.1028,485.99,10.81977828,11.88,702,7020.041667,9.537339306804913,33.7,0,0,0,0,0,0,1,0,0,0,0
1,0.0996,322.49,11.19134184,10.28,702,4920.041667,8.279950715722526,98.6,3,0,0,1,1,0,0,0,0,0,0
1,0.087,189.97,10.08580911,19.45,757,3870.041667,8.595264726836392,40.0,2,0,0,0,0,0,1,0,0,0,0
1,0.1217,376.24,10.42228135,23.96,712,3030.041667,9.401208634738603,49.0,1,0,0,0,0,0,1,0,0,0,0
1,0.1217,599.33,11.61045137,18.3,682,4379.0,9.802395690974855,81.4,1,0,0,0,0,0,1,0,0,0,0
1,0.1217,132.35,10.20359214,23.2,702,5279.041667,8.412943170042439,39.2,1,0,0,1,0,0,1,0,0,0,0
1,0.1186,828.69,10.858999,9.74,712,4859.041667,10.16018192736142,60.5,0,0,0,0,0,0,0,0,0,0,1
1,0.1091,604.88,10.858999,17.56,707,8061.0,10.387116681613646,43.0,0,1,0,0,0,1,0,0,0,0,0
1,0.087,538.23,10.93131966,11.51,747,6240.041667,9.922358373286379,48.1,2,0,0,0,0,0,1,0,0,0,0
1,0.0933,172.55,10.6454249,16.09,707,2220.0,10.546787760701491,61.2,0,0,0,0,0,1,0,0,0,0,0
1,0.1091,604.88,10.49127422,4.67,697,1410.0,3.258096538021482,0.2,2,0,0,0,0,0,0,0,0,0,1
1,0.0996,290.24,10.54534144,3.38,697,1782.0,8.10349427838097,55.1,2,0,0,0,1,0,0,0,0,0,0
1,0.1186,530.36,11.36674295,15.1,682,3900.0,5.855071922202427,4.8,0,0,0,1,0,0,0,0,0,1,0
1,0.087,158.31,10.08580911,6.15,722,1350.0,8.011686729127847,25.3,0,0,0,0,1,0,0,0,0,0,0
1,0.1059,390.54,10.30895266,19.84,702,2042.041667,8.900685318713995,71.9,1,0,0,0,0,0,1,0,0,0,0
1,0.1249,301.04,10.858999,4.98,662,6630.041667,9.064736398117391,72.6,1,0,0,0,0,1,0,0,0,0,0
1,0.1154,659.91,11.47210347,17.81,707,3629.0,4.543294782270004,0.0,2,0,0,1,0,0,0,0,0,0,1
1,0.0743,217.52,10.66895539,1.65,777,2879.0,7.900636613018005,9.5,0,0,0,0,0,0,0,0,0,0,1
1,0.1028,388.79,11.48246626,5.58,697,4800.041667,9.852720435482475,30.0,0,0,0,0,0,0,0,0,1,0,0
1,0.087,158.31,10.77895629,0.38,717,12930.04167,6.212606095751519,7.3,2,1,0,0,0,0,0,0,0,1,0
1,0.1217,319.64,11.00209984,19.28,672,4740.0,9.245610986058102,91.7,2,0,1,1,0,0,1,0,0,0,0
1,0.1028,103.68,11.22524339,9.7,682,12780.0,7.652545692693921,45.3,0,3,0,0,0,1,0,0,0,0,0
1,0.0964,154.08,11.00209984,12.94,697,2969.041667,7.945555428253489,9.9,3,0,0,0,0,0,0,0,1,0,0
1,0.1059,650.9,11.58988651,11.96,707,5070.0,9.952515783603483,97.7,0,0,0,0,0,0,1,0,0,0,0
1,0.1375,81.74,10.75790288,24.08,667,2820.0,9.365290731974005,75.8,1,0,0,0,1,0,0,0,0,0,0
1,0.0901,238.54,9.875088078,10.37,712,1230.041667,8.277411998949004,43.7,0,0,0,0,1,0,0,0,0,0,0
1,0.128,335.98,10.98189713,7.51,662,4109.041667,8.889032571874742,80.6,3,0,2,0,0,0,1,0,0,0,0
1,0.1217,93.23,10.71441777,19.19,692,4440.041667,4.48863636973214,44.0,1,3,0,1,1,0,0,0,0,0,0
1,0.0933,95.87,10.50780352,2.69,697,4680.0,7.30854279753919,33.2,2,0,0,0,1,0,0,0,0,0,0
1,0.0996,95.94,10.1266311,14.16,692,1918.041667,8.870943863837724,33.7,0,0,0,0,0,0,1,0,0,0,0
1,0.128,554.37,11.03488966,19.22,677,3060.041667,9.778037701818713,69.5,2,0,0,0,0,0,1,0,0,0,0
1,0.1438,859.07,11.28978191,20.79,682,3059.041667,10.340031342881556,61.5,3,0,0,1,0,0,0,0,0,0,1
1,0.0838,472.68,11.2515607,7.96,772,5909.041667,0.0,0.0,0,0,0,0,0,0,0,0,0,1,0
1,0.1091,586.9,11.22524339,10.34,697,2669.041667,10.060149362549504,90.7,1,0,0,0,0,1,0,0,0,0,0
1,0.0964,224.69,9.878169745,21.23,772,5881.0,9.700452954144632,48.0,0,0,0,0,0,0,0,0,0,1,0
1,0.128,483.81,10.49460201,8.47,662,2670.041667,8.868554040531201,93.5,2,0,0,1,0,0,1,0,0,0,0
1,0.1217,399.55,10.08580911,14.5,672,1950.041667,9.134970064951407,43.9,0,0,0,0,0,0,1,0,0,0,0
1,0.1186,232.04,10.82774645,17.02,672,4380.0,8.81269461292015,94.6,3,0,0,0,0,0,1,0,0,0,0
1,0.0964,802.47,11.22524339,17.06,767,5691.041667,9.394160804893874,12.1,4,0,0,1,0,0,0,0,0,0,1
1,0.1091,304.9,11.16368368,18.96,692,5430.0,8.656955133791396,43.2,1,1,0,0,0,0,1,0,0,0,0
1,0.1249,836.23,11.27545477,7.99,692,4739.0,8.784315349902657,21.8,0,1,0,0,0,0,0,0,0,0,1
1,0.0775,124.89,10.08580911,6.0,752,2729.041667,7.888709524182015,12.1,0,0,0,0,1,0,0,0,0,0,0
1,0.1028,113.4,10.77895629,17.65,687,2070.0,8.232706009860976,55.4,2,0,0,0,1,0,0,0,0,0,0
1,0.1407,842.47,11.69524702,12.81,677,5340.041667,10.42522344230968,91.3,0,0,0,0,0,1,0,0,0,0,0
1,0.1091,817.41,11.19821472,22.13,737,9900.0,8.152774052744075,4.5,1,0,0,1,0,0,1,0,0,0,0
1,0.1596,421.65,10.46287474,20.82,667,6750.041667,9.584314812992977,48.9,3,1,0,0,0,0,1,0,0,0,0
1,0.0933,575.17,11.00209984,9.96,732,2732.041667,8.810459642161918,47.5,1,0,0,0,0,0,0,1,0,0,0
1,0.1312,405.03,11.56171563,18.25,667,4358.0,8.676246121270838,53.8,2,0,0,0,1,0,0,0,0,0,0
1,0.128,167.99,10.14564911,18.65,662,1380.0,8.529516941105069,72.3,0,1,0,0,0,0,1,0,0,0,0
1,0.0996,677.22,10.89857098,3.77,722,6149.0,9.734417801417921,39.5,0,0,0,0,0,0,1,0,0,0,0
1,0.1154,131.99,10.83863929,9.14,667,3990.0,6.139884552226255,92.6,0,0,0,0,1,0,0,0,0,0,0
1,0.0933,281.2,10.1266311,0.0,712,3360.041667,0.0,0.0,0,1,0,0,0,0,1,0,0,0,0
1,0.0964,802.47,10.77895629,9.78,742,2550.0,9.022081222515475,12.7,4,0,0,0,0,0,1,0,0,0,0
1,0.1091,505.16,11.61728548,10.86,687,3420.041667,10.74776657509999,93.6,0,0,0,0,0,1,0,0,0,0,0
1,0.0743,180.23,10.62861778,2.32,772,2610.041667,7.8826922062890254,6.6,0,0,0,0,0,0,0,0,1,0,0
1,0.0933,798.84,11.51292546,1.57,762,6359.041667,2.8903717578961645,0.1,5,0,0,1,0,0,0,0,0,0,1
1,0.0933,319.54,10.50506754,19.46,727,4470.041667,6.71901315438526,6.6,2,0,0,1,1,0,0,0,0,0,0
1,0.0964,32.1,8.517193191,18.0,702,1200.041667,6.8690144506657065,26.0,2,0,0,0,0,0,1,0,0,0,0
1,0.0964,192.6,9.798127037,2.87,697,1199.041667,7.349230824613334,29.3,1,0,0,0,0,0,1,0,0,0,0
1,0.1407,764.64,11.81303006,3.66,672,5790.0,9.283033057369623,52.3,2,3,0,1,0,0,0,0,1,0,0
1,0.0712,30.94,11.69524702,0.65,792,3810.041667,7.708859601047175,3.8,1,0,0,0,1,0,0,0,0,0,0
1,0.0901,381.66,11.51961693,6.64,722,10290.04167,8.936824154997302,18.6,0,0,1,0,0,1,0,0,0,0,0
1,0.1249,301.04,11.00209984,4.64,662,2222.0,9.030735122676456,34.4,0,2,0,1,0,0,1,0,0,0,0
1,0.1438,687.25,11.32659589,16.05,667,2190.0,10.21442217679806,86.6,0,0,0,0,0,1,0,0,0,0,0
1,0.0964,320.99,11.1124479,3.6,712,2850.0,9.22601685136119,26.2,0,1,0,0,0,0,1,0,0,0,0
1,0.147,862.97,11.3736634,5.79,677,4739.0,8.345217926676428,75.2,2,0,0,1,0,0,0,0,0,0,1
1,0.0807,250.95,10.89673933,10.44,767,3449.041667,0.0,0.0,1,0,0,0,0,1,0,0,0,0,0
1,0.0743,87.01,10.28793329,3.96,767,3930.0,7.480992162869525,5.0,1,0,0,0,1,0,0,0,0,0,0
1,0.0775,62.45,10.08580911,2.4,742,2290.041667,6.856461984594587,55.8,1,0,0,1,1,0,0,0,0,0,0
1,0.1375,851.41,11.22524339,19.78,687,2399.041667,9.418085981110297,43.6,2,0,0,1,0,0,0,0,1,0,0
1,0.1059,244.09,10.59600954,12.1,687,4019.0,8.976514972315112,30.8,3,2,0,0,0,1,0,0,0,0,0
1,0.1438,687.25,10.65725935,15.7,672,3690.0,9.121618441915379,96.3,0,0,0,0,0,0,1,0,0,0,0
1,0.1122,656.86,10.55986701,14.04,702,1800.0,9.988655564906006,53.7,3,0,0,0,0,0,1,0,0,0,0
1,0.128,537.57,11.48440253,12.43,667,2580.0,8.362175469149628,63.0,3,0,0,0,1,0,0,0,0,0,0
1,0.0964,320.99,10.12502982,8.17,712,3300.0,8.406485069431817,63.0,0,0,0,0,0,0,1,0,0,0,0
1,0.0996,386.99,11.51292546,8.17,707,3839.041667,10.14305548226448,45.2,2,0,0,0,0,0,1,0,0,0,0
1,0.0838,315.12,11.58058411,2.28,742,4740.0,9.618734519590227,65.2,2,0,0,0,0,0,0,0,0,0,1
1,0.1059,292.91,10.16277015,5.56,682,1350.041667,8.756839814829462,39.5,2,0,0,0,0,0,0,0,0,1,0
1,0.0807,125.48,9.980448594,10.33,742,1920.041667,8.226305988015508,55.8,1,0,0,0,0,0,1,0,0,0,0
1,0.0933,383.45,11.13663073,7.47,717,5580.041667,9.338821533624722,41.6,0,2,0,0,0,0,1,0,0,0,0
1,0.1343,523.78,10.49127422,17.4,667,10380.04167,9.82032331127536,73.3,0,1,0,0,0,0,1,0,0,0,0
1,0.1217,199.78,11.69524702,6.81,662,2041.041667,9.878426121940757,77.3,0,0,0,0,1,0,0,0,0,0,0
1,0.0933,575.17,11.53272809,16.95,747,3630.0,9.25569607369698,8.2,2,0,0,0,0,0,1,0,0,0,0
1,0.0901,95.42,9.210340372,6.72,707,3329.0,7.940583827104244,51.1,3,1,0,0,0,0,1,0,0,0,0
1,0.0901,477.07,11.17043516,6.88,742,4589.041667,8.74798740166097,14.5,0,0,0,0,0,0,1,0,0,0,0
1,0.0807,345.06,11.03488966,14.07,792,7867.041667,10.406109618951431,21.7,0,0,0,0,1,0,0,0,0,0,0
1,0.1122,155.19,9.893437217,23.03,717,2580.0,8.412054873292933,13.0,0,0,0,1,1,0,0,0,0,0,0
1,0.0996,644.97,11.21171226,13.28,732,1770.0,7.76004068088038,9.8,1,0,0,0,0,0,0,0,1,0,0
1,0.0712,92.8,11.01205017,1.19,797,6270.041667,7.97522083865341,4.0,0,0,0,0,1,0,0,0,0,0,0
1,0.0996,306.36,10.96819829,21.93,727,4593.041667,10.174239617765064,28.7,2,0,0,0,0,0,1,0,0,0,0
1,0.1154,143.53,9.998797732,24.71,707,1291.041667,8.694167141883597,25.5,0,0,0,0,0,0,1,0,0,0,0
1,0.0964,288.89,11.62625415,10.36,702,6119.0,10.23232356440836,85.5,2,0,1,1,0,1,0,0,0,0,0
1,0.0933,87.88,11.62625415,13.46,702,6120.0,10.23232356440836,85.5,2,0,1,1,1,0,0,0,0,0,0
1,0.0901,381.66,11.69524702,4.28,722,4080.041667,8.9005490139363,45.8,1,1,0,0,1,0,0,0,0,0,0
1,0.1122,197.06,10.80972795,0.0,672,2519.0,0.0,0.0,1,1,0,0,0,0,1,0,0,0,0
1,0.0807,83.92,10.59663473,16.68,737,6988.0,9.863238310628443,48.3,0,0,0,0,0,1,0,0,0,0,0
1,0.0964,481.48,10.59663473,4.05,717,2759.041667,9.358932776026009,85.9,3,0,0,0,0,0,0,0,0,0,1
1,0.0996,253.16,10.16585182,6.14,697,2040.041667,6.899723107284872,34.2,1,0,0,0,0,0,1,0,0,0,0
1,0.0743,77.69,13.16542287,2.45,762,6240.0,11.858555639376206,9.4,5,1,0,0,1,0,0,0,0,0,0
1,0.1014,97.0,11.69524702,8.71,687,2311.041667,5.298317366548036,1.1,1,1,0,0,1,0,0,0,0,0,0
1,0.1046,259.87,11.69524702,11.28,692,5018.041667,11.060069962557527,80.6,1,0,0,1,1,0,0,0,0,0,0
1,0.0743,124.3,11.04292184,5.82,772,5430.0,6.651571873589727,4.8,0,0,0,0,0,0,0,0,1,0,0
1,0.133,67.68,9.798127037,22.0,662,1470.0,6.949856455000773,37.2,3,1,0,0,0,0,1,0,0,0,0
1,0.133,406.07,10.20359214,7.16,662,1530.041667,4.927253685157205,3.2,1,1,0,1,0,0,1,0,0,0,0
1,0.0983,241.41,11.47210347,2.69,712,4709.0,7.573017256052546,47.4,0,0,1,0,0,1,0,0,0,0,0
1,0.1393,170.72,10.54534144,20.72,662,7109.041667,9.718000992399016,18.3,1,1,0,1,0,0,0,0,0,0,1
1,0.0838,293.85,9.392661929,0.0,737,1139.0,0.0,0.0,1,0,0,0,0,0,0,1,0,0,0
1,0.133,318.09,10.81977828,17.04,662,6179.0,8.552946361122055,97.8,3,0,1,0,0,1,0,0,0,0,0
1,0.092,63.79,10.08580911,18.65,727,3455.041667,6.393590753950631,14.2,2,1,0,0,0,0,0,0,0,1,0
1,0.0743,217.52,11.00209984,1.72,807,7230.0,8.071843149609158,1.1,1,0,0,0,1,0,0,0,0,0,0
1,0.1236,667.74,11.79810441,13.42,687,3420.041667,10.738286193554881,92.7,0,0,0,0,0,1,0,0,0,0,0
1,0.1236,133.55,10.81977828,8.66,662,6839.041667,9.14644164612595,44.1,1,0,1,1,0,0,1,0,0,0,0
1,0.1014,421.14,10.59663473,17.01,752,4349.0,10.489745271417972,56.2,2,0,0,0,0,0,1,0,0,0,0
1,0.1362,339.94,10.80972795,1.21,672,2519.0,0.0,0.0,0,1,0,0,1,0,0,0,0,0,0
1,0.1078,365.51,11.00209984,14.26,702,6780.041667,8.983941527941301,89.6,0,0,0,0,0,0,1,0,0,0,0
1,0.0807,313.69,10.11050172,9.95,752,5167.0,9.050523670522297,21.7,1,0,0,0,0,0,1,0,0,0,0
1,0.1583,876.83,11.69524702,18.08,677,3330.0,11.050524859350896,86.1,2,2,0,0,0,1,0,0,0,0,0
1,0.1362,316.99,10.30895266,21.88,667,1601.041667,8.913281137711804,82.5,0,0,0,0,0,0,1,0,0,0,0
1,0.1236,701.12,10.77895629,0.85,682,2579.0,6.461468176353717,13.6,1,0,0,1,0,0,0,0,0,0,1
1,0.1014,485.0,11.38845009,13.73,732,5489.0,9.609384912281424,35.3,0,0,0,0,0,0,1,0,0,0,0
1,0.1236,133.55,10.59653473,9.48,662,4080.041667,7.980707820869669,28.4,3,0,0,0,0,0,1,0,0,0,0
1,0.0838,362.39,11.58058411,8.16,757,5790.0,9.815475675212914,50.6,1,0,0,0,0,1,0,0,0,0,0
1,0.0712,108.27,10.26813067,0.0,777,3034.041667,5.017279836814924,7.5,1,0,0,0,1,0,0,0,0,0,0
1,0.1236,240.39,9.757305042,4.58,662,3840.041667,0.0,0.0,2,0,0,0,1,0,0,0,0,0,0
1,0.0743,62.15,11.12714533,9.99,767,8190.041667,7.814399633804487,5.4,1,1,0,0,1,0,0,0,0,0,0
1,0.0838,66.18,9.893437217,2.36,722,5790.0,7.306531398939505,62.0,1,0,0,0,1,0,0,0,0,0,0
1,0.1109,327.82,10.63344871,19.32,702,2849.0,9.640107772607312,87.1,0,0,0,0,0,0,1,0,0,0,0
1,0.0743,69.14,11.69524702,7.67,762,6007.041667,9.976830946760337,29.5,1,0,0,1,1,0,0,0,0,0,0
1,0.1078,313.3,11.02190247,14.06,702,5700.041667,8.47261414801827,15.5,2,0,0,1,0,0,0,0,1,0,0
1,0.1141,329.34,11.27090486,14.03,692,4470.041667,9.044757931186505,27.6,3,1,1,0,0,0,1,0,0,0,0
1,0.1236,292.97,10.727663,15.53,677,1848.0,9.047233034106032,44.2,1,0,0,0,1,0,0,0,0,0,0
1,0.0838,315.12,11.15051985,14.03,762,5519.0,9.335562336729565,45.5,5,0,0,0,1,0,0,0,0,0,0
1,0.0807,225.86,11.02190247,17.0,762,5340.041667,9.14494815320913,40.7,4,0,0,1,0,0,1,0,0,0,0
1,0.0838,63.03,10.46493024,18.96,742,2190.0,8.5016733797582,30.6,0,0,0,0,0,0,0,0,0,1,0
1,0.1267,536.57,11.42081018,10.13,677,5280.041667,10.048885755225484,79.8,0,1,0,1,0,0,1,0,0,0,0
1,0.1204,126.29,11.05089001,12.5,667,3300.0,10.300147340682555,80.2,3,0,0,0,0,0,0,0,0,0,1
1,0.0951,192.23,11.60823564,16.87,722,8519.041667,11.115919477403699,41.1,1,0,0,0,0,1,0,0,0,0,0
1,0.1014,97.0,10.77895629,0.0,692,5160.0,0.0,0.0,0,0,0,0,1,0,0,0,0,0,0
1,0.092,318.93,11.25480219,5.93,727,4800.0,9.34984141075374,26.6,0,0,0,0,0,0,1,0,0,0,0
1,0.1078,228.45,10.50506754,7.76,687,2010.041667,8.85366542803745,65.7,0,0,0,0,0,1,0,0,0,0,0
1,0.1172,72.78,10.57821615,17.2,667,1410.0,8.489616423646003,69.5,0,1,0,0,1,0,0,0,0,0,0
1,0.1141,16.47,9.878169745,3.69,667,8820.0,9.411647228681218,90.6,0,0,1,0,1,0,0,0,0,0,0
1,0.0775,124.89,10.96127785,1.33,767,2485.041667,7.75190533307861,8.2,0,0,0,0,1,0,0,0,0,0,0
1,0.1109,262.26,11.1844214,5.12,687,1949.041667,9.592468614719909,95.1,0,0,0,1,1,0,0,0,0,0,0
1,0.0838,236.34,11.22524339,6.06,742,3149.041667,8.363342466597977,40.4,0,0,0,0,0,1,0,0,0,0,0
1,0.1204,265.87,10.70738554,16.06,677,1949.041667,8.988446040062405,68.5,0,0,0,0,0,0,1,0,0,0,0
1,0.0775,101.47,10.49127422,2.73,742,2550.0,7.763871287820222,12.4,0,0,0,1,0,0,1,0,0,0,0
1,0.0775,218.55,10.81769612,10.37,767,4410.0,8.800113946766308,9.4,0,0,0,0,0,0,1,0,0,0,0
1,0.1014,38.8,10.30895266,19.76,702,4529.041667,0.0,0.0,0,0,0,0,0,0,1,0,0,0,0
1,0.1141,247.0,11.1844214,14.65,682,3329.0,8.632127729508337,47.1,0,0,0,0,0,1,0,0,0,0,0
1,0.1299,673.79,10.77895629,18.98,682,4830.041667,9.521494800613105,42.4,1,0,0,1,0,0,1,0,0,0,0
1,0.1078,79.96,10.54534144,14.84,677,4140.041667,9.207736986106068,33.8,0,0,0,0,1,0,0,0,0,0,0
1,0.1204,498.51,10.75790288,17.95,677,2609.0,9.711297461543568,63.0,0,0,0,0,0,0,1,0,0,0,0
1,0.1488,692.14,11.23848862,7.11,667,3899.041667,9.666118293957936,95.0,0,0,0,1,0,0,1,0,0,0,0
1,0.0951,800.95,11.08214255,2.14,777,4559.041667,8.109826276018477,14.3,6,0,0,0,0,0,0,0,0,0,1
1,0.0983,289.69,9.980448594,4.83,712,1620.041667,8.890685920281129,39.0,0,0,0,0,0,0,1,0,0,0,0
1,0.0838,264.71,10.54796956,13.1,767,7560.041667,8.146709052203319,19.4,0,0,0,0,1,0,0,0,0,0,0
1,0.1267,117.38,10.77895629,13.1,662,9659.041667,9.727406483331627,50.7,0,0,0,0,0,0,1,0,0,0,0
1,0.1078,293.72,10.49127422,7.93,692,2429.041667,9.743494841225237,75.1,0,0,0,0,1,0,0,0,0,0,0
1,0.1267,563.4,11.00209984,20.06,697,4560.041667,9.276783328524896,49.4,0,0,0,0,0,0,0,0,0,1,0
1,0.092,318.93,12.01370075,0.33,732,3600.0,3.828641396489095,0.4,0,0,0,0,0,1,0,0,0,0,0
1,0.0951,230.68,10.38887228,15.84,717,1800.0,8.085794701281568,33.3,1,0,0,0,1,0,0,0,0,0,0
1,0.152,730.04,11.22524339,21.84,677,2640.041667,10.234229114448356,72.7,0,1,0,0,0,0,1,0,0,0,0
1,0.0775,312.22,11.65702581,2.89,807,5160.0,0.0,0.0,1,0,0,0,1,0,0,0,0,0,0
1,0.0807,250.95,11.00209984,9.58,757,13109.0,9.7553934942914,13.7,1,0,0,0,0,0,0,0,0,1,0
1,0.1425,514.49,10.77895629,19.05,667,6209.0,9.549451979534325,64.4,0,0,0,0,0,0,1,0,0,0,0
1,0.1046,16.25,10.16585182,14.17,692,4919.041667,8.638348312972704,60.7,0,0,0,0,0,0,0,0,0,0,1
1,0.1204,372.22,10.71441777,21.33,697,4710.0,9.789814808047552,66.3,1,0,0,0,0,0,1,0,0,0,0
1,0.0951,320.38,10.91508846,7.59,722,2340.041667,9.033961124637857,20.4,1,0,0,0,0,0,1,0,0,0,0
1,0.1836,504.13,11.33857208,23.04,662,6690.041667,10.097449430486758,93.4,3,0,0,0,0,0,0,0,0,0,1
1,0.1172,413.51,10.49127422,11.9,677,2970.0,9.033125752550372,91.0,3,0,0,0,0,0,1,0,0,0,0
1,0.1014,485.0,11.33857208,19.86,742,2763.041667,8.769973211858753,28.6,4,0,0,0,1,0,0,0,0,0,0
1,0.1172,307.66,11.03488966,20.09,697,6392.041667,9.734536214680345,64.0,0,0,0,0,0,1,0,0,0,0,0
1,0.1078,130.54,10.37349118,0.38,682,1290.041667,6.78897174299217,38.6,0,0,0,0,1,0,0,0,0,0,0
1,0.1299,370.59,10.86856845,17.94,667,3269.0,9.785379464055799,52.1,2,0,0,1,0,0,1,0,0,0,0
1,0.1299,539.03,10.66895539,14.82,677,8159.041667,9.48158813796454,42.3,2,2,0,0,0,0,1,0,0,0,0
1,0.0775,312.22,10.08580911,0.0,787,3809.041667,8.522976436171964,12.1,0,0,0,1,0,0,0,0,0,1,0
1,0.1078,70.17,9.308283446,19.15,692,2399.041667,0.6931471805599453,0.2,2,0,1,1,1,0,0,0,0,0,0
1,0.1078,440.57,10.52406404,12.58,702,2130.0,9.235228087483963,33.0,0,0,0,0,0,0,1,0,0,0,0
1,0.092,175.42,10.51867319,16.74,727,4590.041667,8.789812386190972,48.6,1,0,0,0,1,0,0,0,0,0,0
1,0.1046,194.91,10.81977828,5.06,687,4464.0,9.160834952072344,63.4,1,0,0,0,1,0,0,0,0,0,0
1,0.1172,165.41,11.00209984,0.0,672,2520.0,7.6624678152002375,6.4,1,0,0,0,0,0,1,0,0,0,0
1,0.133,406.07,10.71441777,4.67,662,2849.0,8.883224230278994,38.1,1,0,0,1,0,0,1,0,0,0,0
1,0.1172,82.71,11.03488966,19.29,677,4319.0,8.879193928110318,34.4,3,0,0,1,0,0,1,0,0,0,0
1,0.0838,189.08,10.60905725,12.5,727,2550.0,8.907476977528738,42.4,0,0,0,0,0,0,1,0,0,0,0
1,0.0712,57.23,10.46310334,11.59,772,5970.041667,8.70549681988774,19.0,0,0,0,0,1,0,0,0,0,0,0
1,0.133,338.39,11.69524702,6.31,662,6150.0,10.263048328453317,89.3,0,0,0,1,0,0,0,0,0,0,1
1,0.1204,498.51,11.51292546,15.82,682,9150.0,10.808919541075408,88.8,1,2,0,0,0,0,1,0,0,0,0
1,0.1267,737.78,11.40756495,13.04,697,5100.0,10.03183679096379,30.8,0,1,0,0,0,1,0,0,0,0,0
1,0.092,306.18,11.03488966,13.12,742,5250.041667,10.102625255383492,40.3,1,0,0,1,0,1,0,0,0,0,0
1,0.0951,592.7,10.34174248,16.49,747,4260.041667,10.163811274974622,37.9,0,0,0,0,0,0,1,0,0,0,0
1,0.1014,611.1,10.69194491,9.79,732,5940.041667,0.0,0.0,0,0,0,0,1,0,0,0,0,0,0
1,0.0951,461.35,11.38586452,9.96,732,5250.041667,8.469262657658687,16.5,0,0,1,0,0,0,1,0,0,0,0
1,0.1583,841.76,11.22524339,15.38,662,3420.041667,9.630562721059254,77.3,0,2,0,0,0,0,1,0,0,0,0
1,0.1078,244.76,11.35040654,1.78,687,9480.0,8.991686725934825,50.5,1,1,1,0,0,0,0,0,0,0,1
1,0.1014,452.67,11.22524339,16.54,722,4800.0,9.5620530240851,39.4,0,0,0,1,0,0,1,0,0,0,0
1,0.1046,649.68,11.65702581,16.2,732,5129.0,10.062327221849518,42.1,2,0,0,0,0,0,1,0,0,0,0
1,0.0838,226.89,12.07254125,15.11,742,4919.041667,11.52726220107028,13.7,6,0,0,0,0,1,0,0,0,0,0
1,0.1204,498.51,11.51292546,14.32,677,4439.0,10.16542865055825,98.8,1,0,0,0,0,0,1,0,0,0,0
1,0.1615,880.78,11.6351431,24.84,682,7619.0,10.840364918018672,93.8,0,1,0,1,0,0,1,0,0,0,0
1,0.1141,658.67,10.96578158,10.14,702,5999.041667,10.059251216519025,70.0,1,0,0,0,0,0,1,0,0,0,0
1,0.1172,231.57,12.20607265,15.46,692,6629.0,11.690410343872657,95.1,0,0,0,0,1,0,0,0,0,0,0
1,0.1014,258.67,10.81977828,8.78,702,3946.0,0.0,0.0,0,0,0,0,1,0,0,0,0,0,0
1,0.1109,157.36,10.73639668,11.37,677,2729.041667,9.652780082875708,56.6,1,0,0,0,0,0,1,0,0,0,0
1,0.1236,300.48,11.35040654,21.8,677,5069.0,9.524201756211266,48.7,1,0,0,0,0,0,1,0,0,0,0
1,0.1141,658.67,12.8346813,0.63,702,6330.041667,8.84246002419529,0.0,2,0,0,0,0,0,0,0,1,0,0
1,0.1014,129.34,10.49127422,7.07,697,1560.041667,8.347827345782498,53.4,2,0,0,0,0,0,1,0,0,0,0
1,0.1393,170.72,11.1844214,22.57,662,2940.0,10.304877702602262,75.6,2,0,0,0,1,0,0,0,0,0,0
1,0.133,101.52,10.47005058,24.79,697,5569.0,9.979244164935375,73.7,1,0,0,1,0,1,0,0,0,0,0
1,0.1078,365.51,11.28978191,7.56,697,4980.041667,9.815584869360217,81.0,1,1,0,1,0,0,0,0,0,0,1
1,0.0775,337.19,10.08580911,10.1,782,5400.0,7.285506548522785,18.0,1,0,0,0,0,0,0,0,0,0,1
1,0.092,382.72,10.59663473,10.14,747,7800.041667,8.064636475774222,11.0,1,0,1,0,0,0,1,0,0,0,0
1,0.0838,403.36,11.08214255,7.26,757,5580.041667,8.38160253710989,51.4,0,0,0,0,0,0,1,0,0,0,0
1,0.0775,305.97,11.00209984,9.2,797,6270.0,5.3471075307174685,1.9,0,0,0,0,0,1,0,0,0,0,0
1,0.133,676.78,10.81977828,20.42,692,7710.0,9.439386468943006,71.8,2,1,0,0,0,0,1,0,0,0,0
1,0.1236,767.89,11.46163217,16.07,702,2580.0,6.693323668269949,10.3,2,0,0,1,0,1,0,0,0,0,0
1,0.1109,491.73,10.37349118,4.8,697,3480.041667,8.327242607457793,39.4,1,0,0,1,0,0,1,0,0,0,0
1,0.1172,496.22,11.09741002,2.42,682,6329.041667,0.0,0.0,1,0,0,0,0,0,1,0,0,0,0
1,0.1078,228.45,11.14908203,16.51,692,5009.041667,10.005953884080618,98.0,0,0,0,0,0,1,0,0,0,0,0
1,0.1109,819.54,11.40756495,17.11,722,6539.0,10.913742103732497,97.8,0,0,0,0,0,0,1,0,0,0,0
1,0.1078,261.08,11.26446411,16.75,692,4290.041667,10.837795004197082,37.1,0,2,0,0,0,1,0,0,0,0,0
1,0.1078,81.59,11.58058411,16.37,682,9960.041667,9.690603690159534,80.0,1,0,0,0,0,1,0,0,0,0,0
1,0.1078,278.22,11.60823564,18.58,702,7230.0,9.55016412883091,80.3,0,0,0,1,0,0,1,0,0,0,0
1,0.0775,312.22,10.00784757,5.24,792,5010.041667,8.469682208745185,8.7,0,0,0,0,0,0,1,0,0,0,0
1,0.1141,59.28,11.19821472,21.01,692,2580.0,10.080922187756688,89.8,0,0,0,0,1,0,0,0,0,0,0
1,0.0807,376.43,9.903487553,8.88,782,8160.041667,6.51471269087253,2.6,1,0,0,0,0,0,0,1,0,0,0
1,0.0983,804.69,11.1844214,8.98,757,4619.041667,10.94804836055082,14.4,6,0,0,0,0,0,0,0,0,0,1
1,0.1046,812.09,12.13384061,1.88,727,10199.0,9.90093429574841,77.0,2,0,0,0,0,0,0,0,1,0,0
1,0.1078,130.54,10.81977828,15.5,687,8369.0,9.30383071506352,37.2,0,2,0,0,0,0,0,0,1,0,0
1,0.1141,329.34,10.59663473,15.93,692,3539.041667,9.591785974240127,76.4,0,0,0,0,0,0,1,0,0,0,0
1,0.1172,99.25,10.91871823,12.85,682,2670.041667,9.660205067381032,89.6,1,0,0,0,0,0,1,0,0,0,0
1,0.1362,381.58,10.30895266,19.52,667,4412.0,9.72142596194803,71.7,0,0,0,0,0,0,1,0,0,0,0
1,0.1078,310.03,11.21989579,8.22,697,3707.0,7.872836175025724,48.6,1,0,0,0,0,0,1,0,0,0,0
1,0.0838,78.78,10.34174248,10.61,722,7089.041667,7.928045600874777,10.8,1,0,0,0,0,0,1,0,0,0,0
1,0.0951,608.72,11.14186178,11.29,767,9179.0,7.731930721948486,20.7,3,0,0,0,0,0,1,0,0,0,0
1,0.0983,386.25,11.26446411,15.74,722,4379.0,10.243916237796457,31.9,0,0,0,0,0,0,1,0,0,0,0
1,0.092,669.76,12.37581542,2.7,792,9029.041667,6.905753276311464,1.2,2,0,0,0,0,0,0,0,0,0,1
1,0.092,478.4,10.91508846,12.28,747,7380.0,7.933079771880415,2.3,1,0,0,0,0,0,1,0,0,0,0
1,0.0838,567.22,11.06663836,5.25,772,3540.041667,7.385851078125209,12.1,4,0,0,1,1,0,0,0,0,0,0
1,0.1488,346.07,11.08214255,23.89,672,7260.0,9.231612507251722,65.1,1,2,1,0,0,1,0,0,0,0,0
1,0.1425,685.99,10.77895629,2.1,672,3870.041667,9.898123190036978,83.6,2,0,0,0,0,0,1,0,0,0,0
1,0.092,255.15,10.46310334,1.03,727,1230.041667,7.51479976048867,12.8,1,0,0,0,1,0,0,0,0,0,0
1,0.1204,498.51,12.21602298,17.08,682,5820.0,11.593564917632975,67.3,3,0,0,0,0,0,0,0,1,0,0
1,0.0775,124.89,11.08214255,9.25,757,5010.041667,8.116417072794205,5.3,0,0,0,0,0,0,0,0,1,0,0
1,0.0743,217.52,10.40426284,10.04,772,3630.0,6.891625897052253,2.1,1,0,0,0,1,0,0,0,0,0,0
1,0.0983,241.41,11.06663836,0.58,712,5430.0,6.403574197934815,30.1,0,1,0,0,1,0,0,0,0,0,0
1,0.133,406.07,10.81683395,24.22,692,6509.0,9.522446728338489,60.7,0,1,0,0,0,0,1,0,0,0,0
1,0.06,467.45,11.04292184,15.28,687,4652.041667,10.167581090179292,34.5,3,0,0,0,0,0,1,0,0,0,0
1,0.0983,386.25,10.1266311,16.75,732,4918.041667,9.69356866855007,50.7,0,0,0,0,0,1,0,0,0,0,0
1,0.0983,257.5,10.49127422,21.33,762,6300.041667,9.04981944514108,11.1,0,0,0,0,0,0,1,0,0,0,0
1,0.0807,62.74,10.30895266,3.68,732,2580.0,8.282483003730562,15.9,0,0,0,0,0,1,0,0,0,0,0
1,0.092,223.26,11.38509209,13.28,727,5836.0,9.447229025082065,21.0,3,3,0,0,0,0,0,0,0,1,0
1,0.0951,320.38,10.85127695,9.6,717,1469.0,7.205635176410364,23.2,2,0,0,0,0,0,1,0,0,0,0
1,0.092,318.93,10.71441777,4.88,732,4079.0,9.42754633062364,94.2,0,0,0,0,0,0,1,0,0,0,0
1,0.1393,527.52,10.6454249,19.71,667,2490.0,9.395408154438163,87.2,3,0,1,1,0,0,1,0,0,0,0
1,0.0775,327.83,10.95779958,12.86,802,5490.0,9.573454539543818,10.2,0,0,0,0,0,1,0,0,0,0,0
1,0.0951,640.76,11.28978191,0.22,767,8476.0,6.142037405587356,18.6,8,0,0,1,1,0,0,0,0,0,0
1,0.1172,196.84,10.47522952,15.38,697,1709.041667,9.296609807128359,42.4,3,0,0,0,0,0,1,0,0,0,0
1,0.1046,42.23,10.75790288,18.15,707,2309.041667,8.854664928370534,48.0,1,0,1,0,0,0,1,0,0,0,0
1,0.0983,136.0,10.77895629,11.93,717,6329.041667,9.888830663192495,37.1,0,1,0,0,0,0,1,0,0,0,0
1,0.1267,182.77,11.21182037,11.25,707,8100.0,10.340128278112742,54.3,0,0,0,0,0,0,1,0,0,0,0
1,0.1046,194.91,10.54534144,13.42,697,4080.0,8.716371865276615,36.8,3,0,0,0,0,0,1,0,0,0,0
1,0.0832,94.46,10.1266311,1.54,727,2010.041667,7.119635638017636,28.7,0,0,0,0,1,0,0,0,0,0,0
1,0.1261,450.67,10.46310334,19.71,692,3030.041667,9.7997368515422,88.4,1,0,0,0,0,0,1,0,0,0,0
1,0.0945,387.32,10.89673933,11.02,742,3285.0,9.085797036901582,54.8,5,0,0,0,0,0,1,0,0,0,0
1,0.0863,47.45,9.77246729,9.37,722,5099.0,8.705165419719007,31.1,1,0,0,0,0,0,1,0,0,0,0
1,0.0832,201.5,10.81977828,13.99,752,5040.041667,11.08038716293513,39.6,0,0,0,0,0,1,0,0,0,0,0
1,0.1324,405.72,11.31447453,15.12,672,5760.041667,10.236596998452152,81.8,1,2,0,0,0,0,1,0,0,0,0
1,0.1197,336.98,11.40863105,6.61,692,9570.0,9.552652665079078,73.7,0,0,1,0,0,0,1,0,0,0,0
1,0.0945,333.7,11.00209984,6.02,787,10860.0,6.056784013228625,0.7,0,0,0,1,1,0,0,0,0,0,0
1,0.1387,655.0,11.28522153,7.16,672,12554.04167,9.417517129768314,56.4,1,0,0,0,0,0,1,0,0,0,0
1,0.0863,101.21,9.798127037,14.38,722,1530.0,0.0,0.0,0,0,0,0,1,0,0,0,0,0,0
1,0.0976,533.77,9.903487553,4.68,737,3408.041667,7.718240951959316,11.6,0,0,0,0,0,0,0,0,0,0,1
1,0.1071,16.31,8.9751293,3.04,682,6929.0,3.8066624897703196,3.7,2,1,0,0,1,0,0,0,0,0,0
1,0.1008,807.62,10.51867319,8.53,767,3346.0,7.739359202689098,7.6,3,0,0,0,0,0,0,0,0,0,1
1,0.1292,347.5,11.15625052,9.05,702,4530.041667,9.696770838907451,90.6,3,0,0,1,0,0,1,0,0,0,0
1,0.1039,194.71,10.66895539,17.47,702,3540.041667,9.453992183921743,40.4,0,0,0,0,1,0,0,0,0,0,0
1,0.08,188.02,10.77895629,14.08,792,4890.041667,7.853216388156072,16.3,1,0,0,0,1,0,0,0,0,0,0
1,0.0976,237.95,11.14186178,12.57,762,3420.041667,9.627536402960045,31.6,0,0,0,0,0,0,1,0,0,0,0
1,0.1008,148.61,10.6454249,5.91,727,4680.0,8.887376485379763,16.3,2,0,0,0,0,0,1,0,0,0,0
1,0.0863,189.77,10.57131693,11.2,722,2670.041667,9.325274910068282,52.9,3,0,0,0,0,1,0,0,0,0,0
1,0.1008,84.0,10.23995979,14.57,702,2490.0,9.471164990258082,31.0,0,0,0,0,0,0,1,0,0,0,0
1,0.0976,192.93,12.20607265,4.84,707,5760.041667,9.9940135792355,0.0,2,0,0,0,1,0,0,0,0,0,0
1,0.1197,431.6,11.32659589,3.92,682,3479.041667,8.503905297089302,15.1,2,0,0,0,1,0,0,0,0,0,0
1,0.1071,339.06,10.35456317,4.74,722,1290.041667,8.733432966413652,35.3,0,0,0,0,0,0,1,0,0,0,0
1,0.0976,225.09,10.22557105,17.78,717,1830.0,9.700575458126165,48.6,2,0,0,0,0,0,1,0,0,0,0
1,0.1039,243.38,10.71441777,5.57,707,4140.041667,3.5263605246161616,0.3,0,0,0,0,0,0,1,0,0,0,0
1,0.0737,24.84,10.46310334,7.65,777,4620.041667,9.898575508175107,29.8,0,0,0,0,0,0,1,0,0,0,0
1,0.08,90.88,9.852194258,6.32,737,2981.0,8.386172928977834,24.0,0,0,0,0,0,1,0,0,0,0,0
1,0.1355,589.2,10.69194491,18.52,677,4800.0,9.850455905984322,70.5,2,0,0,0,0,0,1,0,0,0,0
1,0.0945,96.03,11.22524339,1.49,712,6220.0,9.081256218564645,39.2,0,0,1,0,0,0,0,0,1,0,0
1,0.1071,48.91,10.6454249,18.14,697,3091.041667,7.152268856032539,63.8,1,0,0,0,1,0,0,0,0,0,0
1,0.1229,200.12,10.49127422,14.77,672,4830.0,10.027296838262414,45.5,0,0,0,0,0,0,1,0,0,0,0
1,0.0768,199.61,11.52682837,0.83,777,8370.0,7.447751280047908,8.2,1,0,0,0,0,1,0,0,0,0,0
1,0.08,310.24,11.52682837,3.19,777,8370.0,7.447751280047908,8.2,1,0,0,0,0,1,0,0,0,0,0
1,0.0976,80.39,9.998797732,22.25,737,2404.041667,7.853604813097837,10.5,1,0,0,0,1,0,0,0,0,0,0
1,0.0832,160.57,10.98529272,7.08,767,13319.04167,10.140021056969097,35.9,0,0,0,0,0,1,0,0,0,0,0
1,0.1355,343.0,10.2797298,15.82,667,3539.041667,9.824768967824722,65.3,1,0,1,1,0,0,1,0,0,0,0
1,0.0945,272.09,10.81985828,17.33,737,2430.041667,9.110409533351133,26.6,1,0,0,0,0,0,1,0,0,0,0
1,0.1324,307.67,10.8036489,7.37,672,7020.0,9.576510097476705,83.8,0,2,0,0,0,1,0,0,0,0,0
1,0.0976,200.17,9.92329018,18.35,742,2879.0,9.118444357271645,55.4,1,0,0,0,0,0,1,0,0,0,0
1,0.1071,260.82,12.27839331,17.66,707,6630.0,11.699936011250315,92.4,0,0,0,0,1,0,0,0,0,0,0
1,0.08,94.01,10.04324949,12.05,742,1259.041667,6.566672429803241,7.8,4,0,0,0,1,0,0,0,0,0,0
1,0.0976,46.63,11.08214255,7.74,707,3509.041667,9.940927835509973,48.5,2,0,0,0,0,0,0,1,0,0,0
1,0.0863,189.77,10.65320408,10.8,732,3451.041667,7.517520850603031,15.6,3,0,0,0,0,0,1,0,0,0,0
1,0.0976,627.02,11.40756495,1.95,767,3180.041667,9.062999784077473,17.6,0,0,0,0,0,0,1,0,0,0,0
1,0.1166,330.53,10.81174611,8.4,687,3300.0,9.370416319822818,93.9,2,0,0,0,0,0,1,0,0,0,0
1,0.1039,584.12,11.28978191,0.86,717,2092.041667,8.613775289262481,52.4,1,0,0,0,1,0,0,0,0,0,0
1,0.1197,199.2,10.98189713,6.0,672,4410.0,8.251142139090751,34.2,0,1,0,1,0,0,1,0,0,0,0
1,0.0768,187.14,11.22524339,2.54,802,6451.041667,8.715224041915372,2.8,0,0,0,0,1,0,0,0,0,0,0
1,0.1008,193.83,10.59663473,16.17,712,2699.041667,9.654897979890443,60.0,1,0,0,0,0,1,0,0,0,0,0
1,0.1008,807.62,11.87756858,3.84,762,4725.0,10.863125088913648,8.7,8,0,0,0,0,0,0,0,0,0,1
1,0.0976,644.71,10.16585182,9.14,762,6752.041667,6.230481447578482,3.5,0,0,0,1,0,0,0,0,0,0,1
1,0.1071,195.61,10.38554326,11.12,687,4079.0,0.0,0.0,1,0,0,0,0,0,1,0,0,0,0
1,0.1103,163.77,10.53209621,5.73,682,3299.0,8.46821300919452,60.3,0,0,0,0,0,0,1,0,0,0,0
1,0.1418,856.63,11.09741002,22.45,707,2092.041667,10.133050455652521,32.8,2,0,0,1,1,0,0,0,0,0,0
1,0.1103,327.53,10.30895266,13.4,707,3359.0,9.29081375612606,83.4,1,0,0,1,0,0,1,0,0,0,0
1,0.08,313.37,11.65268741,12.0,777,5941.0,11.411291331053215,53.5,3,0,0,0,0,0,0,0,0,0,1
1,0.0976,128.62,11.05089001,2.7,712,6810.041667,8.296795865770052,8.1,0,0,0,0,0,0,0,0,0,0,1
1,0.1261,167.54,10.1266311,4.56,667,4799.0,8.128585200374497,47.1,2,0,1,0,0,0,1,0,0,0,0
1,0.1134,501.73,11.22524339,15.14,707,6030.041667,10.589182030570889,84.5,0,0,0,0,0,0,1,0,0,0,0
1,0.0945,544.17,11.00209984,0.6,762,3390.041667,6.483107351457199,3.2,2,0,0,0,0,0,0,0,1,0,0
1,0.08,188.02,11.00209984,9.82,762,6419.041667,8.570733958344267,45.9,1,0,0,0,0,0,1,0,0,0,0
1,0.1166,90.07,10.858999,14.45,677,2609.0,9.374922172292127,24.7,3,0,0,0,0,0,1,0,0,0,0
1,0.0737,93.14,9.774118912,12.7,772,6149.0,4.812184355372417,3.7,0,0,0,0,0,0,1,0,0,0,0
1,0.1545,348.87,10.91501573,13.16,662,7979.0,10.004373070309986,78.7,2,0,0,0,0,0,1,0,0,0,0
1,0.0768,155.95,10.23995979,0.43,792,2267.0,4.6443908991413725,1.5,0,0,0,0,0,0,0,0,0,0,1
1,0.0976,347.27,11.32176496,11.89,722,8669.041667,9.090091799380007,24.3,1,0,1,0,0,0,0,1,0,0,0
1,0.1134,493.5,11.51292546,2.32,697,5970.041667,8.503094267036737,33.5,1,1,0,0,0,0,0,0,0,0,1
1,0.0976,80.39,10.49127422,0.5,702,1680.041667,9.375430991841775,59.3,0,0,0,0,1,0,0,0,0,0,0
1,0.1292,507.36,10.6454249,23.29,717,5220.041667,6.137727054086234,11.3,2,0,1,0,0,0,0,0,0,0,1
1,0.1324,608.58,11.00209984,22.4,687,3151.041667,8.675222055641148,54.7,0,0,1,1,0,0,1,0,0,0,0
1,0.1008,646.1,11.00209984,10.06,742,3960.0,8.808219665118408,39.1,0,0,0,0,0,0,1,0,0,0,0
1,0.1229,25.02,9.852194258,24.0,707,2700.041667,9.410911062438,84.9,0,0,0,0,0,1,0,0,0,0,0
1,0.1071,195.61,10.42228135,20.11,717,2309.041667,9.075322160298095,45.7,1,0,0,0,0,0,1,0,0,0,0
1,0.1324,507.15,11.14764215,3.29,672,3659.0,5.14166355650266,34.0,0,0,0,0,1,0,0,0,0,0,0
1,0.1418,548.25,10.85220675,11.13,662,2519.0,9.675582684120208,90.5,0,0,0,0,0,0,1,0,0,0,0
1,0.0863,142.33,9.210340372,0.0,727,1110.0,0.0,0.0,0,1,0,0,1,0,0,0,0,0,0
1,0.1166,495.79,10.49127422,5.17,692,4440.0,7.201170883281678,53.6,2,1,0,1,0,0,0,0,1,0,0
1,0.1103,327.53,10.11070495,9.17,692,4110.0,9.056722883310583,70.3,0,1,0,0,1,0,0,0,0,0,0
1,0.1103,98.26,10.62132735,16.92,682,1560.0,9.975761701406148,42.4,1,0,0,0,1,0,0,0,0,0,0
1,0.1482,587.82,11.55214618,20.12,667,8250.041667,10.38612972782783,91.8,1,4,0,0,0,1,0,0,0,0,0
1,0.1197,131.97,9.782505656,15.51,672,4290.041667,8.974997713204976,17.0,2,0,0,0,0,0,1,0,0,0,0
1,0.1166,330.53,11.43388226,10.74,677,5519.0,10.753424783860263,66.7,3,0,0,1,0,0,0,0,1,0,0
1,0.1261,254.65,11.24575165,4.62,667,5129.0,8.974364841846596,47.9,1,0,0,0,0,0,1,0,0,0,0
1,0.1134,236.88,10.51867319,24.31,742,4710.0,8.767640577257792,14.5,2,0,0,0,0,1,0,0,0,0,0
1,0.08,313.37,10.1266311,12.14,802,7890.041667,7.291656209174461,9.2,0,0,0,0,0,0,0,0,0,0,1
1,0.1166,826.31,11.51292546,18.88,722,1949.041667,9.722864552377755,33.1,0,0,0,0,0,1,0,0,0,0,0
1,0.08,156.69,10.37098805,10.71,762,2309.041667,7.4377951216719325,7.9,0,0,0,0,0,0,1,0,0,0,0
1,0.1197,318.72,10.51856508,20.63,702,3270.0,9.082734247371036,72.7,0,0,0,0,1,0,0,0,0,0,0
1,0.1039,171.18,10.71441777,20.69,732,2610.0,8.612685172875459,28.2,0,0,0,0,0,0,1,0,0,0,0
1,0.0863,373.21,11.00209984,7.8,757,3390.0,8.096512917501594,32.6,3,0,0,0,0,0,1,0,0,0,0
1,0.1261,820.91,11.69524702,5.76,697,2141.041667,10.082010236072934,62.8,3,0,0,1,0,0,0,0,0,0,1
1,0.1071,815.04,10.858999,11.86,727,1694.041667,8.714239143608575,8.3,0,0,0,1,0,1,0,0,0,0,0
1,0.1071,358.62,11.00209984,0.4,707,1620.041667,7.704361167910313,28.4,2,0,0,0,1,0,0,0,0,0,0
1,0.1292,213.72,11.294956,20.15,677,8520.041667,10.010007395913801,93.1,1,0,0,0,0,0,1,0,0,0,0
1,0.1197,99.6,11.26446411,14.8,672,4140.041667,9.585758558732051,77.0,0,0,0,0,0,0,1,0,0,0,0
1,0.0945,409.73,11.51292546,10.51,742,3900.041667,9.648079040634643,25.4,3,0,0,0,0,0,1,0,0,0,0
1,0.1387,341.15,10.96819829,24.72,702,6839.041667,10.09823162932864,58.6,0,0,0,1,0,0,1,0,0,0,0
1,0.1703,535.02,11.58058411,15.81,662,6660.0,10.704232743694092,86.8,0,0,0,1,0,0,1,0,0,0,0
1,0.0976,160.78,10.4487146,1.46,712,2970.0,8.225770799348734,21.5,0,0,0,0,0,1,0,0,0,0,0
1,0.1008,129.22,10.3859137,16.26,717,1560.0,7.763446388727362,27.3,1,0,0,0,0,0,0,0,1,0,0
1,0.1261,335.07,10.858999,12.02,672,2699.041667,8.936955604225226,46.7,0,0,0,0,0,0,1,0,0,0,0
1,0.1103,294.78,10.71441777,8.29,687,2760.041667,9.417679691745425,59.7,0,0,0,0,0,0,1,0,0,0,0
1,0.1039,233.65,10.77895629,12.63,702,1140.0,8.669914278433902,44.7,0,0,0,0,0,1,0,0,0,0,0
1,0.1292,504.84,10.71441777,6.08,677,3240.0,8.531490496117062,78.0,1,1,0,1,0,0,1,0,0,0,0
1,0.1039,486.76,10.88382293,11.37,717,2250.0,3.2188758248682006,0.3,0,0,0,0,0,0,1,0,0,0,0
1,0.1197,398.4,10.71441777,22.67,702,3183.041667,9.718181546701214,66.7,0,0,0,0,0,0,1,0,0,0,0
1,0.1103,671.44,10.55581274,15.72,722,3580.041667,10.359867550112398,32.3,1,0,0,1,0,0,1,0,0,0,0
1,0.1261,670.13,10.54534144,4.04,687,3570.041667,8.321421586897879,91.3,0,0,0,0,0,0,0,0,0,0,1
1,0.1071,521.63,10.59653473,19.23,722,3120.041667,9.72549660510262,77.9,1,0,0,0,0,0,1,0,0,0,0
1,0.0976,803.87,12.20607265,4.95,777,2159.0,10.903990748093918,0.0,0,0,0,0,1,0,0,0,0,0,0
1,0.1103,98.26,11.23697432,11.8,717,6589.0,10.745658004488513,98.4,0,0,0,0,0,0,0,0,1,0,0
1,0.1387,135.61,10.08580911,21.9,662,4200.041667,9.300638009956963,82.3,1,0,0,0,0,1,0,0,0,0,0
1,0.1324,676.2,11.28978191,20.73,697,4080.0,9.729491244488164,64.1,0,0,0,0,0,0,1,0,0,0,0
1,0.0976,321.55,10.54534144,3.22,722,2670.041667,9.133027268873512,63.0,0,0,0,0,0,0,1,0,0,0,0
1,0.1071,652.04,10.86969163,13.11,727,4085.0,9.692457831605429,39.8,1,0,0,0,0,0,1,0,0,0,0
1,0.0976,771.72,11.91839057,0.22,782,4319.041667,8.443331342817782,5.8,3,0,0,0,0,0,1,0,0,0,0
1,0.0863,316.28,10.30895266,13.16,752,4109.0,8.245121966478605,31.0,2,0,0,0,0,0,1,0,0,0,0
1,0.145,516.32,11.08214255,15.6,662,3570.041667,9.113939597689829,63.9,1,0,0,0,0,0,1,0,0,0,0
1,0.1039,292.06,10.49460201,14.45,707,1621.041667,8.423321975806166,25.3,0,0,0,0,0,0,1,0,0,0,0
1,0.1166,330.53,10.4341158,23.96,742,3840.041667,9.386643856444575,45.5,2,0,0,0,0,0,1,0,0,0,0
1,0.1355,339.6,11.17885035,3.35,662,5460.0,8.568266461600238,73.1,2,1,0,1,0,0,0,0,0,0,1
1,0.0768,93.57,10.5865844,0.91,767,5520.0,7.038783541388542,27.1,1,0,0,0,0,0,1,0,0,0,0
1,0.0976,192.93,10.13459927,5.43,707,2820.041667,8.571870752706934,40.6,1,0,0,0,0,0,1,0,0,0,0
1,0.0945,320.1,11.08214255,11.69,727,2641.0,9.518413134075697,63.3,3,0,0,0,0,1,0,0,0,0,0
1,0.1134,394.8,10.54534144,8.72,687,4261.041667,9.317848579691468,70.9,0,0,0,0,0,0,1,0,0,0,0
1,0.1134,329.0,11.22524339,14.8,712,2970.0,10.07001842342376,45.7,3,0,0,0,0,0,0,0,1,0,0
1,0.1103,311.16,11.22524339,11.3,692,4380.0,9.181117513299279,71.4,0,1,0,0,0,0,1,0,0,0,0
1,0.08,94.01,10.49127422,2.6,742,4380.0,7.806696372521179,23.4,0,1,0,0,0,0,1,0,0,0,0
1,0.1387,341.15,10.4744671,13.19,662,4050.0,9.390158798552019,88.0,2,0,0,1,0,0,1,0,0,0,0
1,0.0945,192.06,11.00209984,13.16,732,4470.0,10.386592483701518,55.0,0,0,0,0,0,0,0,0,0,0,1
1,0.0832,182.61,10.46367461,0.72,742,2767.041667,7.207118856207756,5.2,3,0,0,0,0,0,0,0,0,1,0
1,0.1671,710.18,11.08214255,20.09,662,4110.0,10.175649813329873,74.3,1,0,0,0,0,0,1,0,0,0,0
1,0.1071,508.59,10.77895629,14.58,717,5219.0,9.944581510071089,62.6,1,0,0,1,0,0,1,0,0,0,0
1,0.0945,456.94,11.81303006,11.18,737,3660.0,9.322686431807721,56.0,1,0,0,0,0,1,0,0,0,0,0
1,0.08,313.37,11.66992921,0.0,787,8370.0,0.0,0.0,0,0,0,0,1,0,0,0,0,0,0
1,0.0863,28.47,10.95080655,0.32,717,1680.041667,5.123963979403259,3.3,2,0,0,0,0,0,0,0,1,0,0
1,0.1166,330.53,10.30895266,15.44,687,2159.0,9.30546871706776,75.3,0,0,0,0,0,0,1,0,0,0,0
1,0.1008,32.31,10.54534144,20.53,732,3360.0,7.744569809354496,46.2,0,0,0,0,0,0,0,0,0,1,0
1,0.1197,481.4,11.08214255,8.6,687,3270.0,9.64904681386415,95.7,1,0,0,1,0,0,1,0,0,0,0
1,0.1134,263.2,10.08580911,9.8,682,3210.041667,8.951699168308815,63.7,2,0,0,0,0,0,1,0,0,0,0
1,0.1071,163.01,10.828401,6.95,687,4229.041667,9.390492911485298,70.8,0,0,1,0,0,0,1,0,0,0,0
1,0.0976,675.25,10.71441777,1.79,767,2044.041667,4.962844630259907,0.6,0,0,0,0,1,0,0,0,0,0,0
1,0.0976,482.32,10.16585182,5.77,777,4560.041667,8.02322468471667,2.9,1,0,0,1,0,0,0,0,1,0,0
1,0.1134,493.5,10.96335901,8.61,697,5129.0,9.578726471842927,45.5,1,0,0,0,0,0,1,0,0,0,0
1,0.0976,180.07,10.59663473,7.47,707,2939.0,8.967376693212666,43.8,2,0,0,0,1,0,0,0,0,0,0
1,0.1039,162.26,11.15051985,15.72,707,2970.0,8.659213451436667,43.3,1,0,0,1,0,0,1,0,0,0,0
1,0.0863,316.28,11.60093634,6.4,742,4080.0,7.757906208351747,44.1,0,0,0,0,0,0,0,0,1,0,0
1,0.1387,375.26,10.81985828,20.93,672,2340.041667,9.766349664317493,93.2,0,0,0,0,0,0,1,0,0,0,0
1,0.0976,482.32,10.91508846,15.1,762,7920.041667,9.362975618399776,14.8,1,0,0,1,0,0,1,0,0,0,0
1,0.145,663.47,10.42228135,9.86,667,2940.0,9.074749717669835,56.7,1,0,0,1,0,0,1,0,0,0,0
1,0.1513,173.65,10.93339264,21.32,667,3600.041667,10.008342940638508,98.3,0,0,0,0,0,0,1,0,0,0,0
1,0.0863,221.4,10.6454249,2.74,727,2310.041667,8.77909581088053,40.1,0,0,0,0,0,0,1,0,0,0,0
1,0.1103,360.29,9.92329018,6.82,697,1530.0,8.020270472819238,84.5,2,0,0,1,0,0,1,0,0,0,0
1,0.1166,330.53,10.30895266,8.56,682,1200.0,7.601402334583733,46.5,3,0,0,0,1,0,0,0,0,0,0
1,0.0976,321.55,10.08580911,2.7,717,5168.0,8.220941168281389,16.1,3,1,0,1,0,0,0,0,0,1,0
1,0.1576,420.47,11.51292546,18.55,667,4560.041667,10.458578834600106,89.6,0,0,0,0,0,0,1,0,0,0,0
1,0.0945,224.07,11.44035477,10.86,717,4080.0,8.567506005289827,32.9,1,0,0,1,1,0,0,0,0,0,0
1,0.1418,548.25,11.84934056,3.4,662,2610.0,9.628655892063167,33.4,0,0,0,0,0,0,1,0,0,0,0
1,0.1134,329.0,10.261162,5.37,687,2730.041667,8.085178748074537,54.1,2,0,1,0,1,0,0,0,0,0,0
1,0.1229,490.29,10.52406404,21.94,702,1950.041667,9.595262578853017,43.1,2,0,0,1,0,0,1,0,0,0,0
1,0.08,225.63,11.32659589,5.54,762,4259.041667,6.0844994130751715,0.8,3,0,0,0,1,0,0,0,0,0,0
1,0.0976,257.24,10.59663473,18.72,742,6569.0,10.56116298378782,67.7,0,0,0,0,1,0,0,0,0,0,0
1,0.1071,95.36,10.20359214,6.62,682,1199.0,8.796641458940915,49.1,1,0,0,0,0,0,1,0,0,0,0
1,0.1418,274.13,10.53049493,20.71,662,4140.041667,8.652423140676342,52.0,1,0,0,0,0,0,1,0,0,0,0
1,0.08,156.69,11.28978191,3.75,762,12668.04167,9.032050676295599,7.1,0,0,0,0,0,0,0,0,1,0,0
1,0.1197,351.92,10.57254694,14.9,682,2579.0,8.933796043934858,80.7,0,0,0,1,0,0,1,0,0,0,0
1,0.1039,194.71,9.729134165,7.5,692,1920.0,8.417372856134026,94.2,1,0,0,0,0,0,1,0,0,0,0
1,0.1008,258.44,11.03488966,0.81,712,3660.0,8.187855443695623,25.1,1,0,1,0,0,0,0,0,1,0,0
1,0.1608,879.92,10.71441777,6.4,667,5160.0,9.449750895754265,54.1,0,3,0,1,0,0,0,0,0,1,0
1,0.0945,150.45,11.08214255,11.13,717,5208.0,9.724659884996429,41.7,0,0,0,0,0,1,0,0,0,0,0
1,0.0945,640.2,11.69524702,4.19,787,5159.0,5.7430031878094825,0.0,2,0,0,0,0,0,0,0,1,0,0
1,0.1292,168.28,11.1844214,19.67,687,4710.0,9.89202207442685,92.4,1,0,0,0,0,0,1,0,0,0,0
1,0.1008,581.49,11.12431747,11.01,732,3389.0,9.289798293310898,41.5,0,0,0,0,0,0,1,0,0,0,0
1,0.0945,640.2,10.70324447,0.81,797,3450.041667,5.641907070938114,1.7,1,0,0,0,0,0,0,0,1,0,0
1,0.1513,694.59,11.2515607,10.25,662,3332.0,8.364042011922063,66.0,1,0,0,0,1,0,0,0,0,0,0
1,0.1292,807.74,11.29849385,15.08,697,4440.0,9.969509348078125,86.5,0,0,0,1,0,0,1,0,0,0,0
1,0.0976,514.48,13.25759333,1.61,742,6390.041667,10.026943356463047,27.3,1,0,0,0,1,0,0,0,0,0,0
1,0.1418,411.19,11.20721519,18.16,662,3209.041667,9.32892308780313,71.7,1,0,0,0,0,0,1,0,0,0,0
1,0.1039,389.41,10.34817337,17.0,717,3209.041667,0.0,0.0,2,0,0,0,0,0,1,0,0,0,0
1,0.1387,264.39,10.30895266,24.68,682,1500.0,10.203481027702058,66.8,0,0,0,0,0,0,1,0,0,0,0
1,0.0976,482.32,11.08214255,11.35,737,3990.0,8.251924713801357,33.3,2,0,0,1,1,0,0,0,0,0,0
1,0.1355,645.24,11.87756858,1.67,677,5370.041667,9.150271845510064,95.1,2,0,0,0,0,0,1,0,0,0,0
1,0.1229,293.51,10.81977828,20.04,692,3360.0,10.15843980036499,59.8,1,0,0,0,0,0,1,0,0,0,0
1,0.0863,316.28,11.00209984,8.94,732,4440.0,9.690789259083457,44.3,3,0,0,0,1,0,0,0,0,0,0
1,0.1134,361.9,10.858999,9.39,687,2703.041667,9.447702360527948,43.6,0,0,1,0,0,0,1,0,0,0,0
1,0.1229,281.84,14.52835448,0.13,672,1293.041667,9.076580381796658,51.8,1,0,0,0,0,0,1,0,0,0,0
1,0.1071,684.64,11.08214255,2.9,722,1380.041667,8.647343875881283,17.7,1,0,0,1,0,0,1,0,0,0,0
1,0.1324,338.1,11.09741002,18.2,672,4620.041667,9.393411647660683,54.2,3,1,0,0,0,0,1,0,0,0,0
1,0.1197,278.88,10.84778248,20.96,697,4619.041667,9.556055475678573,84.1,0,0,0,0,0,0,1,0,0,0,0
1,0.1039,486.76,11.58988651,8.92,712,3059.041667,9.652073119254888,20.0,1,0,0,0,0,0,0,0,1,0,0
1,0.1197,298.8,11.28978191,19.37,682,9059.041667,10.20236917524151,70.2,1,0,1,0,0,0,0,0,1,0,0
1,0.1166,330.53,11.06663836,13.33,712,4383.0,7.77863014732581,48.7,2,0,0,0,1,0,0,0,0,0,0
1,0.1261,234.55,10.46310334,9.63,667,1290.041667,9.367258647047601,78.5,1,0,0,0,0,0,1,0,0,0,0
1,0.0976,241.16,11.40756495,12.32,722,1950.041667,8.625329850020815,25.4,3,0,0,0,0,1,0,0,0,0,0
1,0.0945,224.07,9.915613732,5.99,712,4470.0,8.442900586834382,33.1,0,0,0,0,0,0,0,0,0,1,0
1,0.1166,396.63,10.77895629,10.05,682,2670.0,9.666181687409415,44.8,2,0,0,0,0,0,1,0,0,0,0
1,0.1324,507.15,10.75312553,10.03,672,4110.0,9.136586183387521,71.4,0,0,0,0,0,0,1,0,0,0,0
1,0.1355,288.66,10.2646524,17.56,662,1889.0,9.769327390849192,90.6,1,0,0,0,0,0,1,0,0,0,0
1,0.0832,409.3,10.26813067,0.83,807,5189.0,5.3471075307174685,2.3,1,0,0,0,0,0,1,0,0,0,0
1,0.1292,222.97,10.23995979,19.93,667,5729.041667,9.619133270177022,71.3,0,0,0,0,0,0,1,0,0,0,0
1,0.1197,365.2,10.49127422,15.83,682,4410.0,10.054232439228553,72.0,1,0,0,0,1,0,0,0,0,0,0
1,0.1261,603.12,11.14186178,14.02,682,3570.041667,9.284519770150434,63.0,1,1,0,0,0,0,1,0,0,0,0
1,0.1387,852.87,11.05089001,17.28,692,8700.041667,9.969181655731491,42.0,1,0,0,0,0,1,0,0,0,0,0
1,0.0945,320.1,11.45105006,7.44,727,3360.0,10.305111961258355,43.6,0,0,0,0,0,0,1,0,0,0,0
1,0.1008,807.62,11.46163217,10.42,757,11970.04167,9.704243616546224,11.3,0,0,0,0,0,0,0,0,1,0,0
1,0.1071,326.02,11.24177269,10.37,702,11280.0,10.199472560025471,26.2,0,0,0,0,0,0,1,0,0,0,0
1,0.1292,336.56,10.52406404,6.74,672,2609.0,8.863332833439587,65.8,0,0,0,0,0,0,1,0,0,0,0
1,0.1166,396.63,11.73606902,12.94,682,3720.0,10.504190442704793,62.9,0,0,0,0,0,1,0,0,0,0,0
1,0.1261,301.56,10.42228135,14.68,687,4650.041667,9.573037148233409,60.9,0,1,0,1,0,0,1,0,0,0,0
1,0.1103,491.3,11.91582729,9.52,702,3780.041667,10.16087792924552,56.1,0,1,0,1,0,0,1,0,0,0,0
1,0.1134,416.19,10.59663473,21.96,717,4291.041667,7.454719949364001,8.9,1,0,0,0,0,0,1,0,0,0,0
1,0.164,636.39,11.91839057,24.03,672,4290.041667,10.26976128039413,57.9,1,0,0,1,0,1,0,0,0,0,0
1,0.1229,406.91,10.55581274,9.31,687,5670.041667,7.753623546559746,39.4,0,0,0,0,0,0,0,0,1,0,0
1,0.0737,62.1,10.46310334,0.86,797,11430.0,5.783825182329737,0.2,0,0,0,0,1,0,0,0,0,0,0
1,0.1261,201.04,10.81977828,3.89,667,5970.041667,9.944917362299268,47.7,0,0,0,0,0,0,1,0,0,0,0
1,0.1103,491.3,11.11542853,15.5,707,2370.041667,9.439068301584292,46.2,0,0,0,1,0,0,1,0,0,0,0
1,0.1103,327.53,10.75790288,13.48,702,3000.0,9.179674957665297,58.0,0,0,0,0,0,0,1,0,0,0,0
1,0.1103,327.53,10.42228135,2.61,697,2370.041667,7.990576881743923,30.1,2,0,0,0,1,0,0,0,0,0,0
1,0.1071,179.31,10.62132735,12.12,692,7140.041667,9.505097358099926,82.9,0,0,0,0,0,0,1,0,0,0,0
1,0.1229,667.06,11.08214255,13.5,692,2370.041667,8.707152175339404,34.9,1,0,1,1,1,0,0,0,0,0,0
1,0.1103,720.57,11.40756495,17.39,717,4470.0,9.847657667575458,34.1,1,0,0,0,0,0,1,0,0,0,0
1,0.1324,405.72,10.87804719,17.82,667,7349.0,9.830594227015803,35.0,0,5,1,0,0,0,1,0,0,0,0
1,0.08,313.37,10.858999,2.1,792,5219.0,0.0,0.0,1,0,0,0,1,0,0,0,0,0,0
1,0.0945,409.73,11.08214255,8.86,742,5129.0,9.488577985599964,77.7,0,0,0,0,0,1,0,0,0,0,0
1,0.1103,157.22,10.66886237,2.34,687,1950.0,8.09376775793108,44.8,1,0,0,0,1,0,0,0,0,0,0
1,0.1229,633.71,11.56171563,10.01,687,5250.041667,9.871429128842239,38.6,1,3,0,0,0,0,1,0,0,0,0
1,0.1071,782.44,11.15625052,0.57,727,5040.041667,6.663132695990803,3.0,1,0,0,1,1,0,0,0,0,0,0
1,0.1103,589.56,10.66347529,6.15,707,2820.041667,8.758255243232792,69.2,0,0,0,0,0,0,0,1,0,0,0
1,0.0976,353.71,11.33384664,5.88,717,4500.0,9.638414622945206,50.0,0,1,0,0,1,0,0,0,0,0,0
1,0.1103,206.35,10.96819829,9.21,687,7049.0,6.77078942390898,8.1,0,0,0,0,0,0,1,0,0,0,0
1,0.0832,251.88,11.82041016,8.63,752,6149.041667,9.490922297937656,23.0,1,0,0,0,0,1,0,0,0,0,0
1,0.1261,301.56,10.81977828,7.15,667,2579.0,7.5595594960077,56.4,0,0,0,0,0,0,1,0,0,0,0
1,0.1039,464.05,10.30895266,21.28,752,2729.041667,8.639410824140487,30.2,2,0,0,0,0,1,0,0,0,0,0
1,0.0945,230.47,10.71441777,0.8,717,2730.041667,8.11162807830774,30.6,0,0,0,1,0,0,1,0,0,0,0
1,0.1734,895.56,11.47210347,18.8,662,11520.04167,9.596078849900314,77.0,0,2,0,0,1,0,0,0,0,0,0
1,0.1261,670.13,11.33857208,14.51,692,1890.0,10.208395405652977,39.0,2,0,0,0,0,0,1,0,0,0,0
1,0.1292,269.25,11.15625052,4.08,667,5820.0,7.050122520269059,13.1,3,3,0,0,0,0,1,0,0,0,0
1,0.1292,377.79,10.35316092,23.31,712,3780.0,9.086815885690685,52.6,1,0,0,1,0,0,1,0,0,0,0
1,0.0976,30.55,10.04324949,22.38,742,4470.0,7.717351272185329,9.9,1,0,0,0,1,0,0,0,0,0,0
1,0.1039,389.41,10.30895266,0.0,712,4440.0,9.133351330448047,71.2,1,0,0,0,0,0,1,0,0,0,0
1,0.1324,405.72,10.20359214,11.96,667,4890.041667,9.067854723679428,61.5,0,0,0,0,0,0,1,0,0,0,0
1,0.1387,477.61,11.04292184,20.45,677,2675.0,9.906782119485557,66.0,2,0,0,0,0,0,1,0,0,0,0
1,0.1134,329.0,10.14124382,8.79,692,3839.041667,7.3613754289773485,39.3,0,0,0,1,0,0,0,1,0,0,0
1,0.0832,377.82,11.40756495,1.63,792,5729.041667,8.38022733634308,15.3,0,0,0,0,0,0,1,0,0,0,0
1,0.1324,338.1,10.96819829,10.9,662,2009.041667,9.215924750270084,54.9,3,0,1,0,1,0,0,0,0,0,0
1,0.1355,407.52,11.15625052,17.07,667,7565.041667,7.843848638152472,57.9,0,0,0,0,0,0,0,0,0,1,0
1,0.1071,273.86,10.83958091,16.47,702,4530.041667,9.681718056775063,66.8,1,0,0,0,0,0,1,0,0,0,0
1,0.1008,807.62,10.89635036,0.0,762,6420.041667,0.0,0.0,1,0,0,0,1,0,0,0,0,0,0
1,0.1197,398.4,11.35040654,14.08,682,7230.041667,10.008117801614212,88.8,2,0,1,0,0,0,1,0,0,0,0
1,0.0945,320.1,11.73606902,5.28,727,9120.0,9.152605321324945,33.5,3,0,0,0,0,0,1,0,0,0,0
1,0.0863,316.28,11.40756495,5.91,732,5760.041667,9.81705782453774,26.2,0,1,0,0,0,0,1,0,0,0,0
1,0.1008,387.66,11.77528973,21.2,772,6750.041667,11.223722236146509,0.0,0,0,0,0,1,0,0,0,0,0,0
1,0.1039,162.26,9.903487553,14.82,702,2851.041667,8.491670234185152,26.9,1,0,0,0,1,0,0,0,0,0,0
1,0.1134,493.5,11.33857208,10.49,697,3089.041667,9.335474102732949,39.7,0,0,0,0,0,1,0,0,0,0,0
1,0.1229,640.38,10.87804719,18.93,702,3689.0,9.90518610917171,82.8,1,0,0,1,0,0,1,0,0,0,0
1,0.1261,180.94,10.60905725,12.12,667,2729.041667,8.42639282708974,68.1,0,1,0,0,0,0,1,0,0,0,0
1,0.1134,296.1,11.51292546,1.2,682,5130.0,8.294299608857235,80.0,3,0,0,0,0,0,0,0,0,1,0
1,0.1166,115.69,10.90159787,12.38,672,7530.041667,0.0,0.0,0,2,0,0,1,0,0,0,0,0,0
1,0.1134,230.3,10.71441777,9.92,687,2520.041667,7.477604243197589,34.6,1,0,1,0,1,0,0,0,0,0,0
1,0.1324,405.72,10.69557468,14.4,672,3720.0,6.645090969505644,64.0,2,0,0,0,1,0,0,0,0,0,0
1,0.0976,305.47,11.06763786,4.8,717,5070.041667,9.41140190014419,45.6,0,1,1,0,0,1,0,0,0,0,0
1,0.0737,93.14,10.58415721,1.55,802,3660.0,7.9102237070973445,7.9,0,0,0,0,1,0,0,0,0,0,0
1,0.08,109.68,10.79059661,0.62,742,7170.041667,5.733341276897746,17.1,4,0,0,0,1,0,0,0,0,0,0
1,0.08,37.61,9.60238246,2.43,747,2250.0,7.5740450053721995,6.5,3,0,0,0,0,0,1,0,0,0,0
1,0.1008,129.22,10.91871823,19.43,717,4770.0,8.399984990510696,61.7,3,0,0,0,1,0,0,0,0,0,0
1,0.1008,290.75,10.57131693,5.17,707,2190.0,9.046290859969677,66.8,1,0,0,0,0,0,1,0,0,0,0
1,0.1355,203.76,11.1844214,23.37,682,6599.0,9.894799924138562,39.0,2,0,0,0,1,0,0,0,0,0,0
1,0.0945,160.05,10.59663473,5.97,722,2819.041667,8.074960359115858,35.7,1,1,0,0,0,1,0,0,0,0,0
1,0.1355,407.52,10.91508846,14.99,667,4499.0,9.298259670014065,59.0,2,0,0,0,0,1,0,0,0,0,0
1,0.0945,320.1,11.15625052,9.38,722,1859.0,9.088285725968877,32.3,0,0,0,0,0,0,0,1,0,0,0
1,0.1039,129.81,10.30895266,6.04,697,6330.0,9.246382963323112,64.4,0,0,1,0,1,0,0,0,0,0,0
1,0.1229,366.89,10.50232405,11.6,677,1500.0,9.284148299120902,60.5,2,0,0,0,0,0,1,0,0,0,0
1,0.1134,658.0,10.91508846,5.19,712,8400.0,8.609407675404048,17.4,0,2,0,1,1,0,0,0,0,0,0
1,0.0945,480.15,11.04132055,6.46,752,4500.0,8.555836815008442,34.6,2,0,0,0,0,0,1,0,0,0,0
1,0.0976,803.87,11.15625052,4.92,792,4140.0,8.043984431221553,11.3,0,0,0,0,1,0,0,0,0,0,0
1,0.1039,272.59,10.46321762,19.61,717,4439.958333,5.365976015021851,7.1,1,0,1,0,1,0,0,0,0,0,0
1,0.1197,249.0,9.862665558,10.94,677,1920.0,8.771990436532242,70.9,3,0,0,0,0,0,1,0,0,0,0
1,0.1229,400.24,11.40756495,8.81,677,2340.041667,9.647756241316175,33.1,1,0,0,0,0,1,0,0,0,0,0
1,0.0863,253.03,10.89821971,10.78,732,3390.0,8.6347984334905,67.7,1,0,0,0,1,0,0,0,0,0,0
1,0.1039,129.81,10.87804719,13.09,702,4441.0,7.1770187659099,6.9,1,0,0,0,0,1,0,0,0,0,0
1,0.0945,448.14,10.6454249,5.31,737,3030.0,9.355046592975441,24.3,0,0,0,0,0,0,1,0,0,0,0
1,0.1134,118.44,10.91508846,13.51,682,3510.0,6.436150368369428,31.1,0,0,0,0,0,0,0,0,0,1,0
1,0.1039,811.27,11.51292546,7.25,737,3780.0,0.0,0.0,2,1,0,0,1,0,0,0,0,0,0
1,0.1355,407.52,11.77528973,8.32,662,3060.041667,10.000841097792039,81.6,0,0,0,0,1,0,0,0,0,0,0
1,0.08,250.7,10.38183131,8.55,782,5550.0,9.081824949740755,18.8,0,0,0,0,0,1,0,0,0,0,0
1,0.1324,444.6,10.53720315,20.66,677,4620.041667,7.936302693201959,38.8,2,0,0,0,0,0,1,0,0,0,0
1,0.1071,489.03,11.28978191,6.9,707,7410.0,9.023890304598448,38.6,3,0,1,0,1,0,0,0,0,0,0
1,0.1355,373.56,10.77895629,22.75,677,2730.041667,9.231318778361375,96.3,0,0,0,0,0,0,1,0,0,0,0
1,0.1071,195.61,10.81977828,9.22,687,2790.0,10.007351949566416,70.0,0,0,0,0,0,1,0,0,0,0,0
1,0.1166,314.0,10.59663473,18.78,697,2309.958333,9.959915143834772,78.7,0,0,0,1,0,0,1,0,0,0,0
1,0.0768,109.17,10.30895266,2.52,762,3840.0,7.64826303090192,46.6,0,0,0,0,0,1,0,0,0,0,0
1,0.145,516.32,11.22235924,24.61,682,2430.0,10.926531829352124,80.7,3,0,0,0,0,0,1,0,0,0,0
1,0.0976,241.16,9.903487553,10.56,717,4121.958333,8.13622555490846,14.3,0,0,0,0,0,0,0,1,0,0,0
1,0.0863,221.4,10.75363848,12.23,727,2940.958333,7.160845906664299,7.8,0,0,0,0,1,0,0,0,0,0,0
1,0.1103,294.78,11.12726298,12.72,687,9119.958333,10.495847079283381,39.4,1,0,0,1,0,1,0,0,0,0,0
1,0.1513,680.69,11.22524339,19.36,662,2669.958333,9.935906338791629,55.4,0,0,0,0,0,0,1,0,0,0,0
1,0.1071,228.22,10.30895266,21.48,722,10110.0,10.102256440708683,53.4,1,0,0,0,0,1,0,0,0,0,0
1,0.08,87.75,9.60238246,5.48,747,2249.958333,7.5740450053721995,6.5,3,0,0,0,0,0,1,0,0,0,0
1,0.1039,324.51,11.08795638,14.82,767,6420.0,0.0,0.0,1,0,0,0,1,0,0,0,0,0,0
1,0.1051,97.53,10.59663473,16.08,727,3464.041667,9.587611745713565,26.7,2,0,0,1,0,0,1,0,0,0,0
1,0.1071,208.65,10.91508846,6.11,697,3689.958333,9.61393706902432,46.8,0,0,0,0,0,0,1,0,0,0,0
1,0.1482,691.55,11.40756495,23.45,692,3870.0,10.68896319927999,47.8,1,0,1,0,0,0,1,0,0,0,0
1,0.1008,323.05,10.77895629,2.65,742,4260.0,8.781555458546402,16.4,0,0,0,0,0,0,1,0,0,0,0
1,0.0832,236.14,11.15625052,2.81,757,4199.958333,8.97537724385663,30.2,0,0,0,0,0,1,0,0,0,0,0
1,0.0976,213.83,11.18886982,15.63,717,4379.958333,8.726156679156613,26.6,0,0,0,0,0,1,0,0,0,0,0
1,0.1103,537.15,10.818177,4.42,712,1859.958333,8.285261134068948,24.0,0,0,0,1,0,0,1,0,0,0,0
1,0.1039,194.71,10.20359214,21.78,737,4989.0,7.504391559161238,60.5,3,0,0,0,0,0,0,0,1,0,0
1,0.08,235.03,10.59663473,5.22,772,5280.0,0.0,0.0,3,0,0,0,1,0,0,0,0,0,0
1,0.0976,707.41,11.28978191,9.81,757,5549.958333,7.6004023345004,22.4,1,0,0,0,0,0,1,0,0,0,0
1,0.0945,128.04,11.48452599,13.16,732,2500.0,10.627382149044733,5.3,3,0,0,0,0,0,0,0,1,0,0
1,0.1261,670.13,11.09741002,13.4,687,3419.958333,10.086184039035157,77.9,0,0,0,0,0,0,1,0,0,0,0
1,0.1197,697.2,11.92503512,7.99,697,8101.958333,9.78633556772527,52.7,3,0,0,0,0,1,0,0,0,0,0
1,0.0945,480.15,11.91839057,6.47,757,3990.0,8.350666240520924,8.9,2,0,0,0,1,0,0,0,0,0,0
1,0.1134,98.7,10.53049493,7.72,677,1680.0,0.0,53.0,1,0,0,1,1,0,0,0,0,0,0
1,0.157,525.17,11.35035948,20.44,672,5490.0,10.258080330270536,56.7,1,0,0,0,0,0,1,0,0,0,0
1,0.0768,187.14,10.67359577,0.83,792,4139.958333,4.9344739331306915,0.2,0,0,0,0,1,0,0,0,0,0,0
1,0.1166,314.0,11.69524702,18.23,697,4950.0,11.649464829109055,64.5,2,0,0,0,0,1,0,0,0,0,0
1,0.1039,324.51,11.23261615,12.88,707,2939.958333,9.27706400401909,18.4,3,0,0,0,0,0,1,0,0,0,0
1,0.0976,257.24,10.08580911,17.0,732,3779.958333,8.73052880173936,53.8,0,0,0,0,0,0,1,0,0,0,0
1,0.0832,314.85,10.59533389,14.54,772,5790.0,8.464635940677562,28.1,0,0,0,1,0,0,1,0,0,0,0
1,0.1103,235.83,11.04917425,21.83,717,5219.958333,9.394826251599515,37.2,2,0,0,0,0,0,1,0,0,0,0
1,0.0976,803.87,11.69524702,8.91,792,8129.958333,8.217978203150732,12.8,1,0,0,0,0,0,0,0,1,0,0
1,0.1134,526.4,11.35040654,9.37,702,4590.0,9.086363192156472,44.8,1,0,1,0,0,0,1,0,0,0,0
1,0.1039,292.06,10.71441777,14.64,712,4439.958333,8.738735461363474,63.0,3,0,0,0,0,0,1,0,0,0,0
1,0.1324,540.96,10.59663473,11.73,672,3210.0,8.643297068211963,55.1,0,0,0,0,0,0,1,0,0,0,0
1,0.1229,100.06,10.37349118,13.28,672,4320.0,7.9865049385539955,27.7,1,2,0,0,0,1,0,0,0,0,0
1,0.1355,848.99,11.03488966,14.26,697,2730.0,8.856518497019858,13.4,2,0,0,1,0,0,1,0,0,0,0
1,0.1197,298.8,10.95954023,18.76,682,4350.0,9.1986725671085,66.7,1,1,1,0,0,0,1,0,0,0,0
1,0.0976,482.32,12.07254125,3.17,742,2820.0,7.270312886079025,3.1,0,0,0,0,0,0,1,0,0,0,0
1,0.1292,168.28,10.64780302,21.04,677,2910.958333,9.478380804172675,55.9,3,0,0,1,0,0,1,0,0,0,0
1,0.1008,807.62,11.88448902,1.73,762,7769.958333,8.645058562414134,14.1,1,0,0,0,1,0,0,0,0,0,0
1,0.1039,811.27,11.40756495,13.28,747,3359.958333,10.790493644582789,10.9,0,0,0,0,0,0,1,0,0,0,0
1,0.1324,253.58,10.81961827,24.89,712,2418.0,9.874007247213619,83.7,3,1,0,0,0,0,1,0,0,0,0
1,0.1324,118.34,10.95080655,23.05,687,2730.0,10.736157516440208,88.4,0,0,0,0,0,0,1,0,0,0,0
1,0.1039,584.12,12.23076526,12.27,712,5549.958333,11.252015143015875,32.3,2,0,0,0,0,1,0,0,0,0,0
1,0.1103,52.41,10.53209621,15.84,682,1829.958333,0.0,49.4,0,0,0,0,0,0,0,1,0,0,0
1,0.1008,151.03,10.46310334,18.72,722,3900.0,9.201400530406708,99.1,2,0,0,1,0,0,1,0,0,0,0
1,0.0832,188.91,11.5228758,11.75,737,6870.0,7.334981878871814,4.7,0,0,0,0,0,0,0,1,0,0,0
1,0.0976,167.21,10.4341158,1.52,707,2579.958333,8.45531778769815,28.8,1,1,0,0,1,0,0,0,0,0,0
1,0.0832,251.88,10.62254611,17.6,797,6989.958333,8.85623355614316,8.4,0,0,0,1,0,0,0,1,0,0,0
1,0.1008,161.53,10.6454249,21.77,762,4470.958333,2.6390573296152584,1.9,1,0,0,0,0,0,0,0,0,1,0
1,0.1292,807.74,11.46163217,7.06,687,6360.0,9.127176130715414,49.7,2,1,1,0,1,0,0,0,0,0,0
1,0.1261,837.67,11.60739893,24.04,757,7260.0,9.014447135152134,63.2,0,0,0,1,0,1,0,0,0,0,0
1,0.1292,269.25,10.81977828,1.39,662,4446.958333,7.898411092811599,49.9,3,0,0,0,1,0,0,0,0,0,0
1,0.0976,578.79,11.50287513,8.86,742,4530.0,7.803435056952168,61.2,3,0,0,0,1,0,0,0,0,0,0
1,0.0768,93.57,10.81977828,0.79,757,3180.0,8.267448958304849,10.5,0,0,0,0,1,0,0,0,0,0,0
1,0.1197,166.0,10.77895629,20.68,692,9330.0,9.527702598529375,28.4,0,0,0,0,1,0,0,0,0,0,0
1,0.1134,329.0,10.81977828,12.05,692,1620.0,9.528430400599346,62.2,0,0,0,0,1,0,0,0,0,0,0
1,0.1103,201.44,10.48328685,17.1,687,1260.0,8.718009330846357,64.3,0,0,0,0,0,1,0,0,0,0,0
1,0.1008,646.1,11.91839057,6.86,742,3180.0,4.442651256490317,0.2,2,0,0,0,0,1,0,0,0,0,0
1,0.0976,385.86,11.45952469,8.65,727,4650.0,9.856081430138858,28.6,3,1,0,1,1,0,0,0,0,0,0
1,0.1229,232.64,10.23995979,12.81,667,6283.958333,9.53372736904874,38.4,0,1,0,0,0,0,1,0,0,0,0
1,0.1166,330.53,11.69524702,8.13,682,3060.0,10.98776424243687,81.1,0,0,0,0,0,1,0,0,0,0,0
1,0.1292,201.94,10.61643736,15.32,667,2700.0,8.866722667194098,47.3,2,2,0,0,0,0,1,0,0,0,0
1,0.1071,603.13,10.44290063,13.33,717,4560.0,9.80807736773147,34.4,0,0,0,0,0,0,1,0,0,0,0
1,0.1039,389.41,10.43816641,15.99,712,4590.0,8.72453251118548,52.7,1,0,0,0,0,0,1,0,0,0,0
1,0.08,250.7,10.80454281,2.24,777,3780.958333,7.6290038896529575,7.3,1,0,0,0,0,0,0,0,0,1,0
1,0.1482,691.55,11.22524339,14.69,672,4439.958333,10.285103858612302,60.4,1,0,0,0,0,0,1,0,0,0,0
1,0.0832,37.79,10.40426284,3.42,722,2160.0,8.807771066980044,19.2,1,0,0,0,1,0,0,0,0,0,0
1,0.1039,194.71,10.58870336,13.88,702,2730.0,8.881697406469304,65.4,1,0,0,0,0,1,0,0,0,0,0
1,0.0976,321.55,10.49824983,8.11,717,4139.958333,8.729073550451737,11.2,2,0,0,1,0,0,1,0,0,0,0
1,0.0945,640.2,11.44563115,3.98,777,3029.958333,3.4965075614664802,0.3,0,0,0,0,1,0,0,0,0,0,0
1,0.0768,187.14,10.5865844,9.52,817,6629.958333,6.827629234502852,3.8,0,0,0,0,0,0,0,0,0,1,0
1,0.1324,202.86,10.55581274,23.09,687,5010.0,9.201602306032898,65.6,1,0,0,0,0,0,0,0,1,0,0
1,0.0863,142.33,9.047821442,4.24,732,2100.0,8.809862805379057,7.2,0,1,0,0,0,1,0,0,0,0,0
1,0.1324,338.1,11.53272809,7.31,667,3823.0,10.220230730583488,96.3,2,0,0,1,0,0,0,1,0,0,0
1,0.1166,528.84,11.28978191,13.47,702,2400.0,9.613068404374461,46.7,3,0,0,0,0,0,1,0,0,0,0
1,0.1229,266.83,11.47210347,5.36,687,4062.958333,10.720002147046358,66.7,3,1,0,1,0,1,0,0,0,0,0
1,0.0768,155.95,12.1281111,11.97,777,5526.958333,9.132811169466946,33.3,0,0,0,0,1,0,0,0,0,0,0
1,0.1324,845.25,11.91839057,7.84,697,5189.958333,10.354754236444899,95.7,0,0,0,0,0,1,0,0,0,0,0
1,0.1134,230.3,10.59663473,9.81,682,3030.958333,8.775858314797526,96.6,0,0,0,0,0,0,1,0,0,0,0
1,0.1134,263.2,10.71441777,8.75,682,2490.0,0.0,66.7,1,1,0,1,0,0,1,0,0,0,0
1,0.1071,391.22,11.30458678,18.59,717,2639.958333,10.450654748704556,69.0,1,0,0,0,0,0,1,0,0,0,0
1,0.0832,314.85,11.28978191,6.25,752,3150.0,8.0861025356691,16.7,0,0,0,0,1,0,0,0,0,0,0
1,0.1166,462.74,10.91508846,8.42,687,3749.958333,9.777016888482178,83.1,0,1,0,0,0,0,1,0,0,0,0
1,0.1292,100.97,10.5454467,20.84,672,9119.958333,9.173987542510384,64.3,0,2,0,0,1,0,0,0,0,0,0
1,0.145,550.74,11.47029976,22.27,672,5159.958333,9.736901540128232,70.8,0,0,0,0,0,0,1,0,0,0,0
1,0.1324,446.29,11.22524339,21.06,682,5159.958333,9.505916206547065,71.9,1,0,1,1,0,1,0,0,0,0,0
1,0.1229,500.3,11.2515607,19.39,692,3450.0,9.809121926500406,44.3,2,1,0,0,0,0,1,0,0,0,0
1,0.1229,50.03,10.27505111,4.18,662,2850.0,0.0,0.0,3,0,0,0,0,0,1,0,0,0,0
1,0.0976,176.86,10.26813067,21.92,762,3120.0,7.475339236566737,26.3,0,0,0,0,0,0,1,0,0,0,0
1,0.0976,96.47,11.51292546,2.1,702,1770.0,9.040737587590003,22.0,0,0,0,0,0,1,0,0,0,0,0
1,0.1166,370.19,11.28978191,17.78,692,1980.0,10.096584182498042,56.5,0,0,0,1,0,0,1,0,0,0,0
1,0.08,206.83,10.82177629,12.86,762,12330.0,8.113726085970747,16.9,1,0,0,0,1,0,0,0,0,0,0
1,0.1134,296.1,9.825526011,11.68,682,4230.0,9.13108069099055,64.6,1,0,1,1,0,1,0,0,0,0,0
1,0.1103,818.83,11.99535161,9.38,722,3719.958333,8.955060950631902,26.0,0,2,0,0,0,0,1,0,0,0,0
1,0.0976,318.34,11.00209984,1.8,717,3820.0,8.413387022690648,18.7,2,0,1,0,0,1,0,0,0,0,0
1,0.0832,125.94,11.10465643,0.0,767,4740.0,7.2456550675945355,1.9,1,0,0,0,0,0,0,0,1,0,0
1,0.0976,450.17,10.71441777,11.31,727,2730.0,9.586857158128455,59.5,0,0,0,0,0,1,0,0,0,0,0
1,0.1229,23.35,9.852194258,12.38,662,1199.958333,0.0,53.2,1,0,0,0,0,0,1,0,0,0,0
1,0.1166,178.49,10.9560559,15.92,687,4505.958333,8.018954683155718,76.8,0,1,0,0,0,0,1,0,0,0,0
1,0.1197,116.2,10.61643736,21.97,687,3749.958333,9.763938087586043,93.5,1,0,0,0,0,0,1,0,0,0,0
1,0.1166,247.9,11.00209984,19.22,687,4530.0,9.783915417395283,92.4,1,0,0,0,0,0,1,0,0,0,0
1,0.1292,269.25,10.71441777,19.89,692,5249.958333,8.467162257810672,89.7,1,0,0,0,0,0,1,0,0,0,0
1,0.1103,262.03,10.57131693,14.8,697,1589.958333,9.0068768914288,57.0,0,0,0,0,0,1,0,0,0,0,0
1,0.1103,141.66,11.69524702,15.07,722,5219.958333,11.166002812474174,88.7,1,0,0,0,1,0,0,0,0,0,0
1,0.1418,568.81,11.08460106,14.62,667,3719.958333,9.332115428902103,61.4,1,1,0,0,0,0,1,0,0,0,0
1,0.1324,223.15,10.3859137,22.0,672,2279.958333,8.782936356349264,67.7,3,0,0,0,0,0,1,0,0,0,0
1,0.1039,243.38,11.01862914,14.85,727,2490.0,8.371704884667631,44.1,2,0,0,0,0,0,1,0,0,0,0
1,0.1071,224.14,10.57131693,9.66,717,4739.958333,9.872203262496361,90.2,1,0,0,0,0,1,0,0,0,0,0
1,0.1103,235.83,10.34174248,14.4,692,3930.0,9.856238699935517,66.6,0,0,0,1,1,0,0,0,0,0,0
1,0.1418,428.32,10.95080655,24.55,692,2700.0,10.439454468708451,59.5,0,0,0,0,0,1,0,0,0,0,0
1,0.1576,659.61,11.69524702,14.23,677,5070.0,10.22379411156297,94.6,2,1,1,0,0,0,1,0,0,0,0
1,0.1229,192.62,11.48452599,19.7,707,4530.0,9.524128691512443,46.7,1,0,0,0,0,0,1,0,0,0,0
1,0.0768,155.95,10.59663473,11.49,797,6959.958333,5.552959584921617,1.4,0,0,0,0,0,0,0,0,1,0,0
1,0.1134,213.85,10.83958091,20.82,722,8700.0,10.048453322786314,50.6,3,0,1,0,0,0,1,0,0,0,0
1,0.0976,482.32,11.64395373,14.33,762,6120.0,10.181232919041921,87.3,0,0,0,0,0,1,0,0,0,0,0
1,0.1008,587.14,12.32385568,4.51,757,5460.0,7.8351837552667485,39.5,0,0,0,0,0,0,0,0,0,1,0
1,0.0863,202.42,10.98359637,10.55,727,3344.958333,7.430707082545968,52.7,0,0,0,0,1,0,0,0,0,0,0
1,0.0976,160.78,10.54534144,4.45,712,3419.958333,9.19806534110057,60.6,2,0,0,0,0,1,0,0,0,0,0
1,0.1324,265.41,12.20607265,15.62,707,4680.0,10.49940771733497,62.3,3,0,0,1,1,0,0,0,0,0,0
1,0.1071,339.06,10.87066149,15.6,717,3749.958333,9.896462937599164,63.4,0,0,0,1,0,0,1,0,0,0,0
1,0.1134,274.72,11.00209984,14.56,687,3419.958333,9.656947423415522,66.2,0,0,1,0,0,1,0,0,0,0,0
1,0.1166,198.32,10.20359214,18.53,682,1529.958333,8.683046555502886,47.2,0,0,0,0,0,0,1,0,0,0,0
1,0.1103,183.42,10.81977828,0.6,682,1303.0,6.052089168924417,8.0,2,1,0,0,0,0,0,0,0,1,0
1,0.145,640.24,11.22524339,22.74,682,5969.958333,10.394610344026251,96.1,0,0,0,0,0,1,0,0,0,0,0
1,0.0863,132.84,11.6421978,2.09,737,6390.0,9.369990189505721,47.5,0,0,0,0,0,0,1,0,0,0,0
1,0.1197,260.62,12.10071213,6.65,682,3900.0,9.915317304289704,24.4,3,0,0,0,0,0,1,0,0,0,0
1,0.1197,109.56,9.798127037,17.4,672,1169.958333,9.055205875026193,32.9,3,0,0,1,0,1,0,0,0,0,0
1,0.1166,240.46,10.91348718,16.91,712,4859.958333,9.774630930411124,98.2,0,0,0,1,0,1,0,0,0,0,0
1,0.1355,339.6,11.90496755,10.14,662,4620.0,8.19118600464279,37.6,1,1,0,0,0,0,1,0,0,0,0
1,0.1008,306.9,11.46163217,3.36,757,4170.0,9.686512437242294,22.8,0,0,0,0,1,0,0,0,0,0,0
1,0.1387,388.91,11.00209984,24.48,712,10110.0,10.698604506679791,73.6,0,0,0,0,0,0,1,0,0,0,0
1,0.1418,513.98,11.09741002,21.49,702,5400.0,10.12635106464302,77.1,0,0,0,0,0,0,1,0,0,0,0
1,0.1039,389.41,10.7342204,18.75,732,2370.0,9.581903928408666,23.9,0,0,0,0,0,1,0,0,0,0,0
1,0.0737,22.51,9.392661929,3.6,792,2609.958333,7.503840746698951,7.0,0,0,0,0,0,1,0,0,0,0,0
1,0.1008,315.78,11.8493977,2.74,752,5879.958333,10.251782482029256,51.0,0,0,0,0,0,1,0,0,0,0,0
1,0.145,430.27,11.00209984,21.72,697,8489.958333,10.099301016178382,83.2,0,0,1,0,0,0,1,0,0,0,0
1,0.0976,16.08,10.98529272,22.17,742,4590.0,11.088506868944977,47.8,0,0,0,0,1,0,0,0,0,0,0
1,0.1292,175.01,11.32659589,14.24,707,8670.0,10.93316053971096,73.8,0,0,0,0,0,0,1,0,0,0,0
1,0.1229,268.5,11.6307085,3.07,687,4710.0,9.834887461043872,66.7,0,2,0,0,0,0,1,0,0,0,0
1,0.08,188.02,11.98292909,0.13,767,4560.0,8.219864741912652,22.8,1,0,0,0,0,0,0,0,0,1,0
1,0.0976,204.19,11.08214255,13.79,747,8039.958333,9.55414281969224,35.4,4,0,0,0,0,0,0,0,1,0,0
1,0.1039,324.51,11.03811028,10.59,707,1469.958333,8.93840040647301,47.2,2,0,0,0,0,0,1,0,0,0,0
1,0.0976,287.79,10.71441777,7.6,727,6750.0,0.0,0.0,1,1,0,0,0,0,1,0,0,0,0
1,0.1355,155.37,11.06663836,13.5,697,7582.0,9.035986984831405,41.0,2,0,0,1,0,0,0,0,0,1,0
1,0.0976,144.7,10.90227951,4.24,707,1499.958333,8.247743887225516,61.6,0,0,0,1,0,0,1,0,0,0,0
1,0.1261,402.08,10.82512397,10.12,672,8864.958333,9.685580268017164,70.2,0,0,1,0,0,0,1,0,0,0,0
1,0.1039,324.51,10.55581274,7.12,712,2010.0,9.53575166123797,28.9,0,0,0,0,0,0,1,0,0,0,0
1,0.1071,234.74,10.59663473,18.75,712,4560.0,9.468001285315953,49.0,0,0,1,0,0,1,0,0,0,0,0
1,0.1197,292.16,10.81977828,8.14,697,6840.0,9.01724094201035,37.0,2,0,1,0,0,0,1,0,0,0,0
1,0.1197,166.0,10.77895629,13.03,677,3510.0,9.60642831827175,81.2,3,1,0,0,0,0,1,0,0,0,0
1,0.1608,492.76,11.57025053,20.39,677,6269.958333,10.423114332255187,74.7,1,0,0,1,0,0,0,1,0,0,0
1,0.0768,31.19,10.49127422,1.8,747,2520.0,8.472823243680297,16.7,0,0,0,0,1,0,0,0,0,0,0
1,0.1071,117.37,11.60823564,15.01,697,3059.958333,11.183434800359647,87.9,1,0,0,0,0,0,0,1,0,0,0
1,0.1197,166.0,10.84583582,22.73,692,3719.958333,9.412137705270794,70.3,0,0,0,0,0,0,1,0,0,0,0
1,0.1197,318.72,11.26446411,13.0,682,2999.958333,10.516535773840447,88.6,0,0,0,0,1,0,0,0,0,0,0
1,0.0976,151.13,10.69194491,18.38,722,4393.958333,9.048409504829962,25.0,1,0,0,0,0,0,1,0,0,0,0
1,0.1166,198.32,11.1124479,7.07,677,6060.0,9.014933575633572,52.1,0,0,0,0,1,0,0,0,0,0,0
1,0.1197,239.04,11.06663836,22.28,697,5579.958333,10.340806561758198,71.0,1,0,0,1,0,0,1,0,0,0,0
1,0.1166,170.22,10.47107151,17.69,702,3930.0,9.401869409521051,30.2,2,1,0,1,0,0,1,0,0,0,0
1,0.08,313.37,10.27467173,2.24,792,14100.0,7.920083199053234,16.7,0,0,0,0,1,0,0,0,0,0,0
1,0.1324,83.68,10.81977828,17.77,677,4859.958333,9.787403073515327,81.3,3,0,1,1,0,0,1,0,0,0,0
1,0.0976,96.47,10.77895629,17.65,712,3029.958333,8.851090687664982,42.8,0,0,0,0,0,1,0,0,0,0,0
1,0.1197,149.4,11.65442503,15.49,672,5159.958333,10.026854966486413,86.4,1,1,0,0,0,0,0,0,1,0,0
1,0.1166,165.27,11.15051985,3.53,677,3120.0,6.507277712385012,15.6,0,0,0,0,0,0,0,0,1,0,0
1,0.1197,135.29,11.39659388,14.59,677,5549.958333,8.61794309451638,82.5,2,0,1,0,0,1,0,0,0,0,0
1,0.1703,249.68,11.48246626,16.53,662,5189.958333,7.2078598714324755,8.3,3,3,0,0,1,0,0,0,0,0,0
1,0.1355,203.76,11.31447453,18.74,672,5820.0,9.734417801417921,51.8,1,1,0,0,0,1,0,0,0,0,0
1,0.1103,108.09,11.15625052,1.37,677,2339.958333,6.508769136971682,60.9,0,3,0,0,0,1,0,0,0,0,0
1,0.1008,129.22,9.61580548,8.08,707,1290.0,8.280711075662847,35.9,0,0,0,1,0,1,0,0,0,0,0
1,0.1071,163.01,10.81977828,9.58,702,5129.958333,6.75110146893676,71.2,1,0,0,1,1,0,0,0,0,0,0
1,0.0832,128.3,9.862665558,1.25,742,1981.0,5.6937321388027,2.0,0,0,0,0,0,0,1,0,0,0,0
1,0.1039,184.97,10.49127422,9.57,697,2430.0,8.755107121633896,74.4,0,0,0,0,0,0,1,0,0,0,0
1,0.1008,323.05,10.48192509,21.57,747,4889.958333,9.739438040529622,26.4,0,0,0,0,0,0,1,0,0,0,0
1,0.1261,134.03,10.33851146,22.83,677,2432.0,7.964503363551548,61.2,2,0,1,0,0,0,1,0,0,0,0
1,0.1229,93.39,10.18490001,25.43,737,1380.0,7.441906728051625,6.4,0,0,0,0,1,0,0,0,0,0,0
1,0.1008,161.53,10.20359214,12.71,732,3150.0,9.37906997525067,20.6,0,0,0,0,0,0,1,0,0,0,0
1,0.0832,220.39,10.91501573,9.58,782,4439.958333,9.13830716907635,24.7,1,0,0,0,0,0,1,0,0,0,0
1,0.1008,161.53,10.70324447,11.73,742,4499.958333,8.551014739891748,44.2,1,0,0,0,1,0,0,0,0,0,0
1,0.1103,229.28,10.37349118,0.38,702,9929.958333,2.3978952727983707,0.4,0,3,0,0,1,0,0,0,0,0,0
1,0.0976,199.36,10.49127422,16.8,732,10199.95833,9.686698766859926,75.6,0,0,0,0,0,1,0,0,0,0,0
1,0.1103,78.61,10.81977828,13.82,682,3990.0,8.538367426647644,60.8,0,0,0,0,0,0,1,0,0,0,0
1,0.1134,220.43,10.23995979,23.14,752,2400.0,4.564348191467836,0.8,1,0,0,1,0,0,0,0,0,1,0
1,0.1576,350.39,10.66061161,13.56,662,3450.0,7.638679823876112,23.1,2,0,0,0,0,0,0,0,1,0,0
1,0.1103,147.39,10.52788737,24.97,757,6780.0,10.016994793329722,32.0,0,0,0,0,0,1,0,0,0,0,0
1,0.1608,387.17,11.31447453,19.96,662,6599.958333,9.883743923499516,31.1,1,0,0,1,0,0,1,0,0,0,0
1,0.1071,286.9,11.08980542,13.08,702,4379.958333,10.465927919019618,51.5,2,0,0,0,0,0,1,0,0,0,0
1,0.1039,243.38,11.41861479,10.64,707,3331.0,9.335826992017598,31.9,2,1,0,0,0,1,0,0,0,0,0
1,0.08,219.36,10.46310334,15.81,797,4740.0,6.4692503167957724,2.7,0,0,0,0,0,0,1,0,0,0,0
1,0.1039,259.61,10.95080655,14.42,732,2579.958333,9.645040605352682,47.8,0,0,0,0,0,0,1,0,0,0,0
1,0.0863,506.05,10.40426284,1.16,812,7409.958333,7.718240951959316,3.1,0,0,0,0,1,0,0,0,0,0,0
1,0.1071,97.81,10.65169094,16.83,687,2370.0,9.095153962167066,53.4,2,1,0,0,0,0,1,0,0,0,0
1,0.1197,307.93,11.32659589,7.46,687,6900.0,9.766005509214866,92.2,0,0,1,0,0,0,1,0,0,0,0
1,0.1387,170.58,10.70324447,29.15,752,4529.958333,8.551014739891748,44.2,1,0,0,0,0,0,1,0,0,0,0
1,0.1039,178.48,10.4341158,18.46,717,5670.0,5.170483995038151,1.0,0,0,0,1,0,0,0,0,1,0,0
1,0.0945,272.09,10.81977828,3.12,762,2579.958333,7.033506484287697,18.0,1,0,0,0,0,0,0,0,1,0,0
1,0.0768,99.81,11.0303147,12.29,762,10709.95833,8.886409166849282,3.6,2,0,0,0,0,0,0,0,0,1,0
1,0.1292,252.42,10.98529272,18.81,672,3889.0,9.408863308108145,58.9,3,0,1,1,0,0,1,0,0,0,0
1,0.1292,168.28,9.825093485,9.41,662,11039.95833,8.445267451844648,89.5,1,1,0,0,0,0,1,0,0,0,0
1,0.1134,296.1,11.7905572,5.44,682,4889.958333,10.131459428706979,85.4,1,0,1,0,0,1,0,0,0,0,0
1,0.1008,206.76,11.03488966,8.11,712,5549.958333,8.668368019213355,49.3,2,0,1,0,0,0,1,0,0,0,0
1,0.1008,310.13,11.00209984,19.72,732,5070.0,9.87822102528824,30.9,0,0,0,0,0,0,1,0,0,0,0
1,0.1008,128.42,10.49664864,21.78,762,6719.958333,9.463430999658344,19.5,1,0,0,0,0,0,1,0,0,0,0
1,0.1103,147.39,11.28978191,11.03,697,10649.95833,10.685400819681965,82.5,0,0,0,1,0,1,0,0,0,0,0
1,0.1387,327.5,11.60823564,18.62,662,6299.958333,11.127718762628396,82.7,3,0,0,0,0,0,1,0,0,0,0
1,0.1134,131.6,11.56171563,11.04,677,1650.0,7.331714969726466,50.9,2,0,1,0,1,0,0,0,0,0,0
1,0.145,289.14,10.81977828,20.59,662,1680.0,9.855189767128376,69.0,0,0,0,0,0,0,1,0,0,0,0
1,0.1229,213.46,10.46310334,20.78,687,4620.0,9.149421957006766,64.0,1,0,0,0,0,0,1,0,0,0,0
1,0.1166,185.1,11.00209984,21.52,707,4529.958333,10.57159893662485,34.2,1,0,0,0,0,1,0,0,0,0,0
1,0.1103,245.65,11.56171563,11.14,692,7054.958333,10.323841273138044,61.3,2,0,0,0,0,0,1,0,0,0,0
1,0.0976,160.78,10.75790288,13.53,717,8429.958333,8.517393171418904,23.1,1,0,0,0,1,0,0,0,0,0,0
1,0.08,188.02,10.20359214,5.38,752,4350.0,8.692825760059396,70.9,0,0,0,0,1,0,0,0,0,0,0
1,0.1071,163.01,12.20607265,12.48,702,7319.958333,10.87970619299017,69.9,1,0,0,1,1,0,0,0,0,0,0
1,0.1134,118.44,10.46310334,14.47,687,2339.958333,8.951958168569265,48.9,0,0,0,0,0,1,0,0,0,0,0
1,0.1387,118.55,10.66881585,24.51,687,4109.958333,9.954370762850697,81.6,3,0,0,1,0,1,0,0,0,0,0
1,0.1103,98.26,10.30895266,14.56,682,5189.958333,9.056373008678756,84.0,1,0,1,0,1,0,0,0,0,0,0
1,0.1039,207.69,11.3736634,14.79,712,5430.0,9.977341921106609,66.9,2,0,0,0,0,0,1,0,0,0,0
1,0.0945,128.04,10.27505111,17.63,722,4320.0,8.220941168281389,15.1,0,0,1,0,0,0,1,0,0,0,0
1,0.0737,62.1,11.49272276,0.0,782,6450.0,8.56331312702979,5.1,0,0,0,0,1,0,0,0,0,0,0
1,0.1292,154.82,10.4341158,20.33,672,1770.0,9.945301055349539,43.4,2,0,0,0,0,0,1,0,0,0,0
1,0.1166,122.3,11.0090258,19.58,697,5519.958333,9.677151410322754,88.8,0,0,1,1,0,1,0,0,0,0,0
1,0.1418,342.66,11.40756495,20.77,672,2626.958333,10.987104639696746,62.3,0,0,0,0,0,1,0,0,0,0,0
1,0.1134,210.56,10.858999,16.98,692,1469.958333,7.972121128921655,41.4,0,0,0,0,0,0,1,0,0,0,0
1,0.0863,237.21,11.28978191,14.6,762,3370.958333,7.028201432058005,3.8,1,0,0,0,0,0,0,0,0,1,0
1,0.1197,136.95,11.15625052,6.6,677,2400.0,9.738200088297953,40.4,2,0,0,1,0,0,1,0,0,0,0
1,0.1008,177.68,11.88448902,5.53,707,5611.958333,10.191744459738752,41.4,2,0,0,0,1,0,0,0,0,0,0
1,0.1166,101.64,11.51292546,20.53,702,7079.958333,11.424727930228103,87.8,0,0,0,1,0,1,0,0,0,0,0
1,0.0863,189.77,11.51292546,4.55,727,6480.0,8.250358951477294,12.0,0,1,0,0,0,0,1,0,0,0,0
1,0.08,219.36,10.69194491,16.04,777,3389.958333,6.6240652277998935,1.9,1,0,0,0,0,0,1,0,0,0,0
1,0.08,156.69,10.59663473,5.7,762,9599.958333,8.956222016362542,10.8,3,0,0,0,0,0,0,0,1,0,0
1,0.08,175.49,10.69194491,0.95,797,6636.958333,7.62657020629066,0.7,5,0,0,0,1,0,0,0,0,0,0
1,0.1071,293.42,10.57131693,11.69,697,1680.0,9.089189170412032,52.4,2,0,0,0,1,0,0,0,0,0,0
1,0.1008,138.92,10.858999,5.33,707,10739.95833,8.511778558714738,61.4,0,0,0,0,1,0,0,0,0,0,0
1,0.1197,70.55,11.08214255,14.95,682,3120.0,10.715062005631752,95.2,1,0,0,0,0,0,1,0,0,0,0
1,0.08,70.51,11.08214255,12.55,802,6299.958333,11.664933851725452,1.4,0,0,0,1,1,0,0,0,0,0,0
1,0.1197,76.36,11.00209984,24.94,732,6359.958333,9.988104398256008,49.4,0,0,0,0,0,0,1,0,0,0,0
1,0.0832,134.6,10.49127422,1.77,757,4019.958333,8.830250570199247,17.5,3,0,0,0,1,0,0,0,0,0,0
1,0.1071,163.01,10.30895266,20.28,717,3150.0,8.703672758358856,45.3,0,0,0,0,0,1,0,0,0,0,0
1,0.0737,31.05,10.59663473,12.9,777,10259.95833,8.30795254527102,46.6,0,0,0,0,1,0,0,0,0,0,0
1,0.1008,171.22,11.30220443,14.79,712,6900.0,11.100979400762375,97.4,0,0,0,1,0,0,1,0,0,0,0
1,0.1134,180.95,11.48246626,17.15,687,5189.958333,10.283429703413207,96.2,1,0,1,0,0,1,0,0,0,0,0
1,0.1103,163.77,11.00209984,10.94,687,10050.0,9.906831953786519,88.1,1,1,0,0,1,0,0,0,0,0,0
1,0.1229,166.77,10.47163824,14.96,677,4829.958333,9.803667217253917,69.2,0,0,0,0,0,1,0,0,0,0,0
1,0.08,112.82,11.73606902,5.46,797,9330.0,8.19946419761216,20.3,2,0,0,0,1,0,0,0,0,0,0
1,0.0863,163.68,11.35040654,18.52,747,6420.0,10.24640327098345,27.0,0,0,0,0,1,0,0,0,0,0,0
1,0.1008,193.83,10.77895629,9.3,707,6329.958333,8.343315881404946,36.2,0,0,0,1,0,0,1,0,0,0,0
1,0.1008,122.76,11.51292546,21.54,742,4350.0,10.28003865047965,31.8,0,0,0,0,1,0,0,0,0,0,0
1,0.1166,231.37,11.08214255,19.68,687,4499.958333,10.704344985957912,39.6,0,0,0,0,0,0,0,0,1,0,0
1,0.0945,160.05,10.59663473,15.06,727,5070.0,8.74862232231722,30.7,0,1,0,0,0,0,1,0,0,0,0
1,0.1222,179.93,11.00209984,18.08,692,3190.0,10.166390133623686,37.0,1,0,0,0,0,0,0,1,0,0,0
1,0.0768,62.38,11.28983191,11.46,762,8819.958333,8.736007384569218,18.7,0,0,0,0,1,0,0,0,0,0,0
1,0.1071,116.56,10.75790288,13.3,702,6060.0,9.218705288307811,53.9,1,0,1,1,0,0,0,0,1,0,0
1,0.1039,132.24,11.01862914,9.29,692,3090.0,9.571574905170932,90.3,0,0,0,0,0,1,0,0,0,0,0
1,0.1292,164.08,11.31447453,9.06,662,6629.958333,9.935228438320191,90.5,1,1,0,0,0,1,0,0,0,0,0
1,0.1292,195.21,10.81977828,18.01,672,2249.958333,8.912473274466036,53.4,0,0,0,1,1,0,0,0,0,0,0
1,0.1292,153.98,9.871377499,15.06,667,7409.958333,9.005895898094458,70.1,2,0,1,0,0,0,1,0,0,0,0
1,0.08,235.03,10.71441777,7.17,797,6090.0,9.149528232579426,11.1,1,0,0,0,1,0,0,0,0,0,0
1,0.0832,188.91,10.59663473,2.82,742,2070.0,8.45807992692373,25.3,0,0,0,0,0,0,1,0,0,0,0
1,0.1197,153.55,10.59663473,23.85,732,2353.958333,9.458137510729049,47.6,0,0,0,1,0,0,1,0,0,0,0
1,0.1387,255.86,11.03488966,19.24,662,1601.958333,9.282568005973063,90.3,0,0,0,0,0,0,1,0,0,0,0
1,0.1355,254.7,10.6454249,16.46,662,4439.958333,9.53097354456765,59.4,1,0,0,0,0,0,1,0,0,0,0
1,0.0863,173.17,11.1124479,10.33,727,5189.958333,7.787796878181171,4.4,1,1,0,0,0,0,0,0,1,0,0
1,0.1545,209.32,10.49127422,24.03,662,2339.958333,8.805225202632306,40.9,1,0,0,0,0,0,0,1,0,0,0
1,0.1324,253.58,11.66992921,5.78,662,10080.0,10.06951033636058,32.7,0,2,0,0,1,0,0,0,0,0,0
1,0.1008,188.99,11.28978191,17.61,722,3870.0,7.983098940710892,10.7,2,0,1,1,1,0,0,0,0,0,0
1,0.1071,167.09,11.08214255,6.77,692,3389.958333,9.37737907190562,94.5,2,0,0,0,0,1,0,0,0,0,0
1,0.1103,212.9,10.91508846,11.76,692,2430.0,8.789660098061537,26.6,1,1,0,0,0,0,1,0,0,0,0
1,0.1134,164.5,10.9040459,15.09,682,2940.0,9.300638009956963,37.6,3,0,0,0,0,0,1,0,0,0,0
1,0.1039,118.45,11.09741002,1.56,697,2309.958333,9.668271419987649,20.0,0,0,0,0,1,0,0,0,0,0,0
1,0.0863,98.84,10.34817337,1.92,732,5549.958333,6.703188113240863,3.8,0,0,0,0,0,0,1,0,0,0,0
1,0.1103,183.42,10.59663473,16.98,697,3660.0,9.032050676295599,62.0,2,0,0,0,0,1,0,0,0,0,0
1,0.1166,57.85,10.40426284,4.51,672,2130.0,8.77770959579525,53.6,3,0,0,0,1,0,0,0,0,0,0
1,0.06,231.03,11.1844214,14.07,672,2910.0,9.673193497193077,46.9,1,1,0,0,0,1,0,0,0,0,0
1,0.0945,128.04,10.12647109,11.38,722,1710.0,8.747034264178168,24.0,0,0,0,0,0,0,1,0,0,0,0
1,0.1008,242.29,11.08214255,16.26,717,2820.0,9.709417248707625,37.9,1,0,0,0,0,0,1,0,0,0,0
1,0.08,219.36,11.08214255,5.26,762,3870.0,0.0,0.0,1,0,0,0,1,0,0,0,0,0,0
1,0.0832,110.2,10.63258761,9.86,752,7170.0,9.31271643859305,56.2,0,0,0,0,1,0,0,0,0,0,0
1,0.1355,254.7,10.91508846,21.51,672,3870.0,9.775142686598905,86.2,1,0,0,1,0,1,0,0,0,0,0
1,0.1039,162.26,10.91501573,12.18,692,1770.0,8.416488487294606,47.1,1,0,0,0,0,1,0,0,0,0,0
1,0.1134,246.75,9.975808214,13.67,687,1199.958333,9.031213706078747,64.5,2,0,0,0,0,0,1,0,0,0,0
1,0.1039,153.33,10.4723179,18.99,712,1859.958333,9.079776001955066,34.1,1,0,0,0,0,0,1,0,0,0,0
1,0.1166,231.37,10.69194491,20.54,702,2339.958333,9.048762176320128,56.7,0,1,0,0,1,0,0,0,0,0,0
1,0.0768,109.17,9.741203889,2.26,752,1800.0,7.1098794630722715,10.7,0,0,0,0,0,0,0,1,0,0,0
1,0.0832,156.64,10.71441777,11.04,767,7439.958333,9.671744632408455,53.8,0,0,0,0,0,1,0,0,0,0,0
1,0.1103,166.23,11.40756495,17.71,692,3480.0,10.579183339482318,86.0,0,0,0,0,0,0,1,0,0,0,0
1,0.1134,131.6,10.30895266,8.32,677,2219.958333,8.35608503102148,30.8,3,0,0,0,0,1,0,0,0,0,0
1,0.0737,36.48,10.46321762,7.1,782,4860.958333,8.272570608424903,15.5,0,0,0,0,0,0,1,0,0,0,0
1,0.0832,149.55,10.6454249,5.49,747,13259.95833,5.988961416889864,1.2,3,2,0,1,0,0,0,0,1,0,0
1,0.0976,162.39,10.54975275,15.63,722,7920.0,6.875232087276577,6.4,1,0,0,0,0,1,0,0,0,0,0
1,0.1261,251.3,10.45679779,17.8,672,5612.958333,9.464517365870565,76.7,0,1,0,0,0,0,1,0,0,0,0
1,0.1039,134.67,11.2515607,5.91,697,6900.0,9.755219535867026,43.0,1,0,0,1,1,0,0,0,0,0,0
1,0.1229,163.43,13.12236338,2.19,672,2190.0,8.773384596776648,23.8,1,0,0,0,0,0,0,0,1,0,0
1,0.0832,151.13,10.57131693,10.83,742,6329.958333,10.279523849953481,48.3,6,0,0,0,0,1,0,0,0,0,0
1,0.1008,129.22,10.51867319,20.92,742,8760.0,7.390798521735676,17.2,0,0,0,0,0,0,1,0,0,0,0
1,0.1273,335.67,11.00209984,20.64,712,1800.0,8.117908942383155,54.1,0,0,0,0,1,0,0,0,0,0,0
1,0.0863,50.61,11.00209984,17.64,732,5070.0,10.096171896365629,54.6,1,0,0,0,0,0,0,0,1,0,0
1,0.1039,194.71,10.54534144,17.91,707,1410.0,8.22121009392507,19.8,2,0,0,0,0,0,1,0,0,0,0
1,0.1292,168.28,10.59653473,16.29,667,2729.958333,9.56416124693201,85.8,2,0,0,0,0,0,1,0,0,0,0
1,0.1261,251.3,11.22524339,20.58,677,6976.958333,10.961867950316359,64.1,0,1,0,0,0,0,1,0,0,0,0
1,0.0976,128.62,10.30895266,17.04,717,1110.0,7.820037989458753,32.3,0,0,0,0,0,1,0,0,0,0,0
1,0.1324,169.05,10.96812932,13.28,662,5609.958333,9.191870855692521,65.4,0,1,0,0,0,0,1,0,0,0,0
1,0.1166,138.82,11.13458902,8.51,672,4559.958333,9.927594627879362,94.0,0,0,0,0,0,0,1,0,0,0,0
1,0.145,258.16,11.59910316,21.84,662,4950.0,10.694192385440877,92.3,2,0,0,0,0,1,0,0,0,0,0
1,0.1229,133.42,10.20507253,23.52,712,1440.0,8.181440695719374,30.8,0,0,0,0,0,0,1,0,0,0,0
1,0.1292,252.42,10.81977828,17.54,667,5939.958333,10.060576767778903,35.8,1,3,0,1,1,0,0,0,0,0,0
1,0.1166,82.64,10.41774727,23.75,702,5430.0,8.263074835802596,23.8,2,0,1,0,0,0,1,0,0,0,0
1,0.0737,99.35,10.71973693,1.72,797,4559.958333,7.242797922793756,3.0,0,0,0,0,1,0,0,0,0,0,0
1,0.1229,168.44,11.03488966,8.25,667,1919.958333,10.30440902059442,82.7,0,0,0,1,1,0,0,0,0,0,0
1,0.1197,219.12,10.89673933,18.76,682,2820.0,10.029150570531785,86.3,1,1,0,0,0,1,0,0,0,0,0
1,0.08,219.36,10.70324447,7.77,767,3870.0,8.74862232231722,22.7,1,0,0,0,1,0,0,0,0,0,0
1,0.1071,244.52,11.28968191,13.02,702,3479.958333,9.072227069846548,30.1,3,0,0,0,0,0,1,0,0,0,0
1,0.1261,251.3,11.28983191,18.18,677,4320.0,9.453286550586572,61.9,1,0,0,1,0,0,1,0,0,0,0
1,0.1379,306.68,10.77895629,16.64,692,3912.041667,9.57491403870827,96.0,0,0,0,0,0,1,0,0,0,0,0
1,0.0737,93.14,10.59653473,6.39,782,3570.0,6.016157159698354,2.0,0,0,0,0,1,0,0,0,0,0,0
1,0.1134,213.85,10.54534144,12.95,687,5100.0,8.738254576526122,67.8,2,0,0,0,0,1,0,0,0,0,0
1,0.1008,242.29,10.81977828,2.93,707,1740.0,9.042394981126735,77.6,3,0,0,1,0,0,1,0,0,0,0
1,0.1166,132.21,10.08580911,3.45,672,3719.958333,8.026496938945412,21.7,0,1,0,0,0,0,0,1,0,0,0
1,0.0976,96.47,10.73630972,15.94,712,3479.958333,6.968850378341948,48.3,1,2,0,0,0,0,0,0,0,1,0
1,0.0832,236.14,10.53677857,9.01,762,2881.0,8.2960476427647,24.0,0,0,0,0,1,0,0,0,0,0,0
1,0.0945,96.03,10.16554408,14.82,717,4169.958333,6.966024187106113,11.1,0,0,0,0,0,0,0,0,0,1,0
1,0.08,235.03,11.98292909,9.98,772,5909.958333,9.873801242165767,27.9,1,0,0,0,0,0,0,0,0,1,0
1,0.0945,233.67,10.63103616,16.52,727,3135.0,7.689828668736484,15.4,0,0,0,0,0,0,1,0,0,0,0
1,0.0945,32.01,11.01862914,9.45,712,3119.958333,9.141311785565748,97.2,0,0,0,0,1,0,0,0,0,0,0
1,0.0976,176.86,11.04132055,0.0,707,2669.958333,0.0,0.0,2,0,0,0,1,0,0,0,0,0,0
1,0.1039,243.38,10.30895266,10.24,702,10319.95833,9.253878673990666,14.1,1,1,0,0,1,0,0,0,0,0,0
1,0.08,235.03,11.00209984,4.96,777,7859.958333,11.276392676537002,26.2,7,0,0,0,1,0,0,0,0,0,0
1,0.0976,128.62,9.392661929,9.6,707,1320.0,8.291045131081729,31.9,1,0,0,0,0,1,0,0,0,0,0
1,0.1008,226.14,10.40426284,18.91,717,3480.958333,9.14633504200027,10.9,0,1,0,0,0,0,0,1,0,0,0
1,0.1008,80.77,11.08220409,1.55,697,4380.0,9.184406989949679,62.9,1,0,0,0,1,0,0,0,0,0,0
1,0.0768,93.57,12.20607265,2.49,767,3870.0,8.045588280803528,1.5,2,0,0,0,0,1,0,0,0,0,0
1,0.08,206.83,9.942708266,10.04,767,3449.958333,8.961622569542543,72.2,0,0,0,0,0,1,0,0,0,0,0
1,0.1229,250.15,11.08214255,1.68,672,1259.958333,7.962763930168115,7.9,2,3,0,0,0,0,1,0,0,0,0
1,0.0863,158.14,11.77528973,10.62,727,7769.958333,7.484930283289661,25.8,0,0,0,0,0,0,0,0,1,0,0
1,0.0945,192.06,11.60823564,8.68,722,13349.95833,7.237778191923443,1.8,1,0,0,0,0,0,0,0,1,0,0
1,0.1071,78.25,10.49127422,15.2,687,3029.958333,7.945909598613133,33.2,3,1,1,0,0,1,0,0,0,0,0
1,0.1103,245.65,11.00209984,16.12,692,4469.958333,9.703999490820264,52.3,1,1,0,1,0,0,1,0,0,0,0
1,0.1229,64.21,11.00209984,11.1,662,3059.958333,8.75115798136203,45.4,0,0,0,0,1,0,0,0,0,0,0
1,0.1197,249.0,11.41861479,7.89,677,5249.958333,9.477998292597036,30.6,3,1,0,0,0,0,1,0,0,0,0
1,0.1324,253.58,11.32055357,11.42,662,2609.958333,9.460709909543985,51.8,1,0,1,0,1,0,0,0,0,0,0
1,0.1545,174.44,10.59663473,24.57,662,2435.0,7.524021415206125,92.5,3,0,0,0,1,0,0,0,0,0,0
1,0.1103,245.65,11.35040654,21.91,717,5189.958333,11.053553122793154,84.0,2,0,0,0,0,1,0,0,0,0,0
1,0.1103,245.65,11.25504424,21.11,717,5587.958333,11.13249925095349,71.6,2,0,0,0,0,1,0,0,0,0,0
1,0.0832,204.65,10.59653473,5.43,742,2850.0,9.193295937366925,19.0,5,0,0,0,0,0,1,0,0,0,0
1,0.1008,51.69,10.71441777,21.57,722,2309.958333,7.575584651557793,48.7,0,0,0,0,1,0,0,0,0,0,0
1,0.0976,154.35,10.46310334,16.77,717,2923.0,8.950143756459262,48.2,1,0,0,0,0,0,0,0,1,0,0
1,0.1008,167.99,10.59663473,11.87,702,4620.0,9.495594499353297,51.6,0,0,1,0,0,1,0,0,0,0,0
1,0.1039,243.38,10.87804719,20.92,737,2279.958333,9.185535253057212,39.0,0,0,0,0,0,1,0,0,0,0,0
1,0.1324,253.58,11.77525896,16.78,662,4260.0,11.407042590684664,79.5,3,0,0,1,0,0,1,0,0,0,0
1,0.0863,132.84,11.00209984,19.48,762,2580.0,0.0,0.0,2,0,0,0,0,1,0,0,0,0,0
1,0.1134,246.75,11.00209984,8.92,687,7260.0,7.578145472419466,4.8,0,2,0,0,0,0,1,0,0,0,0
1,0.1008,161.53,11.00209984,14.34,707,2970.0,9.183791036742646,44.7,2,0,0,0,1,0,0,0,0,0,0
1,0.1071,114.11,10.08580911,17.4,697,1949.958333,8.309922989258318,76.7,0,0,0,0,0,1,0,0,0,0,0
1,0.1229,166.77,10.97472864,5.24,667,4980.0,8.531884740159228,50.0,2,0,0,0,0,0,0,0,0,1,0
1,0.1103,163.77,11.42566678,12.44,682,5700.0,8.980423936374544,41.4,2,0,0,0,0,0,0,0,1,0,0
1,0.1134,39.48,9.798127037,21.13,697,2070.0,8.273591798199632,72.6,1,0,0,0,0,1,0,0,0,0,0
1,0.0832,113.35,9.40261226,6.14,727,4110.958333,7.964850887447313,70.2,0,0,0,0,0,0,1,0,0,0,0
1,0.1134,213.85,10.12647109,11.23,682,2460.0,7.642044402873258,28.1,3,0,0,0,0,0,1,0,0,0,0
1,0.0863,126.52,9.873234509,11.01,727,2040.958333,8.829958044235482,34.7,0,0,0,0,0,0,1,0,0,0,0
1,0.0863,189.77,10.50369674,18.77,757,2369.958333,0.0,0.0,1,0,0,0,0,1,0,0,0,0,0
1,0.0768,155.95,10.77895629,0.38,812,7950.0,3.970291913552122,0.3,0,0,0,0,0,0,0,0,1,0,0
1,0.1103,149.03,10.87804719,10.82,687,2100.0,7.982074875081202,53.2,2,0,0,0,0,1,0,0,0,0,0
1,0.1253,401.6,11.10501738,17.36,697,4229.041667,9.90473677193656,73.1,0,0,0,0,0,0,1,0,0,0,0
1,0.1039,233.65,11.05879518,8.96,707,4740.0,8.179199798423086,70.0,2,0,0,0,1,0,0,0,0,0,0
1,0.0976,241.16,11.11988288,13.55,722,6630.0,10.625100705406744,47.1,0,0,0,0,0,0,1,0,0,0,0
1,0.1134,246.75,10.40426284,3.96,682,1649.958333,9.064736398117391,28.0,1,0,0,0,1,0,0,0,0,0,0
1,0.08,163.74,9.798127037,1.33,747,1440.0,4.941642422609304,5.0,0,0,0,0,1,0,0,0,0,0,0
1,0.0863,142.33,11.2771525,7.53,722,5761.0,9.915317304289704,32.7,2,0,0,0,0,0,1,0,0,0,0
1,0.1292,201.94,10.37349118,4.76,662,1350.0,8.384575666801398,71.2,0,0,0,0,1,0,0,0,0,0,0
1,0.1197,249.0,10.95080655,6.06,677,8939.958333,8.603554357064281,40.7,0,0,0,0,1,0,0,0,0,0,0
1,0.0945,128.04,9.903487553,5.16,722,3180.0,8.19478163844336,14.9,0,0,0,0,0,1,0,0,0,0,0
1,0.1039,243.38,10.81977828,6.86,702,3180.0,9.452737380212278,61.6,1,0,0,0,1,0,0,0,0,0,0
1,0.1103,180.15,10.87804719,3.83,682,3930.0,8.158229916959494,23.6,0,0,0,0,0,0,1,0,0,0,0
1,0.1103,196.52,10.4125917,8.4,687,3359.958333,8.896451207355227,73.0,0,0,0,0,1,0,0,0,0,0,0
1,0.1039,243.38,10.6454249,3.26,702,1443.0,8.19118600464279,65.6,1,0,0,1,0,0,1,0,0,0,0
1,0.1229,166.77,10.6454249,21.66,682,2910.0,6.194405391104672,27.2,1,0,0,1,1,0,0,0,0,0,0
1,0.1229,210.13,10.69203582,0.95,667,2970.0,7.182352111885263,17.1,2,1,0,0,1,0,0,0,0,0,0
1,0.1071,244.52,11.40756495,13.57,702,5010.0,8.981932990986873,26.4,1,0,0,0,0,1,0,0,0,0,0
1,0.1008,161.53,10.77895629,3.33,702,5705.958333,6.802394763324311,15.0,0,0,1,0,0,1,0,0,0,0,0
1,0.1197,249.0,11.13959835,21.63,692,5130.0,10.317119223310685,40.8,2,0,0,1,0,0,1,0,0,0,0
1,0.1128,368.17,11.51292546,19.6,717,11102.95833,10.861553424542905,55.7,1,0,0,1,1,0,0,0,0,0,0
1,0.0945,184.06,11.47001796,14.56,732,5639.958333,10.315000999178496,35.7,1,0,0,0,0,1,0,0,0,0,0
1,0.1229,70.05,10.95156065,19.92,667,9209.958333,10.167273882312355,89.5,1,1,0,1,0,0,0,0,1,0,0
1,0.08,175.49,10.16585182,2.31,747,1800.0,7.107425474110705,8.4,1,0,0,0,0,0,0,0,0,1,0
1,0.1071,192.35,10.51325312,16.24,697,4919.958333,8.12651816878071,36.1,0,0,0,0,0,0,1,0,0,0,0
1,0.1166,52.89,11.00209984,18.4,677,5370.0,6.831953565565855,4.5,3,1,0,0,0,0,0,1,0,0,0
1,0.1261,251.3,10.6454249,5.71,667,1500.0,9.09884999594282,57.0,1,0,0,0,0,0,1,0,0,0,0
1,0.0832,125.94,10.37361617,15.07,762,2460.0,7.050122520269059,16.5,0,0,0,0,1,0,0,0,0,0,0
1,0.0737,31.05,10.4341158,0.35,807,7139.958333,4.634728988229636,0.3,1,0,0,0,1,0,0,0,0,0,0
1,0.1166,247.9,11.01862914,17.59,687,2850.0,8.787372988731876,47.8,2,0,0,0,1,0,0,0,0,0,0
1,0.08,235.03,10.77895629,4.28,812,7950.0,3.970291913552122,0.3,0,0,0,0,0,0,0,0,1,0,0
1,0.1229,250.15,11.7829526,3.18,672,3540.0,10.941677282305049,61.7,0,0,1,0,0,0,0,0,1,0,0
1,0.1103,245.65,11.65268741,7.55,687,4949.958333,10.4560499522822,95.2,0,0,0,0,0,0,1,0,0,0,0
1,0.0976,64.31,11.28983191,17.01,712,3479.958333,10.305279255277984,37.4,1,0,0,0,1,0,0,0,0,0,0
1,0.0832,236.14,10.69194491,3.74,747,3389.958333,9.35755275165657,27.1,1,0,0,0,0,0,0,1,0,0,0
1,0.0832,191.27,11.51292546,7.87,757,10470.0,9.06900719585954,23.2,0,0,0,0,0,0,0,1,0,0,0
1,0.1197,66.4,10.77895629,10.4,667,3839.958333,9.725974416734479,69.2,1,0,0,0,1,0,0,0,0,0,0
1,0.1229,100.06,10.6454249,1.71,672,2610.0,7.305188215393037,45.1,0,0,0,1,0,0,0,0,0,1,0
1,0.1261,201.04,10.30895266,19.92,672,1800.0,8.074649075066652,78.3,2,0,0,1,0,0,1,0,0,0,0
1,0.0832,220.39,10.81977828,4.42,742,2009.958333,7.002155954403621,7.1,0,0,0,0,1,0,0,0,0,0,0
1,0.1134,230.3,10.46310334,5.69,682,5249.958333,7.917900586327916,40.4,0,0,0,0,0,0,0,0,0,1,0
1,0.1261,134.03,11.87145968,10.92,662,4080.0,8.463159302923751,16.8,2,1,0,0,0,0,1,0,0,0,0
1,0.0832,236.14,10.30908599,1.52,757,2520.0,7.173958319756794,9.7,0,0,0,0,0,0,0,0,1,0,0
1,0.1286,252.2,10.78931908,20.56,682,3330.0,9.93870989824589,82.1,2,2,0,0,0,0,1,0,0,0,0
1,0.1229,50.03,11.9512062,7.43,662,5219.958333,9.05321861620397,30.6,2,0,0,0,1,0,0,0,0,0,0
1,0.1287,504.5,10.93310697,22.18,702,3303.0,8.550821372396221,8.6,2,0,0,0,0,0,1,0,0,0,0
1,0.1229,183.45,10.4341158,20.56,687,1410.0,8.301521654940728,24.0,1,0,0,0,0,1,0,0,0,0,0
1,0.0945,240.08,10.71441777,1.57,722,7560.0,7.7226775164680035,10.7,2,0,1,1,0,0,0,1,0,0,0
1,0.1355,232.63,11.15625052,24.22,687,3749.958333,9.053452616439039,55.1,1,1,0,0,0,0,0,1,0,0,0
1,0.0976,241.16,10.02552818,6.74,717,1679.958333,8.897545598709327,29.6,0,0,0,1,0,0,1,0,0,0,0
1,0.0863,237.21,10.46321762,6.0,747,5850.0,8.620110725422924,26.5,2,0,0,0,0,0,1,0,0,0,0
1,0.1039,48.68,10.46310334,13.17,697,4229.958333,2.995732273553991,0.2,1,0,0,1,0,0,1,0,0,0,0
1,0.1324,253.58,10.30895266,13.44,667,1289.958333,9.120743838164426,81.6,1,0,0,0,0,0,1,0,0,0,0
1,0.1103,163.77,10.81977828,16.56,687,4499.958333,8.6278397115033,80.9,2,0,1,0,0,0,0,1,0,0,0
1,0.1008,232.6,10.54534144,18.09,722,2369.958333,9.424806382096705,66.6,1,0,0,0,0,1,0,0,0,0,0
1,0.0945,96.03,10.71441777,5.17,722,2460.0,8.570923513837204,48.0,0,0,0,0,0,0,1,0,0,0,0
1,0.1008,96.92,10.49127422,6.9,697,2339.958333,9.030016817844901,43.5,0,0,0,1,0,0,0,1,0,0,0
1,0.1324,253.58,10.05173513,16.76,667,2820.0,8.297543529356284,66.9,0,0,0,1,0,0,1,0,0,0,0
1,0.0832,157.43,10.33501019,10.13,742,4307.0,9.920246336351083,39.2,3,0,0,0,0,0,0,0,1,0,0
1,0.1166,135.52,10.59653473,3.99,677,2460.0,8.86827250899781,18.7,0,0,0,0,0,0,1,0,0,0,0
1,0.1039,64.91,9.998979534,8.13,692,1559.958333,7.3777589082278725,9.6,2,1,0,0,1,0,0,0,0,0,0
1,0.1166,175.18,11.62803827,6.75,677,2759.958333,9.869361837806752,96.2,2,0,0,0,1,0,0,0,0,0,0
1,0.1103,147.39,10.75790288,20.81,707,4350.0,10.145256567973503,98.5,1,0,0,0,0,1,0,0,0,0,0
1,0.1103,245.65,10.96819829,21.12,717,4619.958333,10.507967440379907,91.1,0,0,0,0,0,1,0,0,0,0,0
1,0.0976,192.93,11.01856357,12.37,712,3149.958333,8.769196271411001,99.0,2,0,0,1,0,1,0,0,0,0,0
1,0.1387,221.75,11.56171563,23.99,687,4949.958333,11.134297010815624,48.9,0,3,0,0,0,1,0,0,0,0,0
1,0.097,176.7,10.59653473,0.51,717,1232.958333,3.6635616461296463,1.3,0,1,0,0,1,0,0,0,0,0,0
1,0.08,94.01,11.44035477,0.0,737,1229.958333,6.2166061010848646,2.4,2,0,0,0,1,0,0,0,0,0,0
1,0.08,219.36,10.71840979,6.61,752,2163.0,0.0,0.0,3,0,0,0,1,0,0,0,0,0,0
1,0.0832,236.14,10.81977828,2.42,762,3180.0,8.493105395887147,38.1,0,0,0,0,1,0,0,0,0,0,0
1,0.0768,154.39,10.46310334,0.0,772,6809.958333,7.122059881629142,7.3,0,1,0,0,1,0,0,0,0,0,0
1,0.1134,246.75,10.46310334,10.66,682,2714.958333,7.122059881629142,47.7,0,2,0,0,0,0,1,0,0,0,0
1,0.1001,193.64,11.00209984,11.22,707,6630.0,10.225281154616678,54.9,0,0,1,0,0,0,1,0,0,0,0
1,0.1538,243.97,11.17043516,23.54,667,5249.958333,9.145481799627687,50.1,1,3,0,0,0,1,0,0,0,0,0
1,0.1191,159.23,10.5627418,7.98,672,5729.958333,9.366489054466115,89.2,0,0,0,0,0,0,1,0,0,0,0
1,0.1222,249.9,10.59653473,24.63,727,3449.958333,8.713417653379183,56.3,1,0,0,0,0,0,1,0,0,0,0
1,0.1222,49.98,9.546812609,21.51,682,1530.0,9.00859131751613,34.0,1,0,0,0,1,0,0,0,0,0,0
1,0.1001,71.0,10.98108047,10.8,702,2520.0,6.9584483932976555,58.4,1,0,0,0,1,0,0,0,0,0,0
1,0.1191,185.76,10.14643373,2.68,677,1740.0,8.494129251817686,35.4,2,0,0,0,0,0,0,0,0,1,0
1,0.08,219.36,11.41861479,6.36,752,7804.958333,9.958733026762106,19.7,0,0,0,0,0,1,0,0,0,0,0
1,0.1222,99.96,11.01856357,21.35,682,3899.958333,9.398892478520773,51.0,0,0,0,0,1,0,0,0,0,0,0
1,0.1128,246.54,11.65507586,10.12,687,4979.958333,10.458607535181294,95.5,0,0,0,0,0,1,0,0,0,0,0
1,0.1128,164.36,11.32664408,13.53,687,8189.958333,9.704426671737876,57.7,3,0,1,1,0,0,0,0,1,0,0
1,0.1254,133.9,9.903487553,18.72,677,7590.0,9.20653313363323,94.9,1,0,0,0,1,0,0,0,0,0,0
1,0.1128,32.88,10.92478674,17.96,677,4650.0,10.023845049199862,98.1,0,0,0,0,1,0,0,0,0,0,0
1,0.1191,215.62,10.16600565,21.97,707,2280.0,8.929700114313448,98.1,1,0,0,0,0,0,1,0,0,0,0
1,0.08,219.36,10.0203813,10.04,757,5130.0,0.0,0.0,6,0,0,1,0,0,0,0,0,1,0
1,0.1159,224.53,10.62609644,11.91,682,4650.0,8.727616178321068,53.7,1,0,0,0,0,0,1,0,0,0,0
1,0.138,255.61,11.12726298,18.16,667,2280.0,9.732758541777981,63.6,1,0,0,0,0,0,1,0,0,0,0
1,0.1159,247.65,10.37349118,13.91,692,4380.0,7.664815785285735,45.3,1,0,0,0,1,0,0,0,0,0,0
1,0.1286,168.14,10.1266311,23.23,702,2490.0,9.857286533635413,69.6,2,0,0,0,1,0,0,0,0,0,0
1,0.1096,261.76,10.83958091,12.28,697,2550.0,8.58110651715989,29.4,2,1,0,0,0,1,0,0,0,0,0
1,0.0863,205.59,10.04324949,9.34,732,1619.958333,8.386400901166214,14.3,0,0,0,0,0,0,0,0,0,1,0
1,0.097,48.19,10.85892207,15.62,717,4619.958333,7.406103381237015,29.9,1,0,0,0,0,0,1,0,0,0,0
1,0.0976,241.16,11.26446411,13.91,727,4788.0,10.802652471248297,42.0,3,0,0,1,0,0,1,0,0,0,0
1,0.1064,182.39,11.26446411,4.26,697,4140.958333,0.0,21.7,0,0,1,0,0,0,0,0,0,1,0
1,0.0863,237.21,10.6454249,19.2,787,6449.958333,9.067854723679428,13.9,1,0,0,1,1,0,0,0,0,0,0
1,0.1349,407.17,10.91508846,14.53,667,9030.0,7.851661177889265,98.8,0,0,0,1,0,0,1,0,0,0,0
1,0.097,96.38,11.03488966,3.31,707,12150.0,9.086249986745132,76.8,1,0,0,0,0,0,0,0,1,0,0
1,0.08,72.08,10.83958091,11.6,762,5400.0,6.311734809152915,1.6,3,0,0,0,1,0,0,0,0,0,0
1,0.1222,83.3,10.77895629,14.77,677,4350.0,9.27902652976463,54.6,0,0,0,0,1,0,0,0,0,0,0
1,0.097,248.99,11.58988651,9.77,732,5580.0,9.551729074377214,52.7,1,0,0,0,0,0,1,0,0,0,0
1,0.1096,196.32,10.30895266,1.8,697,3360.0,7.972121128921655,42.9,0,0,0,0,1,0,0,0,0,0,0
1,0.1254,92.06,10.91501573,22.13,682,5400.0,9.819725436430797,87.6,2,0,0,0,1,0,0,0,0,0,0
1,0.1191,66.35,10.81985828,16.03,672,2339.958333,6.774223886357614,21.8,3,0,0,0,1,0,0,0,0,0,0
1,0.1286,504.4,10.86513399,18.14,677,11129.95833,9.460086905084927,31.3,0,2,0,0,1,0,0,0,0,0,0
1,0.1222,376.52,10.95080655,22.76,712,4650.0,9.09829086816756,74.5,0,0,0,1,0,0,0,0,0,1,0
1,0.08,37.61,10.81977828,4.82,737,2490.0,7.180069874302796,9.0,2,0,0,0,1,0,0,0,0,0,0
1,0.1064,328.95,11.22693529,14.62,722,4919.958333,9.5591645793702,78.7,0,0,0,0,0,0,1,0,0,0,0
1,0.1033,325.85,10.81977828,16.15,727,5669.958333,7.257002707092073,7.6,1,0,0,1,1,0,0,0,0,0,0
1,0.1071,195.61,10.62132735,12.38,697,3620.0,9.961614941212737,46.2,3,0,0,0,0,0,1,0,0,0,0
1,0.157,297.58,10.81977828,24.91,662,4559.958333,9.006509131694346,78.4,3,0,0,0,1,0,0,0,0,0,0
1,0.1096,472.81,10.71441777,1.33,712,3240.0,7.415776975415394,15.8,2,0,1,1,1,0,0,0,0,0,0
1,0.1317,251.64,10.91802234,10.81,667,2820.0,8.7662383802531,81.2,1,0,0,0,0,1,0,0,0,0,0
1,0.1033,181.57,11.3736634,5.41,712,6858.0,9.624633068687027,33.9,0,0,0,0,0,0,0,0,0,1,0
1,0.1317,216.17,10.79957558,16.09,662,4865.958333,10.109240764646255,74.4,0,0,0,0,0,1,0,0,0,0,0
1,0.1001,33.89,10.89673933,11.56,707,4559.958333,9.06773940337716,96.7,1,0,0,0,1,0,0,0,0,0,0
1,0.1222,148.28,11.83500896,19.0,677,6059.958333,10.225136174551182,74.8,1,1,0,0,0,0,1,0,0,0,0
1,0.138,177.22,12.20607265,3.07,662,8370.0,9.531988993991236,57.7,0,2,0,0,0,0,0,0,1,0,0
1,0.1096,176.69,10.96819829,15.43,707,2550.0,8.904765846682814,42.8,2,0,0,0,0,0,1,0,0,0,0
1,0.0832,138.54,10.34174248,4.26,742,1830.0,8.644882552557126,27.2,0,0,0,0,1,0,0,0,0,0,0
1,0.0832,94.46,11.31447453,8.34,737,8100.0,8.646289764750648,69.3,0,0,0,0,0,1,0,0,0,0,0
1,0.1222,246.57,10.51688023,13.16,677,4529.958333,9.290352309945568,56.1,3,0,1,0,0,0,1,0,0,0,0
1,0.1254,66.95,10.34174248,3.02,667,7380.0,8.181720455128108,60.6,3,0,0,0,0,0,0,0,1,0,0
1,0.1128,39.45,10.47728798,22.78,702,3871.958333,8.914491710191342,32.3,1,0,0,0,0,0,1,0,0,0,0
1,0.1033,110.24,10.75790288,1.79,702,3179.958333,8.10832229017324,51.1,2,0,0,0,0,0,1,0,0,0,0
1,0.1286,162.25,11.56171563,10.71,682,4470.0,9.647239545573877,96.2,0,0,0,0,0,1,0,0,0,0,0
1,0.1475,221.08,10.23995979,12.47,662,1349.958333,4.770684624465665,5.3,3,0,0,0,1,0,0,0,0,0,0
1,0.0768,187.14,12.07254125,5.19,782,4807.0,9.454148923733976,10.9,0,0,0,0,0,0,0,0,1,0,0
1,0.1601,109.01,10.61888534,24.47,697,5309.958333,10.541782481547923,98.3,0,1,0,0,0,0,1,0,0,0,0
1,0.1128,197.23,10.59663473,5.43,682,4679.958333,9.41311793733752,66.9,1,0,0,0,0,0,1,0,0,0,0
1,0.1254,187.45,11.27720313,10.92,672,5699.958333,8.91811465947453,74.6,0,0,1,0,0,0,1,0,0,0,0
1,0.0863,134.42,11.33857208,16.11,762,5850.0,9.69437017295501,55.9,0,0,0,0,0,1,0,0,0,0,0
1,0.1191,116.1,10.23981692,19.33,687,2280.0,9.21333588095598,85.0,1,0,0,0,0,0,1,0,0,0,0
1,0.1096,75.26,10.40426284,8.0,687,3630.0,7.527255919373784,33.8,0,0,0,0,1,0,0,0,0,0,0
1,0.097,38.56,9.798571383,7.13,712,1890.0,7.552762084214147,27.2,1,0,0,0,1,0,0,0,0,0,0
1,0.1096,175.06,9.998797732,20.02,722,3899.958333,7.8434564043761155,28.3,1,0,0,0,0,0,0,0,0,1,0
1,0.1507,260.25,11.22524339,19.44,662,5699.958333,10.206846104372916,97.4,2,0,0,0,0,0,1,0,0,0,0
1,0.1159,188.21,11.9511804,11.92,692,3089.958333,11.07367603969346,91.9,2,0,0,0,0,1,0,0,0,0,0
1,0.1317,212.79,11.18007865,18.95,677,6329.958333,8.935377071932177,87.3,0,0,0,0,0,0,0,0,0,1,0
1,0.1222,236.57,11.66736182,11.75,677,2850.0,10.300113711977088,67.3,1,0,0,0,0,1,0,0,0,0,0
1,0.1507,173.5,10.22194128,7.9,662,1500.0,8.619569258033104,95.5,1,0,0,0,0,0,1,0,0,0,0
1,0.1128,165.18,11.98292909,11.19,687,5369.958333,11.05649332503457,77.0,1,0,0,0,1,0,0,0,0,0,0
1,0.1128,236.68,10.93403511,19.25,707,3539.958333,8.0959035329611,29.0,1,0,0,0,0,0,0,0,1,0,0
1,0.097,57.83,10.83958091,13.44,752,5400.0,6.728628613084702,2.4,5,0,0,0,1,0,0,0,0,0,0
1,0.1001,216.23,10.59663473,5.13,717,6300.0,8.349011198176003,28.9,3,0,1,1,1,0,0,0,0,0,0
1,0.0832,78.72,10.1960079,6.58,722,6270.0,8.543835122362658,13.7,1,2,0,0,1,0,0,0,0,0,0
1,0.1317,238.13,11.29601246,23.03,702,12450.0,9.812796687251625,46.8,0,2,0,0,0,0,1,0,0,0,0
1,0.1191,165.86,10.6454249,23.63,742,5207.0,9.142917695658749,13.5,8,0,0,0,0,1,0,0,0,0,0
1,0.1033,226.96,11.13616442,8.62,722,2789.958333,10.025528178445153,61.9,1,0,0,0,0,1,0,0,0,0,0
1,0.1128,65.75,10.6454249,13.43,687,3210.0,8.756839814829462,45.7,0,0,0,0,1,0,0,0,0,0,0
1,0.1475,138.18,11.04132055,12.96,692,4320.0,7.691200097522863,27.7,3,0,0,0,1,0,0,0,0,0,0
1,0.1128,73.14,10.08580911,12.45,717,6119.958333,8.19533366716287,90.6,0,1,0,1,0,1,0,0,0,0,0
1,0.1096,121.89,10.70826555,17.41,732,4320.0,6.787844982309579,25.3,3,0,0,0,1,0,0,0,0,0,0
1,0.1159,206.37,10.54534144,8.53,682,4290.958333,8.746557354543503,22.3,3,0,1,1,0,0,0,0,1,0,0
1,0.1286,107.61,10.43081625,14.77,672,7139.958333,8.107418811719974,34.9,1,1,0,0,1,0,0,0,0,0,0
1,0.1317,168.88,11.00209984,14.6,667,2610.0,8.950143756459262,48.5,1,0,0,0,0,1,0,0,0,0,0
1,0.0832,135.39,10.81977828,17.9,757,4139.958333,8.335671314792847,17.6,0,0,0,0,0,0,0,0,0,1,0
1,0.0832,50.38,10.34174248,8.5,742,1860.0,8.33302993974291,19.9,0,0,0,0,1,0,0,0,0,0,0
1,0.1191,87.91,10.51686074,19.77,677,4559.958333,9.276128112514186,55.3,1,0,1,0,0,0,1,0,0,0,0
1,0.1191,169.18,11.20403338,18.11,687,4619.958333,10.039197819688574,75.6,0,0,0,0,0,1,0,0,0,0,0
1,0.1412,167.76,10.3859137,23.85,682,3569.958333,7.77485576666552,68.0,1,0,1,0,0,0,1,0,0,0,0
1,0.1633,264.91,10.81977828,10.8,667,5249.958333,0.0,86.3,0,0,0,1,0,1,0,0,0,0,0
1,0.097,44.18,10.59568428,20.84,757,7829.958333,9.603327958573235,36.8,0,0,0,0,1,0,0,0,0,0,0
1,0.1191,201.52,10.79949394,14.33,682,4533.958333,9.739791459865339,41.0,0,1,0,1,0,0,1,0,0,0,0
1,0.097,76.31,10.30895266,15.04,747,1679.958333,7.791935956938058,5.8,0,0,0,0,1,0,0,0,0,0,0
1,0.1475,259.08,10.30895266,20.4,662,3240.0,7.126890808898808,44.4,2,0,0,0,0,0,0,0,0,1,0
1,0.1033,180.76,10.30908599,13.88,752,2670.0,8.529911963824013,40.8,6,0,0,0,1,0,0,0,0,0,0
1,0.1633,105.97,10.91508846,26.05,672,5430.0,9.877554170509624,89.2,2,0,0,0,0,0,0,1,0,0,0
1,0.1096,185.69,11.08214255,12.04,697,8219.958333,8.902591637374087,37.3,0,0,0,0,0,0,1,0,0,0,0
1,0.1191,216.45,10.83467754,20.69,707,5669.958333,9.734003244543665,50.7,0,0,0,0,0,0,0,1,0,0,0
1,0.1222,193.26,10.91508846,14.84,677,3240.0,8.914760527397261,89.6,0,0,0,0,0,1,0,0,0,0,0
1,0.1286,50.44,10.48514436,13.45,662,4619.958333,9.246093541682,71.0,2,0,1,0,0,0,0,1,0,0,0
1,0.1096,113.71,11.22524339,9.92,687,6240.0,10.034384227337895,51.9,1,0,0,1,1,0,0,0,0,0,0
1,0.1096,110.43,10.30895266,0.6,722,1440.0,6.643789733147672,4.2,3,0,0,0,1,0,0,0,0,0,0
1,0.1096,185.69,10.70817611,18.52,712,2250.0,10.163001605159987,66.1,0,0,0,0,0,0,1,0,0,0,0
1,0.1033,109.43,10.30895266,5.52,712,1649.958333,6.395261598115449,2.9,1,0,0,0,1,0,0,0,0,0,0
1,0.1222,145.78,10.24313332,17.63,677,2550.0,8.919319398258887,35.8,2,1,0,0,0,0,0,0,0,1,0
1,0.0832,174.74,10.71163613,13.64,777,4559.958333,8.626764827845529,9.0,2,0,0,0,0,0,1,0,0,0,0
1,0.1222,79.97,10.63585545,22.36,677,5580.0,9.456106101326672,77.2,2,0,0,0,1,0,0,0,0,0,0
1,0.0832,47.23,10.54534144,2.53,732,2789.958333,8.137980454452139,22.1,1,0,0,0,0,0,1,0,0,0,0
1,0.1222,165.77,11.42954386,5.06,722,6389.958333,8.59877317840866,98.6,0,0,0,0,1,0,0,0,0,0,0
1,0.1696,135.41,10.46310334,29.42,672,5339.958333,6.285998094508865,9.2,2,0,0,0,0,0,1,0,0,0,0
1,0.1191,116.1,12.07254125,2.47,677,1770.0,10.077734934062509,60.6,1,0,0,0,0,0,0,1,0,0,0
1,0.1096,110.43,10.71441777,13.6,722,4470.0,10.05539285624928,92.0,3,0,0,0,0,0,1,0,0,0,0
1,0.08,159.82,10.87804719,6.23,752,4649.958333,9.249561085129464,31.3,1,0,0,0,0,0,1,0,0,0,0
1,0.1146,263.66,11.28978191,21.72,697,7577.0,11.200281076894816,72.9,0,0,0,1,0,0,1,0,0,0,0
1,0.1159,194.82,11.51292546,20.29,707,6119.958333,10.953487161283544,78.7,0,0,0,0,0,1,0,0,0,0,0
1,0.1001,69.39,10.46310334,1.2,722,3330.0,7.783640596221253,35.8,0,0,0,0,0,0,1,0,0,0,0
1,0.1538,243.97,11.28978191,9.24,667,6540.0,10.407379191699189,99.4,2,0,1,1,0,1,0,0,0,0,0
1,0.0768,96.69,10.6214249,9.39,787,5044.958333,9.662434580678351,21.5,1,0,0,0,0,0,0,0,0,1,0
1,0.1128,218.6,11.1844214,16.86,697,2208.0,9.983222520554982,49.9,1,0,0,1,0,1,0,0,0,0,0
1,0.1033,180.76,10.6454249,0.0,772,7529.958333,0.0,0.0,6,0,0,0,0,0,1,0,0,0,0
1,0.0832,141.68,10.59663473,13.02,752,6300.0,9.407878894574997,45.1,0,0,0,0,0,0,1,0,0,0,0
1,0.0832,174.74,11.31447453,4.36,752,3420.0,10.167427498042906,49.1,3,0,0,0,1,0,0,0,0,0,0
1,0.1128,139.71,10.91508846,4.65,682,3209.958333,7.938088726896952,63.7,0,0,0,1,1,0,0,0,0,0,0
1,0.1128,167.65,11.05879518,14.68,687,4770.0,9.77286620732769,38.6,2,0,0,1,0,0,1,0,0,0,0
1,0.1159,158.5,10.81977828,20.45,707,5820.0,9.374328222081633,58.9,2,0,0,0,0,0,1,0,0,0,0
1,0.0832,135.39,10.93310697,17.04,752,7499.958333,11.14035340016409,41.9,2,0,0,0,0,1,0,0,0,0,0
1,0.0737,31.05,11.25631561,0.74,782,12407.0,7.80016307039296,8.6,0,0,0,0,1,0,0,0,0,0,0
1,0.1254,226.78,11.37779279,20.95,702,6630.0,10.358345817580213,93.2,0,0,0,0,0,1,0,0,0,0,0
1,0.1221,566.36,11.28978191,7.93,742,6378.041667,9.625557771527026,27.2,1,0,0,0,1,0,0,0,0,0,0
1,0.08,184.89,12.34583459,3.92,782,4372.0,9.017726025696795,11.1,2,0,0,0,0,1,0,0,0,0,0
1,0.1159,138.68,10.30895266,17.08,687,4500.0,9.273878392780171,68.7,1,0,0,0,1,0,0,0,0,0,0
1,0.138,236.86,10.81977828,20.3,672,3690.0,9.142596719889664,79.2,1,0,0,0,0,1,0,0,0,0,0
1,0.1033,64.85,9.998797732,9.0,697,1860.0,9.097843340749037,27.8,1,0,0,0,1,0,0,0,0,0,0
1,0.0863,110.7,9.952277717,1.71,742,2345.0,6.992096427415888,10.9,1,0,0,0,1,0,0,0,0,0,0
1,0.1096,147.24,11.05089001,6.17,697,8820.0,9.773321917959331,62.3,1,0,1,0,0,0,1,0,0,0,0
1,0.1001,157.33,10.81977828,9.62,717,3119.958333,9.357034751126987,37.0,2,0,0,0,1,0,0,0,0,0,0
1,0.1128,94.51,10.51325312,4.83,687,5220.0,8.568076401730806,92.3,0,0,1,0,0,1,0,0,0,0,0
1,0.1412,191.73,10.23995979,24.77,682,3239.958333,4.465908118654584,1.1,0,0,0,0,0,1,0,0,0,0,0
1,0.0863,237.21,12.32385568,7.44,742,4380.0,9.655795128300506,21.0,2,0,0,0,0,0,0,0,1,0,0
1,0.0832,110.2,10.858999,19.41,782,13260.0,7.995643604287271,5.0,0,0,0,0,0,0,0,1,0,0,0
1,0.1128,156.14,11.3736634,1.32,722,1260.0,9.241742135115715,30.9,1,0,0,0,0,0,1,0,0,0,0
1,0.0863,159.73,11.28983191,1.84,727,4530.0,7.913521017283895,15.4,1,0,0,0,0,0,0,0,1,0,0
1,0.1128,172.58,10.7711761,5.24,712,5699.958333,9.523251498473739,58.4,0,0,0,1,1,0,0,0,0,0,0
1,0.138,81.8,10.77895629,1.35,662,1890.0,8.06211758275474,77.3,0,0,0,0,1,0,0,0,0,0,0
1,0.1159,80.9,11.35040654,13.19,682,7499.958333,10.696457443375463,51.9,0,0,0,0,0,1,0,0,0,0,0
1,0.1349,254.48,11.89067673,9.58,662,7710.0,9.617870014133226,52.2,1,0,0,1,0,1,0,0,0,0,0
1,0.1128,200.52,10.4341158,10.06,692,1769.958333,8.542860938164814,35.4,1,0,0,0,0,0,1,0,0,0,0
1,0.1286,184.95,10.42376834,17.31,672,1950.0,9.441213969352303,46.3,0,0,0,0,0,1,0,0,0,0,0
1,0.1159,247.65,11.66650455,11.89,687,2910.0,10.149917850625528,58.0,1,0,0,0,0,1,0,0,0,0,0
1,0.0768,65.5,10.92952915,3.59,757,7529.958333,9.584589972931425,32.0,1,0,0,0,1,0,0,0,0,0,0
1,0.1128,32.88,10.46310334,15.69,697,4320.958333,5.298317366548036,2.3,1,0,0,1,1,0,0,0,0,0,0
1,0.1286,92.48,10.96819829,13.57,667,2519.958333,8.04237800517328,42.6,2,0,0,0,0,1,0,0,0,0,0
1,0.1304,219.14,11.05089001,6.76,667,6167.958333,9.914823062199874,41.0,3,1,0,1,1,0,0,0,0,0,0
1,0.08,156.69,10.96812932,10.78,757,3179.958333,8.411165786770708,9.7,3,0,0,0,0,0,1,0,0,0,0
1,0.0768,124.76,10.6214249,10.74,792,4589.958333,7.9287663216266955,13.7,3,0,0,0,1,0,0,0,0,0,0
1,0.1001,242.04,11.27720313,15.21,727,4979.958333,7.938088726896952,6.7,0,1,0,0,1,0,0,0,0,0,0
1,0.1033,129.69,10.34174248,10.03,702,3839.958333,8.824236617346639,32.4,0,0,0,0,0,0,1,0,0,0,0
1,0.1096,245.4,10.51009597,7.16,697,3599.958333,10.221650332241495,56.2,3,0,0,0,0,0,1,0,0,0,0
1,0.1412,102.71,10.08580911,9.3,662,1470.0,8.529714471969909,85.8,0,0,0,0,0,1,0,0,0,0,0
1,0.1272,59.57,10.71441777,10.64,667,3179.958333,6.93828448401696,4.6,0,3,0,0,0,0,0,0,0,1,0
1,0.1051,136.54,10.95080655,10.59,707,7350.0,8.520188700396035,18.1,0,2,0,0,0,1,0,0,0,0,0
1,0.1146,98.88,9.942708266,3.58,707,3879.041667,7.912789220690681,97.5,0,0,0,0,0,1,0,0,0,0,0
1,0.1209,156.31,10.59663473,21.93,712,4650.958333,8.09162741160107,49.5,0,0,0,0,0,0,1,0,0,0,0
1,0.1083,146.97,10.54534144,13.54,712,3930.958333,7.506042178518122,29.8,2,0,0,0,0,0,0,1,0,0,0
1,0.1178,99.33,10.27090459,0.66,717,1142.0,6.738152494595957,30.1,0,0,0,0,1,0,0,0,0,0,0
1,0.1051,243.81,10.6454249,16.23,727,3573.958333,10.19559730831506,63.6,1,0,0,0,0,0,1,0,0,0,0
1,0.1083,163.3,10.76840078,21.53,742,3604.958333,9.752373922866367,54.8,1,0,0,1,0,0,1,0,0,0,0
1,0.1241,172.07,11.56171563,20.29,747,5585.0,9.088850474388472,31.2,7,0,0,0,1,0,0,0,0,0,0
1,0.1051,243.81,11.98292909,9.55,722,4685.958333,10.596134608054392,49.5,0,0,0,0,0,0,1,0,0,0,0
1,0.1588,245.69,11.46163217,24.19,667,5375.958333,6.3818160174060985,84.3,0,0,0,0,1,0,0,0,0,0,0
1,0.0907,238.75,11.00209984,4.86,752,7626.958333,9.056722883310583,25.0,1,0,0,0,1,0,0,0,0,0,0
1,0.102,242.71,11.27663335,11.99,732,4686.958333,10.662047871644305,40.4,3,0,0,1,0,0,0,0,1,0,0
1,0.0907,210.1,10.37361617,1.84,742,2680.0,8.494947582468917,10.7,1,0,0,1,1,0,0,0,0,0,0
1,0.1083,244.94,11.40756495,20.91,747,5641.0,11.698068038950884,47.5,0,0,0,0,0,1,0,0,0,0,0
1,0.0907,191.0,11.08214255,5.0,752,4384.0,4.465908118654584,0.5,1,0,0,0,1,0,0,0,0,0,0
1,0.0832,47.23,10.858999,12.39,722,3800.0,10.187613308785131,33.7,0,0,0,0,0,0,0,0,1,0,0
1,0.102,97.09,10.91508846,0.33,802,3216.958333,3.6375861597263857,0.2,0,0,0,0,0,0,0,0,0,1,0
1,0.1272,251.7,11.31447453,11.12,677,6008.0,9.420358156071465,46.0,0,1,0,0,0,0,1,0,0,0,0
1,0.1114,156.65,10.83958091,6.4,697,4709.958333,9.262743050769231,41.0,2,0,0,0,0,1,0,0,0,0,0
1,0.1336,338.68,10.71441777,1.73,687,3509.958333,8.056426767522984,30.3,1,0,0,0,1,0,0,0,0,0,0
1,0.0907,229.2,10.96812932,9.35,742,9419.958333,8.129469764784231,9.2,1,0,0,0,0,0,0,0,0,1,0
1,0.1146,411.97,11.32418334,14.16,707,6089.958333,10.642897897565712,62.5,0,0,0,0,0,0,0,0,0,0,1
1,0.1557,244.62,10.93310697,1.18,672,1409.958333,5.545177444479562,15.0,2,0,0,0,0,0,0,0,0,0,1
1,0.1304,252.85,11.03488966,18.21,682,5777.958333,9.857443614034722,89.2,1,0,0,0,0,0,1,0,0,0,0
1,0.0938,335.76,10.91508846,6.41,737,2459.958333,7.566828479208331,11.4,2,0,0,1,0,0,0,0,0,0,1
1,0.1178,380.76,10.73116563,15.21,707,5039.958333,9.2299469016151,75.5,0,0,0,0,0,0,1,0,0,0,0
1,0.1304,182.06,11.2515607,22.08,707,5220.0,9.135940049399933,15.0,1,0,1,0,0,0,1,0,0,0,0
1,0.08,297.7,10.91508846,3.53,787,14159.95833,8.877939834725023,10.7,2,0,0,1,0,0,0,1,0,0,0
1,0.0938,383.73,11.81303006,9.91,767,13620.0,7.365180126021013,7.2,0,0,0,0,0,0,0,0,0,0,1
1,0.1493,865.78,11.98292909,10.73,682,1799.958333,10.412020550242234,73.9,0,0,0,0,1,0,0,0,0,0,0
1,0.1209,299.32,10.87804719,4.3,692,1679.958333,9.183585634667363,72.1,1,0,0,0,0,0,1,0,0,0,0
1,0.0938,359.74,10.71441777,12.96,757,3599.958333,9.420763358881013,30.8,0,0,0,0,0,1,0,0,0,0,0
1,0.1146,197.75,10.34817337,13.73,692,2069.958333,9.557823197546,85.8,0,0,0,1,0,1,0,0,0,0,0
1,0.0768,124.77,10.23995979,5.57,777,6095.041667,8.514990767861038,14.6,0,0,0,0,0,0,1,0,0,0,0
1,0.1462,861.99,11.98292909,9.04,682,5369.958333,9.202912856147385,45.1,1,2,0,1,0,1,0,0,0,0,0
1,0.0938,172.68,11.49685706,19.36,732,6000.0,10.518051376717915,53.1,2,0,0,0,0,1,0,0,0,0,0
1,0.1178,248.32,10.30895266,17.72,692,6270.0,8.756210091886738,44.7,1,1,0,0,0,0,0,0,1,0,0
1,0.1209,598.64,11.1124479,19.22,702,5220.0,10.038804849483757,64.5,1,0,1,1,0,1,0,0,0,0,0
1,0.1272,536.11,11.73606902,10.62,692,5970.0,10.46638366859312,52.6,0,0,0,0,1,0,0,0,0,0,0
1,0.1367,236.43,11.75038998,11.16,662,6839.958333,10.344384152475557,28.3,1,1,0,0,0,0,1,0,0,0,0
1,0.1178,178.8,10.6454249,10.57,682,3780.0,8.820404065485645,21.2,3,0,0,0,0,1,0,0,0,0,0
1,0.0907,159.17,11.35040654,5.46,737,3090.0,8.784009071186633,14.3,1,0,0,0,1,0,0,0,0,0,0
1,0.0963,32.1,10.30895266,2.64,717,1928.958333,9.370671910878523,30.3,1,0,0,0,0,0,0,0,0,0,1
1,0.1114,820.13,11.51292546,5.95,732,6119.958333,10.365742488046086,53.1,2,0,0,0,0,0,0,0,1,0,0
1,0.1304,384.34,11.47210347,8.98,697,1170.0,8.732627099660395,66.7,1,0,0,0,1,0,0,0,0,0,0
1,0.08,256.96,11.21182037,11.46,772,6419.958333,10.081298953852196,19.3,0,0,0,0,0,1,0,0,0,0,0
1,0.1178,264.88,10.858999,9.09,687,3629.958333,9.630234216736469,58.1,0,0,0,0,0,1,0,0,0,0,0
1,0.1051,260.06,10.71441777,11.41,787,3929.958333,7.693481640835175,6.9,0,0,0,0,0,0,0,0,0,0,1
1,0.1178,165.55,10.75790288,22.49,692,8160.0,0.0,0.0,3,0,1,1,0,1,0,0,0,0,0
1,0.06,216.38,10.23995979,12.09,667,2550.0,9.569482270478703,67.5,1,0,0,0,0,0,1,0,0,0,0
1,0.0768,31.19,11.1844214,16.9,767,6419.958333,10.27294544533829,23.4,0,0,0,0,1,0,0,0,0,0,0
1,0.1241,517.87,10.54534144,9.06,692,5250.0,9.758346166866458,77.6,1,0,1,0,0,0,1,0,0,0,0
1,0.1083,215.55,11.1844214,17.87,712,3899.958333,8.629807335785372,14.9,0,0,1,0,0,1,0,0,0,0,0
1,0.1241,334.11,11.03488966,22.43,682,8669.958333,9.456653425317034,50.6,2,2,0,0,0,0,1,0,0,0,0
1,0.1241,233.88,11.51292546,7.88,677,9270.0,8.765770543987257,41.4,0,0,0,0,0,1,0,0,0,0,0
1,0.0768,109.17,10.858999,7.57,762,7831.0,7.222566018822171,5.9,0,1,0,0,0,0,0,0,1,0,0
1,0.1367,816.43,11.46163217,17.68,697,3330.0,10.450625818960438,89.3,1,0,0,0,0,0,1,0,0,0,0
1,0.102,161.81,11.15619338,8.21,732,3070.0,7.8383433155571165,50.7,3,0,0,0,1,0,0,0,0,0,0
1,0.1083,489.88,11.01006801,16.01,732,5850.0,10.482709870110469,40.1,3,0,0,0,0,0,1,0,0,0,0
1,0.1178,215.22,11.42081018,2.14,732,4410.0,8.421122722665503,96.6,2,0,0,1,0,0,0,0,1,0,0
1,0.1241,200.47,10.77895629,17.53,707,6509.958333,7.584264818389059,93.6,1,0,0,1,1,0,0,0,0,0,0
1,0.1304,202.28,10.38887228,24.89,672,1830.0,8.0519780789023,50.6,1,1,0,0,0,0,1,0,0,0,0
1,0.08,313.37,10.59663473,6.48,777,4923.0,9.903437551286085,18.3,1,0,0,0,1,0,0,0,0,0,0
1,0.1083,81.65,11.00209984,12.36,692,5190.0,5.552959584921617,5.8,1,3,0,0,1,0,0,0,0,0,0
1,0.1336,203.21,10.99373159,16.24,662,3539.958333,7.59890045687141,30.7,1,0,0,0,1,0,0,0,0,0,0
1,0.1367,489.86,11.69524702,13.01,672,4200.0,9.604272564270623,43.5,3,0,0,1,0,0,1,0,0,0,0
1,0.102,177.99,10.73630972,6.03,787,4589.958333,7.274479558773871,13.5,0,0,0,0,1,0,0,0,0,0,0
1,0.1178,595.97,11.44035477,17.43,707,3899.958333,10.27667048672357,41.8,0,0,0,0,0,0,1,0,0,0,0
1,0.102,275.07,10.66886237,9.15,727,2909.958333,8.813735892300215,43.7,1,0,0,0,0,0,1,0,0,0,0
1,0.1241,501.16,12.76568843,5.86,692,2429.958333,10.493327663230145,72.9,2,0,0,1,0,0,0,0,0,0,1
1,0.1051,325.08,11.05089001,22.63,717,6660.0,9.658609509075912,44.3,3,0,0,0,0,0,1,0,0,0,0
1,0.1146,329.57,10.49127422,19.3,702,2069.958333,8.644882552557126,25.2,0,0,1,0,0,0,1,0,0,0,0
1,0.1146,197.75,12.3883942,3.64,722,3209.958333,10.981114514795102,94.0,0,0,0,0,1,0,0,0,0,0,0
1,0.1146,329.57,10.89673933,21.69,722,5250.0,9.974085801381666,40.9,1,0,0,0,0,0,0,0,0,0,1
1,0.1209,330.08,11.44571672,12.92,687,2190.0,10.197872113047582,80.5,0,0,0,0,0,0,0,0,0,1,0
1,0.1462,517.2,11.58988651,11.56,667,4649.958333,9.525661930231381,45.7,1,1,0,1,0,0,0,0,0,0,1
1,0.0938,191.87,10.71441777,10.69,742,2760.0,7.4815557019095165,13.3,1,0,0,0,0,1,0,0,0,0,0
1,0.1557,698.91,10.79957558,12.39,672,4830.0,9.49822242443063,39.8,1,1,0,0,0,0,0,0,0,0,1
1,0.1051,162.54,10.40477786,2.4,767,3848.0,7.252762418053187,35.3,1,0,0,0,0,0,1,0,0,0,0
1,0.1083,391.9,10.57131693,18.22,717,2519.958333,9.686636660844938,39.3,1,0,0,0,0,0,1,0,0,0,0
1,0.1114,328.06,10.6214249,21.92,722,2640.0,9.10974625674048,16.2,2,0,0,0,0,0,0,0,1,0,0
1,0.102,485.42,11.51292546,7.93,747,3599.958333,11.367090116746684,37.8,0,0,0,1,0,0,0,0,0,0,1
1,0.1304,505.7,11.98292909,12.61,692,3569.958333,10.310817587253805,72.1,0,0,0,0,1,0,0,0,0,0,0
1,0.1304,134.86,10.40426284,12.8,667,8130.0,8.82379514872053,31.4,3,2,0,0,0,0,0,1,0,0,0
1,0.1304,674.27,12.22342128,7.02,692,3720.0,11.0345347623474,59.3,0,0,0,0,0,0,1,0,0,0,0
1,0.1146,329.57,11.45100751,7.85,727,6600.0,9.768011412973678,95.4,1,0,0,1,0,0,1,0,0,0,0
1,0.1178,496.64,11.12726298,22.43,717,8013.0,9.27199975236291,46.9,0,0,0,0,0,0,1,0,0,0,0
1,0.1126,336.03,11.15625052,1.73,742,3038.041667,8.86007342433278,13.7,3,0,0,0,0,0,0,1,0,0,0
1,0.1493,346.32,11.00209984,20.58,682,6720.0,10.936494084106243,89.2,0,0,0,1,0,0,0,0,0,0,1
1,0.1083,653.17,11.08220409,8.2,742,4171.0,9.426982836948033,66.2,1,0,0,1,0,0,1,0,0,0,0
1,0.1241,260.61,11.14186178,11.5,682,1920.0,10.493549405012748,87.8,1,0,1,0,0,0,0,1,0,0,0
1,0.1442,206.3,11.17147687,15.18,662,6709.041667,10.56144787300669,76.3,1,0,0,0,0,1,0,0,0,0,0
1,0.0907,318.33,11.03495418,4.32,782,5369.958333,10.808150948169304,2.7,1,0,0,0,0,0,1,0,0,0,0
1,0.1051,243.81,10.85892207,7.82,722,4379.958333,8.684739462628038,20.9,3,0,0,0,0,0,1,0,0,0,0
1,0.102,161.81,10.59653473,13.08,722,3929.958333,8.701845363548474,51.0,3,0,0,0,0,0,1,0,0,0,0
1,0.1367,110.56,10.1266311,24.34,672,1223.041667,9.220191688026556,24.7,2,0,0,0,0,0,1,0,0,0,0
1,0.102,58.26,10.6454249,11.09,707,2519.958333,8.19671240721307,26.1,2,0,0,0,0,0,0,0,1,0,0
1,0.1114,492.08,11.22524339,7.81,722,7140.0,9.570877846729212,71.3,0,0,0,0,0,0,1,0,0,0,0
1,0.1367,748.39,11.0744205,13.13,687,3989.958333,10.154907530801994,55.4,0,0,0,0,0,0,1,0,0,0,0
1,0.1051,747.67,11.22524339,24.93,772,3840.0,8.175829008714597,5.6,1,0,0,0,0,0,1,0,0,0,0
1,0.1178,529.75,10.6214249,15.31,712,3000.041667,9.883539914726432,43.3,3,0,0,0,0,1,0,0,0,0,0
1,0.1241,400.93,11.40756495,7.4,697,1470.0,9.293669979563187,37.6,2,0,0,0,0,0,1,0,0,0,0
1,0.1493,519.47,11.60823564,24.8,662,5580.0,10.49135754729955,71.3,1,1,0,0,0,0,1,0,0,0,0
1,0.1051,126.78,11.22524339,20.23,707,4619.958333,8.413830678421084,30.7,0,0,0,0,0,1,0,0,0,0,0
1,0.08,125.35,10.97678203,5.07,817,4081.0,5.846438775057725,0.6,0,0,0,0,1,0,0,0,0,0,0
1,0.1083,246.57,10.37361617,21.48,717,5990.041667,8.959311617172437,83.6,1,0,0,0,0,0,1,0,0,0,0
1,0.1083,261.27,10.62132735,13.29,712,5190.0,10.32098004085701,46.4,1,0,0,0,0,1,0,0,0,0,0
1,0.1493,346.32,11.31447453,8.68,682,5339.958333,2.302585092994046,0.0,0,0,0,0,0,0,0,0,0,0,1
1,0.1148,725.31,11.28978191,3.33,762,3925.958333,8.79920924224139,7.3,1,0,0,0,0,0,0,0,0,1,0
1,0.102,485.42,10.3155972,12.87,752,5789.958333,9.606293719711752,31.3,2,1,0,0,0,1,0,0,0,0,0
1,0.0938,207.85,10.1266311,15.98,767,3757.041667,6.369900982828227,21.6,3,0,0,0,1,0,0,0,0,0,0
1,0.1178,331.1,10.80576049,17.67,722,3599.958333,10.221832186794726,33.4,1,0,0,0,0,0,0,0,0,0,1
1,0.1272,302.04,10.57131693,9.29,712,6179.958333,8.271548374755515,46.3,0,0,0,0,0,0,1,0,0,0,0
1,0.1051,260.06,10.43399815,11.19,757,2520.0,2.3978952727983707,0.1,3,0,0,1,0,0,0,0,0,1,0
1,0.1051,165.79,11.02190247,5.67,752,1799.958333,3.713572066704308,1.7,0,0,0,0,0,0,0,0,0,0,1
1,0.1272,268.48,10.97848998,0.51,702,4019.958333,5.6240175061873385,0.8,2,0,0,0,0,0,0,0,0,0,1
1,0.0907,95.5,11.06929109,3.03,727,6509.958333,8.40827078419205,72.3,0,0,0,1,0,1,0,0,0,0,0
1,0.102,103.56,10.37349118,4.95,717,9570.0,6.903747257584598,2.2,1,2,0,0,1,0,0,0,0,0,0
1,0.1399,410.08,10.79314679,10.11,662,4830.0,9.618734519590227,76.0,1,0,0,0,0,0,1,0,0,0,0
1,0.1146,79.1,10.77895629,12.43,682,1950.041667,8.522777569710138,62.8,1,0,0,0,0,0,0,0,1,0,0
1,0.1178,331.1,11.09133097,8.8,717,2310.0,10.218553734200675,40.5,2,0,0,0,0,0,1,0,0,0,0
1,0.1241,559.63,10.71441777,24.75,722,6179.958333,10.244129654600282,95.3,1,0,0,0,0,1,0,0,0,0,0
1,0.1146,49.44,10.26102213,7.22,702,1650.0,0.0,0.0,2,1,0,0,1,0,0,0,0,0,0
1,0.1525,869.7,11.81303006,15.56,722,11850.0,11.465383022072766,58.1,0,0,0,0,0,0,0,0,0,0,1
1,0.1114,262.45,11.00209984,8.64,702,4350.0,8.230843564198235,50.7,1,1,0,0,0,0,1,0,0,0,0
1,0.1367,217.72,11.6127708,24.03,667,4739.958333,10.504409789053556,92.3,3,0,0,0,0,1,0,0,0,0,0
1,0.08,344.71,10.69194491,1.94,822,11579.95833,8.263590432617319,7.9,2,0,0,0,1,0,0,0,0,0,0
1,0.1083,440.89,11.26446411,11.52,717,4319.958333,9.414668009032752,41.2,1,0,0,1,0,0,1,0,0,0,0
1,0.1083,620.51,10.91501573,14.34,772,4229.958333,8.61323037961318,55.0,4,0,0,0,0,0,1,0,0,0,0
1,0.1367,326.57,11.2362229,13.97,682,3636.958333,9.145908511816794,93.7,0,0,0,0,0,0,0,0,0,0,1
1,0.1272,503.39,10.81977828,24.94,687,3690.0,9.01371703047137,54.4,0,0,0,0,0,0,1,0,0,0,0
1,0.1399,307.56,10.55059079,10.71,662,4590.0,8.011686729127847,82.2,0,0,0,0,0,0,1,0,0,0,0
1,0.143,411.89,11.1844214,20.87,662,3269.958333,9.400133943608838,64.6,0,0,0,0,0,0,0,0,1,0,0
1,0.1442,515.74,11.22524339,3.22,682,3180.041667,9.624963417869113,43.6,0,2,0,0,0,0,1,0,0,0,0
1,0.0907,222.83,10.73639668,21.65,747,2970.0,8.58839695042257,16.6,0,0,0,0,1,0,0,0,0,0,0
1,0.143,274.59,10.52406404,23.27,667,3000.0,9.352881058758292,76.9,1,0,0,0,0,0,1,0,0,0,0
1,0.1426,411.67,11.50287513,3.83,762,6059.958333,9.220983532074662,67.4,3,0,0,0,0,0,0,0,0,0,1
1,0.1146,823.93,11.36210258,13.86,757,4530.0,10.737613326355646,20.2,0,0,0,1,0,0,0,0,0,0,1
1,0.1304,269.71,10.74720759,5.7,677,8249.958333,8.991437814919227,73.0,0,0,0,0,0,0,1,0,0,0,0
1,0.1241,185.43,9.998797732,11.73,677,3539.958333,7.10085190894405,22.9,3,0,0,1,0,0,0,1,0,0,0
1,0.08,313.37,11.09741002,20.25,772,8220.0,9.172949982757624,6.8,3,0,0,0,0,0,1,0,0,0,0
1,0.1083,308.63,11.15625052,14.33,727,5069.958333,9.534161491043838,79.9,0,0,0,0,1,0,0,0,0,0,0
1,0.143,34.33,9.61580548,15.04,662,3330.0,8.787830829258759,96.0,3,0,0,0,0,0,0,1,0,0,0
1,0.1304,185.43,9.998797732,5.02,697,2159.958333,7.869019376499023,52.3,0,0,0,0,1,0,0,0,0,0,0
1,0.1525,556.61,10.97164063,11.48,662,4920.0,9.683651026979414,88.2,3,0,0,1,0,0,1,0,0,0,0
1,0.1083,293.93,10.55841352,17.86,737,2670.041667,0.0,0.0,1,0,0,0,0,0,1,0,0,0,0
1,0.1209,232.81,10.77895629,9.8,712,4290.0,8.628018746505122,6.4,1,0,1,0,0,0,1,0,0,0,0
1,0.1272,335.6,10.59923136,22.53,682,4020.0,6.013715156042802,2.1,3,2,0,0,1,0,0,0,0,0,0
1,0.1114,98.42,10.6214249,4.54,702,3840.041667,8.454040376410969,75.2,0,0,0,0,1,0,0,0,0,0,0
1,0.1367,340.18,11.00209984,12.54,697,3570.0,10.234983140444118,89.4,3,0,0,0,0,0,1,0,0,0,0
1,0.1146,184.56,11.42954386,8.28,692,6030.041667,8.623353387244627,58.5,2,0,1,0,1,0,0,0,0,0,0
1,0.1051,195.05,10.30895266,14.36,727,1920.041667,8.522976436171964,40.2,0,0,0,0,0,0,1,0,0,0,0
1,0.1178,49.67,11.98292909,7.68,682,3630.0,8.585038738311304,87.7,3,0,0,0,0,1,0,0,0,0,0
1,0.1146,273.55,11.31447453,15.5,727,3364.041667,10.006269747179154,96.8,1,0,0,0,0,1,0,0,0,0,0
1,0.1051,174.73,11.43932198,19.8,762,7590.0,9.581559041355757,29.6,6,0,0,0,1,0,0,0,0,0,0
1,0.1083,78.38,10.46310334,17.62,712,2640.041667,9.664976524090797,88.5,0,0,0,0,0,0,1,0,0,0,0
1,0.1241,267.29,9.903487553,0.6,762,1440.0,7.601402334583733,11.4,0,0,0,0,0,0,0,1,0,0,0
1,0.1272,293.65,11.36917056,20.12,682,2790.0,10.164543268920198,52.5,1,0,0,0,0,1,0,0,0,0,0
1,0.1399,854.32,11.69524702,19.76,692,3780.041667,10.623227977365595,60.0,0,1,0,0,0,0,1,0,0,0,0
1,0.08,156.69,11.40756495,4.28,762,5010.0,9.577965147101168,28.3,0,0,0,0,1,0,0,0,0,0,0
1,0.1114,275.57,11.3736634,11.88,702,4110.041667,10.094810144860501,73.8,3,0,0,1,0,0,0,1,0,0,0
1,0.1146,329.57,11.51292546,4.43,707,2850.0,9.486152271857476,46.9,2,0,0,0,1,0,0,0,0,0,0
1,0.1399,340.88,11.11274636,4.15,662,3960.0,9.356602878954435,75.6,1,0,0,0,0,0,1,0,0,0,0
1,0.1241,267.29,10.46310334,6.38,712,1410.0,8.954286157204713,37.6,1,0,0,0,1,0,0,0,0,0,0
1,0.08,150.42,11.22524339,17.81,767,8010.0,11.175871058921274,11.6,0,0,0,0,1,0,0,0,0,0,0
1,0.1241,60.14,11.48246626,19.24,677,5460.0,10.43687669471087,93.7,0,0,0,0,0,1,0,0,0,0,0
1,0.1114,255.88,10.6214249,20.46,717,2831.0,9.344696424475261,41.6,0,0,0,0,0,0,1,0,0,0,0
1,0.1399,512.6,11.06663836,5.38,702,3600.0,9.468542139105455,76.6,2,0,1,1,0,0,0,0,1,0,0
1,0.1146,467.99,11.05089001,15.83,727,3660.0,9.333177281935246,44.7,1,1,0,0,0,0,1,0,0,0,0
1,0.1367,136.08,9.61580548,14.0,662,3000.041667,8.633731007664188,87.8,0,0,0,1,1,0,0,0,0,0,0
1,0.0768,187.14,10.59663473,24.15,782,3030.041667,7.2991214627108,10.4,0,0,0,0,0,0,0,0,0,0,1
1,0.1083,685.83,10.96819829,14.38,737,4050.041667,9.092344813738475,17.8,0,1,0,0,0,1,0,0,0,0,0
1,0.1557,244.62,10.78931908,2.72,672,3010.041667,8.09376775793108,69.6,1,0,0,1,0,0,1,0,0,0,0
1,0.0907,318.33,10.81977828,9.62,752,6150.0,9.847869128773116,33.2,0,0,0,0,0,0,1,0,0,0,0
1,0.1114,196.84,11.08214255,22.41,697,7350.041667,7.867871490396322,7.8,0,6,0,0,1,0,0,0,0,0,0
1,0.1083,52.26,10.27931786,5.36,702,3780.041667,8.85666093701725,42.0,0,1,0,0,1,0,0,0,0,0,0
1,0.1114,524.89,11.91839057,2.5,722,7710.041667,10.05044096549229,31.7,0,2,0,0,0,0,0,0,0,0,1
1,0.1178,231.77,10.39696354,16.85,717,4530.041667,0.0,0.0,2,0,0,0,1,0,0,0,0,0,0
1,0.1347,508.84,11.47210347,13.44,707,2256.0,9.020752479190183,33.2,3,0,0,0,1,0,0,0,0,0,0
1,0.1083,244.94,10.82988702,14.59,707,4050.041667,8.24301946898925,21.7,1,0,0,0,1,0,0,0,0,0,0
1,0.1083,78.38,10.59663473,15.75,697,5160.041667,9.519367998447342,29.9,2,0,0,1,0,1,0,0,0,0,0
1,0.1241,167.06,11.38509209,23.88,677,3750.041667,10.614646542147758,83.0,1,0,1,1,0,1,0,0,0,0,0
1,0.1367,170.09,10.71441777,16.29,662,2160.0,8.383433201236713,81.0,0,0,2,0,1,0,0,0,0,0,0
1,0.1114,475.68,10.49127422,21.8,712,10368.04167,10.076305761898272,84.0,0,0,0,1,0,1,0,0,0,0,0
1,0.1272,134.24,10.56746336,3.98,667,1830.0,8.610865667278873,12.2,0,0,0,0,0,0,1,0,0,0,0
1,0.1493,242.42,10.16585182,11.77,662,1170.041667,9.441293350181875,63.0,1,0,0,0,0,0,0,0,1,0,0
1,0.0768,93.57,10.74181674,3.97,762,10260.04167,8.380685946761574,7.3,1,0,0,0,0,1,0,0,0,0,0
1,0.1336,711.22,11.35040654,10.74,687,6630.041667,10.288137520930372,88.2,2,0,1,1,0,0,1,0,0,0,0
1,0.1178,662.19,10.858999,15.42,727,3755.041667,10.164774313628378,66.6,0,0,0,1,0,0,1,0,0,0,0
1,0.1178,240.05,11.56171563,5.04,707,3630.0,7.666221925662725,12.5,1,0,0,0,1,0,0,0,0,0,0
1,0.0938,425.3,11.40756495,8.93,772,5648.041667,11.746439061025606,27.6,1,0,0,1,0,0,0,0,0,0,1
1,0.1399,222.13,10.83981618,13.81,672,3060.041667,10.28236909466127,63.1,0,0,0,0,0,0,1,0,0,0,0
1,0.1392,682.74,11.38962725,24.94,692,4975.958333,10.209537399846088,65.7,1,0,0,0,0,0,1,0,0,0,0
1,0.1904,458.46,11.71993963,5.84,662,6210.0,9.500319803476646,99.0,1,1,0,1,1,0,0,0,0,0,0
1,0.1209,249.43,10.81977828,19.73,692,3360.041667,9.471627133068433,22.9,3,0,0,0,0,0,1,0,0,0,0
1,0.1336,338.68,11.00209984,7.24,697,5250.041667,8.193676665955241,14.4,0,2,0,0,0,0,0,0,0,0,1
1,0.08,142.59,10.97848998,5.58,757,7590.0,9.881906344502523,49.3,1,0,0,0,0,0,0,0,1,0,0
1,0.0768,93.57,10.35316092,19.33,777,2610.041667,7.903965634032166,13.4,1,0,0,0,1,0,0,0,0,0,0
1,0.0907,318.33,11.46163217,9.79,807,7470.041667,0.0,0.0,2,0,0,0,1,0,0,0,0,0,0
1,0.1178,198.66,10.6454249,10.6,692,3090.041667,7.538494999413465,81.7,1,0,0,0,0,0,0,0,0,1,0
1,0.1051,260.06,11.00209984,23.46,717,3403.041667,10.698356135205106,61.2,1,0,0,0,0,0,1,0,0,0,0
1,0.1399,410.08,10.81977828,12.14,677,2220.041667,9.445570584425539,86.1,3,0,0,0,0,0,1,0,0,0,0
1,0.1557,314.51,10.59653473,0.0,687,2940.041667,0.0,42.4,1,0,0,0,1,0,0,0,0,0,0
1,0.1114,278.85,10.6454249,19.54,702,3990.0,7.897296472595885,14.5,1,0,0,0,0,0,1,0,0,0,0
1,0.1336,101.61,10.34595939,17.46,662,1860.041667,8.5016733797582,65.6,0,0,0,0,1,0,0,0,0,0,0
1,0.0907,152.8,10.77895629,14.6,742,7350.041667,9.093918908958932,49.2,0,0,0,0,0,0,1,0,0,0,0
1,0.1146,430.92,11.42954386,12.63,727,5520.041667,10.23713437285382,33.0,0,0,0,0,0,1,0,0,0,0,0
1,0.1209,399.09,10.1266311,11.04,692,8435.041667,9.203517146628057,29.6,0,1,0,1,0,0,1,0,0,0,0
1,0.1114,303.45,11.00209984,6.48,782,2580.041667,3.970291913552122,1.5,0,0,0,0,0,0,0,0,0,0,1
1,0.1367,748.39,11.22524339,22.08,692,2940.041667,10.05091568660256,84.3,0,0,0,0,0,1,0,0,0,0,0
1,0.1241,614.76,11.59910316,14.38,702,5640.041667,10.950280092474442,89.6,1,0,0,0,0,1,0,0,0,0,0
1,0.1051,496.55,11.00209984,9.94,757,5010.0,10.052726188002366,29.8,0,0,0,0,0,0,1,0,0,0,0
1,0.1051,48.77,10.93310697,12.94,702,9120.0,5.963579343618446,6.2,0,0,0,0,0,0,0,1,0,0,0
1,0.1146,59.33,11.00209984,18.42,682,4470.041667,8.335911094196945,59.2,0,1,0,0,0,0,1,0,0,0,0
1,0.1872,876.36,11.00209984,19.8,667,3271.0,10.067135844064461,60.3,1,0,1,1,0,0,1,0,0,0,0
1,0.102,161.81,11.05089001,11.09,717,3600.0,6.729824070489475,9.2,3,0,0,0,0,0,1,0,0,0,0
1,0.1146,164.79,10.82480563,13.09,717,1260.041667,7.622174594817622,13.9,1,0,0,0,0,0,0,0,0,0,1
1,0.102,77.67,9.546812609,0.86,757,1772.0,5.225746673713202,1.7,1,0,0,0,0,0,0,1,0,0,0
1,0.1209,332.58,11.51292546,15.01,687,5130.041667,10.160220606843893,41.7,0,0,0,0,0,0,0,0,0,0,1
1,0.1146,197.75,10.27505111,4.34,687,2280.041667,8.14060704285845,25.2,1,0,0,0,1,0,0,0,0,0,0
1,0.1146,494.36,11.22524339,11.58,707,4350.0,9.910165207289369,76.8,0,0,0,0,0,0,1,0,0,0,0
1,0.1367,217.72,10.87804719,16.35,662,9030.0,8.81195017753998,59.9,0,1,0,0,0,0,0,0,1,0,0
1,0.162,211.54,11.08367983,14.91,662,4621.0,8.081784206935001,98.0,3,0,0,0,0,0,1,0,0,0,0
1,0.1272,201.36,10.70205455,3.08,677,5400.0,8.497398564088058,58.7,1,2,0,0,0,0,1,0,0,0,0
1,0.1493,346.32,10.91523391,12.85,667,4052.041667,9.842197084093021,59.5,0,0,0,0,0,0,0,1,0,0,0
1,0.1051,173.11,11.35035948,21.12,722,7350.041667,10.31121676229736,61.8,1,0,0,0,0,0,1,0,0,0,0
1,0.0907,458.39,11.35040654,1.5,792,4470.041667,8.446556111816797,10.7,0,0,0,0,0,1,0,0,0,0,0
1,0.0938,351.75,11.31447453,0.0,747,7920.0,8.139148678884066,6.0,0,1,0,0,1,0,0,0,0,0,0
1,0.1588,491.37,11.69524702,20.67,662,6000.041667,11.155364414269119,97.8,1,0,0,0,0,0,0,0,1,0,0
1,0.1114,177.97,11.28978191,24.77,712,3750.041667,9.41058370340406,56.6,1,0,0,0,0,0,0,0,0,0,1
1,0.1304,674.27,10.87812266,8.87,692,4380.0,8.600246746551523,50.8,0,0,0,0,0,0,1,0,0,0,0
1,0.1367,340.18,12.4292162,10.51,712,3990.0,11.398154139558216,99.2,2,0,0,0,0,0,1,0,0,0,0
1,0.1209,199.55,11.3224427,18.06,682,3030.041667,10.08409931513136,87.1,0,0,0,0,1,0,0,0,0,0,0
1,0.0737,93.14,10.9241383,8.95,772,7410.041667,8.512381634419015,21.0,0,0,0,0,0,0,0,0,1,0,0
1,0.1336,846.7,11.75978554,16.62,712,7890.041667,10.750728268433473,47.4,1,0,0,1,0,0,0,0,0,0,1
1,0.1493,83.12,10.63969422,21.55,672,5460.0,8.374015421739909,98.5,0,0,1,1,0,0,1,0,0,0,0
1,0.1146,381.48,11.15625052,0.26,807,6570.0,6.206575926724928,4.9,1,0,0,0,0,0,0,0,0,0,1
1,0.1083,212.28,10.61820051,24.43,717,3900.0,10.25674666917369,26.6,1,0,0,0,0,0,1,0,0,0,0
1,0.1399,273.39,11.22524339,11.98,677,5160.041667,8.759825595314295,95.7,1,0,0,0,0,0,1,0,0,0,0
1,0.1146,121.95,11.23848862,22.97,697,4290.0,10.758753582572508,89.5,0,0,0,1,0,0,0,0,0,0,1
1,0.1557,419.35,10.73639668,12.5,667,1860.041667,9.423595190540022,97.4,1,0,0,0,0,0,1,0,0,0,0
1,0.1051,382.78,11.69524702,3.91,742,4110.041667,9.947169453622251,33.2,1,0,0,0,0,0,0,0,1,0,0
1,0.1379,170.38,11.69524702,3.02,667,3289.0,8.375629627094451,13.7,1,3,0,0,0,0,1,0,0,0,0
1,0.1083,374.76,11.65268741,8.42,742,7320.0,11.45846927917417,54.2,3,0,0,0,0,0,0,0,0,0,1
1,0.1083,146.97,11.00209984,8.66,712,4710.0,9.480672806092851,53.5,0,0,1,0,0,1,0,0,0,0,0
1,0.102,330.09,10.69194491,14.37,732,2610.041667,9.6071010394542,46.9,0,0,0,0,0,1,0,0,0,0,0
1,0.1083,391.9,11.60827201,17.82,722,10290.04167,10.262280252445862,54.9,0,0,0,0,0,1,0,0,0,0,0
1,0.1209,432.35,10.81977828,11.16,717,3450.041667,9.468233115617211,96.6,0,0,0,0,0,0,1,0,0,0,0
1,0.0768,93.57,11.22524339,11.9,752,3210.0,8.568646473005153,48.7,0,0,0,0,0,0,0,0,0,0,1
1,0.1588,526.47,11.00209984,17.14,672,10170.0,9.536329278582551,73.3,1,0,0,0,0,0,1,0,0,0,0
1,0.102,194.17,11.04574983,3.56,722,8100.041667,8.1797604936999,66.1,2,0,0,0,0,0,0,0,0,0,1
1,0.0938,175.88,10.93310697,5.36,737,3570.0,7.903965634032166,56.4,0,0,0,0,0,0,1,0,0,0,0
1,0.1241,334.11,11.15625052,10.35,682,3180.0,8.881697406469304,29.1,2,3,0,0,0,0,1,0,0,0,0
1,0.102,323.62,10.45045222,16.22,747,7890.041667,9.981697813072689,64.0,0,0,0,0,0,0,1,0,0,0,0
1,0.1114,82.02,11.14919713,20.15,692,5250.041667,10.849142893040186,77.9,2,0,0,1,0,0,0,1,0,0,0
1,0.1241,668.21,11.60823564,10.92,702,5370.0,10.154946414830384,33.9,3,0,0,0,0,1,0,0,0,0,0
1,0.1715,535.92,11.21182037,19.83,667,3690.041667,10.8712315659992,79.2,3,0,0,0,0,0,1,0,0,0,0
1,0.0938,191.87,11.71177632,14.72,727,3900.0,11.205516762334414,31.6,2,0,0,0,0,0,1,0,0,0,0
1,0.1083,39.19,10.59663473,6.59,697,2310.041667,7.141245122350491,42.1,0,0,0,0,0,0,1,0,0,0,0
1,0.1178,49.67,10.59663473,5.43,687,2970.041667,7.268920128193722,13.7,0,1,0,0,1,0,0,0,0,0,0
1,0.1178,165.55,11.22524339,1.84,702,5430.0,8.537975730598767,44.4,1,0,0,0,0,0,1,0,0,0,0
1,0.1114,656.11,11.69524702,2.82,727,6690.041667,9.504352368122833,31.3,1,1,0,0,0,0,0,0,1,0,0
1,0.1051,390.09,11.91839057,2.92,827,8763.0,11.341389533638104,4.6,0,0,0,0,0,0,0,0,1,0,0
1,0.1221,832.88,11.8493977,11.97,742,6388.041667,7.936302693201959,6.1,4,0,0,0,0,0,0,0,0,0,1
1,0.1367,204.11,10.70957048,22.78,692,8490.041667,9.86635665419792,97.3,1,0,1,0,0,1,0,0,0,0,0
1,0.1525,347.88,11.00209984,1.28,702,1290.041667,8.513385953073284,55.3,1,0,0,0,0,0,0,0,1,0,0
1,0.1557,270.83,10.30895266,23.12,662,1200.041667,8.900276348631271,71.9,3,0,0,0,0,0,1,0,0,0,0
1,0.1272,167.8,10.21097225,7.19,682,1860.041667,8.535425959677298,57.2,0,0,0,0,0,0,1,0,0,0,0
1,0.1241,668.21,10.54534144,1.96,787,8641.0,6.230481447578482,0.3,7,0,0,0,1,0,0,0,0,0,0
1,0.08,156.69,9.878169745,9.23,772,5190.041667,8.6628507638386,25.4,2,0,0,0,0,0,1,0,0,0,0
1,0.1114,328.06,11.69524702,7.92,717,6060.041667,11.617789857579364,87.2,1,0,0,0,0,0,1,0,0,0,0
1,0.1178,99.33,11.12726298,5.29,687,3750.041667,9.293853972204001,80.5,0,1,0,0,0,1,0,0,0,0,0
1,0.1209,323.43,11.00209984,16.52,687,2940.041667,8.324093761450404,71.0,0,1,0,0,0,1,0,0,0,0,0
1,0.1209,399.09,11.12726298,4.29,697,1710.0,9.134970064951407,19.7,1,0,0,0,0,0,1,0,0,0,0
1,0.0768,155.95,10.81977828,8.47,782,4950.041667,9.54831148472113,38.5,0,0,0,0,0,1,0,0,0,0,0
1,0.0938,230.24,10.71441777,0.0,782,4500.041667,0.0,0.0,3,0,0,0,1,0,0,0,0,0,0
1,0.1304,674.27,11.47210347,13.95,722,1139.041667,7.069874128458572,22.2,1,0,0,0,0,0,0,0,0,0,1
1,0.1083,483.35,10.81977828,5.52,722,2581.041667,8.279950715722526,12.2,2,0,0,0,0,0,0,0,0,1,0
1,0.1209,399.09,11.08220409,21.03,702,3750.041667,9.813234563558566,85.4,1,0,0,0,1,0,0,0,0,0,0
1,0.0938,159.89,10.43399815,1.66,732,3287.0,7.706162970199576,34.2,3,0,0,0,0,0,0,0,0,1,0
1,0.1209,359.18,10.57867441,5.53,697,1650.041667,9.610658925931467,43.8,1,0,0,1,0,0,1,0,0,0,0
1,0.1336,677.36,10.85892207,18.19,682,3360.041667,10.176677621334473,68.6,1,0,0,0,0,0,1,0,0,0,0
1,0.1304,202.28,11.77528973,11.06,672,8192.041667,10.648420406245304,50.7,3,0,0,0,1,0,0,0,0,0,0
1,0.1304,536.05,11.1844214,3.52,712,3270.0,9.68800210296374,97.7,0,0,0,0,0,0,1,0,0,0,0
1,0.0938,431.69,11.51292546,10.6,752,6964.041667,9.833118734869245,44.9,0,0,0,0,0,1,0,0,0,0,0
1,0.08,78.35,10.64799303,23.88,747,4380.0,6.453624998892692,14.4,2,0,0,0,1,0,0,0,0,0,0
1,0.143,293.47,11.27720313,18.14,692,4440.041667,8.985695694535705,42.5,3,0,0,1,0,0,1,0,0,0,0
1,0.1241,160.38,11.05089001,13.81,672,2880.0,8.524168805152662,45.4,3,1,1,1,0,1,0,0,0,0,0
1,0.1178,297.99,11.40756495,13.63,687,8100.041667,10.852535848648456,18.0,2,0,0,1,0,0,0,0,0,0,1
1,0.1272,167.8,10.70099475,17.03,672,2670.041667,8.966738978759576,41.2,2,1,0,0,0,1,0,0,0,0,0
1,0.0907,305.6,10.85892207,3.67,807,5490.0,7.397561535524052,1.3,1,0,0,0,1,0,0,0,0,0,0
1,0.1588,526.47,11.51588109,11.13,697,4921.041667,9.20391980417326,16.5,0,0,0,0,0,0,1,0,0,0,0
1,0.08,159.82,10.93310697,7.85,747,4080.041667,7.951559331155252,35.0,0,0,0,0,0,0,1,0,0,0,0
1,0.1051,117.03,10.858999,19.87,707,6840.0,9.151014905891367,31.3,0,0,0,0,0,1,0,0,0,0,0
1,0.1272,588.13,11.93031914,15.72,692,4800.041667,10.518916405290764,56.2,0,1,0,0,0,1,0,0,0,0,0
1,0.0938,204.66,10.49127422,19.03,732,4114.041667,9.537627699020323,38.6,1,0,0,0,0,0,1,0,0,0,0
1,0.1367,102.06,10.72165816,2.57,677,3120.041667,7.5310163320779155,44.4,0,2,0,0,1,0,0,0,0,0,0
1,0.1568,490.03,10.91508846,18.92,672,1680.0,9.934016757570951,59.4,0,0,0,0,0,0,1,0,0,0,0
1,0.0938,399.72,11.29476946,3.67,772,4410.0,8.778941881841513,0.0,1,0,0,0,0,1,0,0,0,0,0
1,0.1083,594.39,10.71441777,18.83,722,3660.0,9.977063240194447,55.5,3,0,0,0,0,1,0,0,0,0,0
1,0.1304,107.89,10.53049493,17.18,682,4590.041667,8.422662707570003,81.2,0,1,0,0,0,0,1,0,0,0,0
1,0.1178,529.75,11.62621844,7.77,712,3690.041667,8.501876487304344,29.0,2,0,0,0,1,0,0,0,0,0,0
1,0.0988,322.11,11.15625052,11.78,732,5667.041667,8.971575439759016,25.8,3,0,0,0,0,0,0,0,0,0,1
1,0.1083,45.73,9.210340372,21.84,697,3630.0,8.52377150677636,47.5,0,0,0,0,0,1,0,0,0,0,0
1,0.1557,681.43,10.78931908,14.57,662,6030.041667,9.652715834104445,50.9,1,1,0,0,0,0,1,0,0,0,0
1,0.1083,293.93,10.23995979,12.3,742,4500.041667,9.365633256382218,51.2,2,0,0,0,0,0,1,0,0,0,0
1,0.1126,197.18,10.5454467,2.34,712,2640.041667,6.473890696352274,17.5,1,0,0,1,0,0,0,1,0,0,0
1,0.102,233.01,11.2009507,11.36,732,2490.0,6.6039438246004725,73.7,2,0,0,0,1,0,0,0,0,0,0
1,0.143,411.89,11.08214255,4.95,687,4830.041667,9.423837546238587,91.7,0,1,0,0,0,0,1,0,0,0,0
1,0.1083,326.59,11.00209984,2.88,762,3450.041667,8.046869510959576,10.4,0,0,0,0,0,0,0,0,1,0,0
1,0.1272,536.95,11.00209984,21.82,692,9750.0,10.010232109966116,80.2,2,1,0,0,0,0,0,0,0,0,1
1,0.102,323.62,11.41861479,13.32,737,1740.0,9.575816471867984,20.9,0,0,0,0,0,1,0,0,0,0,0
1,0.1146,229.06,11.53272809,13.56,707,5940.041667,10.374272126764936,63.8,1,0,0,0,1,0,0,0,0,0,0
1,0.1209,332.58,11.2185544,19.01,692,4500.041667,9.70448768268936,89.6,0,0,1,0,0,0,1,0,0,0,0
1,0.1209,399.09,11.22524339,11.25,747,7290.0,9.53365499705667,23.7,6,0,0,0,0,0,1,0,0,0,0
1,0.1272,687.13,10.96812932,9.48,692,3840.041667,9.551586907757695,24.3,3,0,0,0,0,0,1,0,0,0,0
1,0.0907,222.83,10.93310697,0.73,742,2370.041667,7.714677473800927,5.1,2,0,0,0,0,0,0,0,0,0,1
1,0.1178,662.19,11.32328922,0.22,807,3510.041667,4.672828834461906,0.5,0,0,0,0,0,0,0,0,0,0,1
1,0.0938,447.68,10.30895266,21.76,762,5280.041667,9.867445781188863,34.1,0,0,0,0,0,0,1,0,0,0,0
1,0.1178,165.55,10.23995979,14.77,692,1800.0,8.915163617762142,23.0,3,0,0,0,0,0,0,1,0,0,0
1,0.1336,677.36,11.25161265,18.56,682,3570.0,9.834244649793968,76.5,0,0,0,0,0,0,1,0,0,0,0
1,0.102,388.34,11.22524339,6.88,767,2760.041667,0.0,0.0,0,0,0,1,0,1,0,0,0,0,0
1,0.1146,230.7,10.81985828,8.74,692,1890.041667,9.915860688599269,27.7,0,0,0,1,0,0,1,0,0,0,0
1,0.1525,869.7,11.91839057,6.82,682,4980.041667,0.0,0.0,0,0,0,0,0,0,0,0,0,0,1
1,0.1715,571.64,11.05366789,19.13,667,4290.0,10.918518937044894,98.3,3,0,0,1,0,0,1,0,0,0,0
1,0.0938,207.85,10.81977828,14.34,747,1979.041667,5.187385805840755,0.5,2,0,0,0,0,0,0,0,0,0,1
1,0.0938,255.82,10.8731105,14.84,782,3900.0,9.168476167877484,12.6,0,0,0,0,0,0,0,0,1,0,0
1,0.1221,199.89,9.798127037,6.27,687,3575.0,8.098642843759418,32.6,1,0,0,1,1,0,0,0,0,0,0
1,0.1209,399.09,11.60357023,23.61,692,11040.04167,10.103075844228801,77.5,2,0,0,0,0,0,1,0,0,0,0
1,0.08,225.62,11.70949504,7.29,752,2913.0,9.705402400562695,21.1,0,0,0,0,0,0,0,0,1,0,0
1,0.1253,66.94,10.59663473,19.2,697,3270.0,8.593598522618644,89.9,3,0,0,0,1,0,0,0,0,0,0
1,0.1062,423.28,10.92823799,1.38,782,4370.0,8.056426767522984,23.7,0,0,0,0,0,1,0,0,0,0,0
1,0.1746,897.06,11.6351431,3.94,662,4530.041667,10.36888684808733,80.6,3,1,0,1,0,1,0,0,0,0,0
1,0.1209,282.69,10.66895539,10.1,682,4350.0,9.081142433504501,44.4,1,2,0,0,0,0,1,0,0,0,0
1,0.1367,170.09,11.05089001,9.03,667,11700.0,6.934397209928558,51.3,0,1,0,0,1,0,0,0,0,0,0
1,0.1083,458.85,12.10071213,6.24,747,3600.0,11.017595822578336,24.7,2,0,0,1,0,0,0,0,0,0,1
1,0.0938,383.73,11.40756495,10.55,767,14580.0,7.968319500012717,60.1,3,0,0,0,0,1,0,0,0,0,0
1,0.0932,319.47,11.64395373,0.45,772,6244.041667,6.628041376179533,1.6,0,0,0,0,0,0,0,0,1,0,0
1,0.1304,94.4,11.1124479,11.62,667,4350.0,8.735525185733225,57.1,3,0,0,0,1,0,0,0,0,0,0
1,0.1241,668.21,11.3736634,7.66,707,6900.0,9.652844327519334,81.5,0,0,0,0,0,0,1,0,0,0,0
1,0.1178,827.74,11.77528973,10.2,717,8460.041667,10.295597205597135,55.1,2,0,0,1,0,0,1,0,0,0,0
1,0.1178,551.28,11.22524339,11.47,707,3630.0,9.773720494477063,53.9,0,0,0,0,0,0,1,0,0,0,0
1,0.1304,236.0,10.9675084,13.77,672,2970.041667,9.959867885972235,76.1,0,0,0,0,0,1,0,0,0,0,0
1,0.1146,202.69,9.862665558,9.63,707,3420.041667,8.846496938558838,81.8,1,0,0,0,0,0,1,0,0,0,0
1,0.0907,41.39,10.77895629,0.75,732,3690.041667,6.297109319933935,60.2,0,0,0,0,1,0,0,0,0,0,0
1,0.1051,130.03,11.77581267,5.07,712,4470.041667,9.379323364330956,56.1,0,0,0,1,1,0,0,0,0,0,0
1,0.0938,207.85,11.22524339,13.42,742,6810.041667,10.283942497640124,1.6,0,0,0,0,0,0,1,0,0,0,0
1,0.1272,590.65,11.08214255,12.14,687,8880.041667,9.838148711227788,62.0,2,0,1,0,1,0,0,0,0,0,0
1,0.08,62.68,10.43399815,13.38,742,3330.041667,8.950792138768174,32.4,1,0,0,0,0,1,0,0,0,0,0
1,0.1189,59.7,10.10435114,22.28,687,6751.041667,7.952615111651,47.4,0,0,0,1,1,0,0,0,0,0,0
1,0.1442,515.74,12.4049235,20.01,692,7290.0,11.25389563509161,82.5,1,0,0,0,0,0,1,0,0,0,0
1,0.1411,718.81,11.08214255,5.19,682,2130.0,9.616205400105674,64.1,2,0,1,0,0,0,1,0,0,0,0
1,0.1253,234.27,10.858999,19.45,707,3818.041667,9.815257251141714,56.7,0,0,0,0,0,0,1,0,0,0,0
1,0.1221,273.19,11.22524339,9.1,707,6240.041667,9.3180281773931,42.7,1,0,1,0,0,0,0,0,1,0,0
1,0.1505,520.37,10.81985828,10.63,677,4470.041667,9.599811590329997,77.3,0,1,0,0,0,0,1,0,0,0,0
1,0.1316,594.36,11.24630014,13.39,697,4350.0,10.368321592451126,71.5,2,0,0,0,0,0,1,0,0,0,0
1,0.1221,399.78,10.74720759,23.69,712,6360.041667,4.997212273764115,0.5,3,0,0,0,0,1,0,0,0,0,0
1,0.0768,77.98,10.69194491,17.59,787,5768.0,6.008813185442595,1.2,0,0,0,0,0,0,0,0,0,1,0
1,0.0938,306.98,10.77895629,14.54,742,7362.041667,8.259975659768276,34.2,0,0,0,0,0,1,0,0,0,0,0
1,0.16,377.95,10.49127422,21.93,667,1230.041667,9.678968055041988,83.6,0,0,0,0,0,1,0,0,0,0,0
1,0.1411,171.15,10.41271189,13.77,687,3030.041667,8.788440957404594,52.9,2,0,0,0,0,0,0,0,0,0,1
1,0.0932,89.46,10.4341158,23.86,742,5010.0,0.0,0.0,0,1,0,0,1,0,0,0,0,0,0
1,0.1189,49.75,10.25765937,24.63,687,2250.041667,8.073091199693154,80.1,2,0,0,0,0,0,0,1,0,0,0
1,0.1221,266.52,11.91839057,13.29,697,2250.041667,11.44321090455703,76.4,1,0,0,0,1,0,0,0,0,0,0
1,0.0932,319.47,10.53209621,16.64,752,3900.0,9.939771264613375,40.6,0,0,0,0,0,1,0,0,0,0,0
1,0.1158,305.38,11.91839057,14.47,722,4710.0,10.64670978572838,66.6,0,0,0,0,0,0,0,0,0,0,1
1,0.0963,192.57,10.23995979,1.76,772,2310.041667,7.164720378771857,4.3,1,0,0,0,0,0,0,0,0,1,0
1,0.0932,402.53,11.54248427,8.55,777,5430.0,7.75833346749091,5.5,1,0,0,0,0,0,0,1,0,0,0
1,0.1221,69.97,9.210340372,19.68,752,1121.0,6.403574197934815,6.2,0,0,0,0,0,0,0,1,0,0,0
1,0.0932,127.79,10.91508846,6.76,737,3330.041667,8.573195381531523,18.4,0,0,0,0,1,0,0,0,0,0,0
1,0.1284,134.48,11.7829526,17.68,707,4170.041667,10.858498872521881,95.0,3,0,0,0,0,0,1,0,0,0,0
1,0.1189,248.73,10.03801845,16.89,717,8100.041667,6.320768294250582,23.1,0,0,0,0,0,1,0,0,0,0,0
1,0.1158,226.97,11.77528973,19.37,757,8670.0,10.38145935143104,31.6,0,0,0,0,0,1,0,0,0,0,0
1,0.1379,340.76,10.59663473,21.63,682,7380.041667,9.656051308652874,87.7,3,0,1,1,0,0,1,0,0,0,0
1,0.1316,709.18,11.64395373,15.02,702,8880.041667,9.80211905814784,65.5,2,0,1,0,0,0,1,0,0,0,0
1,0.1158,184.88,11.05089001,7.85,712,6090.0,9.088737550216933,68.1,0,0,0,0,0,0,1,0,0,0,0
1,0.1158,247.61,11.26446411,14.52,742,4710.0,10.735396175137648,57.8,2,0,0,0,0,0,1,0,0,0,0
1,0.1442,34.39,10.81977828,7.39,692,4830.041667,8.782629654920699,98.8,1,0,0,0,0,0,1,0,0,0,0
1,0.1095,294.43,11.38509209,12.78,722,2640.041667,9.876013575535373,63.6,0,0,0,0,0,0,0,0,0,0,1
1,0.0932,235.61,10.71441777,14.24,737,2282.041667,9.577064651767916,28.2,0,0,0,0,0,0,1,0,0,0,0
1,0.1442,84.24,9.680344001,21.6,702,7170.041667,9.550591175100745,98.3,2,0,0,1,0,0,1,0,0,0,0
1,0.1568,420.02,11.46163217,22.68,712,3000.041667,10.234408696023769,89.8,2,0,0,0,0,0,0,0,0,0,1
1,0.0963,160.48,10.77895629,14.88,722,2880.0,8.687948111838727,21.4,1,0,0,0,0,0,1,0,0,0,0
1,0.1158,215.42,10.27518903,3.06,712,3300.0,9.870447698457928,86.4,0,1,0,0,1,0,0,0,0,0,0
1,0.1253,334.67,10.41271189,18.5,707,4080.041667,9.22631214148588,29.8,3,0,0,0,0,0,0,1,0,0,0
1,0.1253,100.4,10.57131693,10.55,717,1141.041667,7.721348612617949,21.3,0,0,0,0,0,0,0,0,1,0,0
1,0.0963,102.71,10.54534144,11.27,712,7590.0,8.932344569113823,17.1,2,0,0,0,0,1,0,0,0,0,0
1,0.1284,268.95,10.23995979,20.23,702,1320.041667,7.723120092266331,23.1,3,0,0,0,0,0,0,0,0,1,0
1,0.1347,805.67,11.69524702,24.5,712,6420.041667,11.31244808415493,84.6,0,0,0,0,0,1,0,0,0,0,0
1,0.1221,168.24,11.09741002,7.75,727,7380.041667,9.746190260646909,85.4,1,0,0,0,0,1,0,0,0,0,0
1,0.1695,712.54,11.91839057,13.61,672,4830.041667,9.709538659501193,94.1,2,2,0,0,0,0,1,0,0,0,0
1,0.1505,416.3,11.75194237,11.85,662,4410.0,10.247750788917848,85.0,2,0,0,0,0,0,0,0,1,0,0
1,0.1221,185.74,12.07254125,9.59,742,9600.041667,1.6094379124341003,0.0,1,0,1,0,0,0,0,0,0,0,1
1,0.0963,288.85,11.91839057,7.47,737,6150.0,9.735837835974042,30.7,0,0,0,0,0,1,0,0,0,0,0
1,0.1221,169.91,11.15625052,11.64,707,1710.0,9.404508151053818,38.2,0,0,0,0,0,0,1,0,0,0,0
1,0.1505,693.83,11.27720313,16.74,682,1440.0,9.517604459155686,49.3,1,0,0,0,0,0,1,0,0,0,0
1,0.1442,446.98,11.45105006,16.46,702,3150.041667,10.102379394048045,32.4,1,0,0,0,0,0,1,0,0,0,0
1,0.1221,79.96,10.4341158,7.52,712,1140.041667,9.10063710688422,35.3,0,0,0,0,1,0,0,0,0,0,0
1,0.1221,45.81,11.00209984,21.09,692,3780.041667,7.216709486709457,11.1,1,0,1,0,0,0,1,0,0,0,0
1,0.08,62.68,11.51292546,0.71,787,5490.0,8.166500319155052,6.8,1,0,0,0,0,0,0,0,0,0,1
1,0.1568,350.02,11.05089001,7.03,667,2250.041667,10.360627548882315,80.8,0,0,0,1,0,0,0,0,0,0,1
1,0.1126,200.47,12.00701176,15.02,762,7470.041667,11.857691781844808,59.5,1,0,0,1,0,0,0,0,0,0,1
1,0.1442,240.68,10.71441777,15.25,677,3870.041667,10.08380710665941,97.4,0,0,0,1,0,0,1,0,0,0,0
1,0.1284,645.47,11.53272809,20.21,727,9210.041667,9.079889942592118,25.2,2,0,0,1,0,0,1,0,0,0,0
1,0.1411,513.44,11.20775808,15.99,707,3360.041667,10.618127108434171,66.6,0,0,0,1,0,0,1,0,0,0,0
1,0.0788,350.34,10.1266311,19.15,737,6030.041667,9.257796313132479,36.2,0,0,0,1,0,0,1,0,0,0,0
1,0.1284,67.24,11.15625052,11.97,672,7313.0,9.329100707697025,69.9,1,0,1,0,0,0,1,0,0,0,0
1,0.0963,32.1,11.00209984,6.16,727,8310.0,4.61512051684126,0.5,0,1,1,0,0,0,1,0,0,0,0
1,0.08,313.37,10.59663473,23.01,797,5250.041667,9.262837940933936,13.9,0,0,0,0,0,0,1,0,0,0,0
1,0.0932,159.74,10.81985828,0.36,757,3210.0,3.912023005428146,0.5,2,3,0,0,1,0,0,0,0,0,0
1,0.1221,333.15,11.09741002,10.76,792,5850.0,0.0,0.0,7,0,0,1,0,0,0,0,0,0,1
1,0.1189,232.15,10.858999,7.52,752,3330.041667,9.19593714166544,13.3,7,0,0,0,0,1,0,0,0,0,0
1,0.16,316.42,10.59653473,15.75,662,2640.041667,9.47830431356186,90.2,0,0,0,0,0,0,1,0,0,0,0
1,0.1568,280.02,12.09158169,22.49,662,4710.0,10.725401668699362,62.7,2,0,0,0,0,1,0,0,0,0,0
1,0.1505,277.53,11.28978191,12.07,667,3509.041667,9.130214327496898,93.2,1,0,0,0,0,1,0,0,0,0,0
1,0.1253,836.66,11.65268741,13.74,727,9214.041667,10.599405889891859,2.9,0,0,0,0,0,0,0,0,0,0,1
1,0.1221,266.52,10.71441777,21.87,697,2940.0,8.790269111478656,22.3,2,0,0,0,0,0,1,0,0,0,0
1,0.1221,159.92,11.12732181,3.99,702,5040.0,6.150602768446279,7.2,1,1,0,0,1,0,0,0,0,0,0
1,0.1126,328.64,10.59663473,6.15,732,7680.0,7.004881989712859,3.3,2,0,0,0,0,0,0,0,1,0,0
1,0.1158,264.11,10.30895266,9.48,707,2550.0,9.551018039079908,22.7,0,0,0,0,1,0,0,0,0,0,0
1,0.1474,345.37,10.83958091,18.71,672,4740.0,9.827739775097854,62.4,2,0,0,1,0,0,1,0,0,0,0
1,0.1316,253.28,10.49127422,21.5,702,1560.041667,7.2991214627108,12.2,0,0,0,1,0,0,0,0,0,0,1
1,0.1411,342.29,11.00209984,21.32,682,3090.041667,8.877521453852872,23.3,1,0,0,1,0,0,1,0,0,0,0
1,0.1126,326.99,12.10071213,10.07,717,3630.0,11.029666368922044,28.5,2,0,0,1,0,0,0,0,0,0,1
1,0.1158,396.17,11.22132693,3.53,712,9330.041667,9.192888978362427,42.7,1,0,1,0,0,0,1,0,0,0,0
1,0.0932,319.47,11.35040654,7.81,752,2610.041667,7.601901959875166,12.1,1,0,0,0,0,0,0,1,0,0,0
1,0.0963,239.91,10.44461927,15.51,727,3134.041667,9.660778845727078,37.9,2,0,0,0,0,0,1,0,0,0,0
1,0.0963,327.37,10.81977828,15.46,747,6660.041667,9.635869511120088,48.9,1,0,0,0,0,0,0,0,0,0,1
1,0.1316,101.32,11.00209984,14.08,672,3810.041667,7.820439515262181,49.8,1,1,0,0,1,0,0,0,0,0,0
1,0.1221,49.98,10.08580911,21.15,692,1650.041667,7.543802867501509,82.1,0,0,0,0,1,0,0,0,0,0,0
1,0.1095,235.54,11.17890622,11.93,792,5100.0,8.503499864284235,8.5,6,0,0,0,1,0,0,0,0,0,0
1,0.1695,97.98,8.342839804,0.0,687,1238.041667,0.0,42.5,0,0,0,0,0,0,0,1,0,0,0
1,0.1347,339.23,10.81977828,20.83,692,1470.0,9.271905727634337,57.5,2,0,0,0,1,0,0,0,0,0,0
1,0.1126,328.64,12.07254125,4.16,727,7222.0,10.699462042895544,86.8,3,0,0,0,0,1,0,0,0,0,0
1,0.1126,328.64,10.59350484,17.73,747,5430.0,7.971085753505607,19.6,0,0,0,0,0,0,1,0,0,0,0
1,0.1284,840.45,11.55214618,5.52,762,8630.041667,7.550135342488429,38.0,4,0,0,0,0,0,0,0,0,0,1
1,0.1474,345.37,10.73639668,16.33,727,4350.0,9.517310233335248,25.7,1,1,0,0,0,1,0,0,0,0,0
1,0.0963,320.95,10.23981692,22.97,742,4470.041667,9.349145334853365,22.3,0,0,0,0,0,0,1,0,0,0,0
1,0.1126,328.64,11.00209984,12.2,762,3690.0,8.568836424568076,28.8,2,0,0,0,0,0,1,0,0,0,0
1,0.1158,280.62,10.23981692,20.75,717,2716.041667,9.433243894485784,57.3,0,0,0,0,0,0,0,0,0,1,0
1,0.1095,261.71,11.14186178,7.1,732,3180.0,9.843312829500057,48.5,1,0,0,0,0,0,0,0,1,0,0
1,0.1442,550.13,11.14186178,18.12,677,2400.041667,9.746014693711563,81.4,0,0,0,0,0,0,1,0,0,0,0
1,0.1095,40.9,11.77528973,5.18,707,4110.041667,10.190656993614896,80.5,2,0,0,0,0,1,0,0,0,0,0
1,0.1347,135.7,10.59653473,8.55,672,4620.041667,8.151909872940905,56.9,1,0,1,1,0,0,1,0,0,0,0
1,0.0932,255.58,11.15619338,1.08,757,4232.041667,8.136518252115291,8.6,1,0,0,0,0,0,0,0,0,0,1
1,0.06,194.7,10.4341158,17.12,742,2430.041667,8.854522203757432,40.0,0,0,0,0,0,1,0,0,0,0,0
1,0.1253,368.13,11.28983191,1.62,692,2880.0,8.417814747435958,20.6,0,0,1,0,1,0,0,0,0,0,0
1,0.1284,487.46,10.72555551,14.24,722,3540.041667,9.049232211581426,71.5,2,0,0,0,0,0,1,0,0,0,0
1,0.0963,481.42,11.08214255,9.62,797,11820.04167,8.294799358992574,12.4,0,0,0,0,0,0,1,0,0,0,0
1,0.0932,306.69,11.03488966,8.52,797,4050.0,7.177782416195197,3.3,0,0,0,0,1,0,0,0,0,0,0
1,0.1287,260.66,10.18111929,20.14,692,1942.0,9.33326571881348,82.8,0,0,0,0,0,0,1,0,0,0,0
1,0.1505,55.51,10.08580911,14.15,667,3450.041667,9.169934957341145,96.0,1,0,0,0,0,0,0,0,0,1,0
1,0.1126,394.36,10.91501573,21.41,727,3900.041667,9.74700916569969,73.1,1,0,0,0,0,0,1,0,0,0,0
1,0.1095,37.63,11.2515607,7.75,712,6240.0,8.84043543926657,54.3,0,0,1,0,0,1,0,0,0,0,0
1,0.1189,165.82,11.08214255,1.62,732,5612.041667,8.00836557031292,50.1,0,1,0,0,0,0,1,0,0,0,0
1,0.1158,495.21,11.53479458,10.51,727,10500.0,10.52626591542919,69.4,1,0,0,0,0,0,1,0,0,0,0
1,0.1347,254.42,10.37361617,21.3,692,2252.041667,9.59082949401417,93.8,1,0,0,0,1,0,0,0,0,0,0
1,0.1316,337.71,10.73630972,21.34,687,3690.0,9.800900963761027,66.8,2,0,0,0,0,0,1,0,0,0,0
1,0.1347,94.99,10.87012913,16.71,672,3000.041667,7.730174795246222,49.5,1,0,0,0,1,0,0,0,0,0,0
1,0.1367,416.72,10.30895266,13.28,692,1132.0,9.438192819018127,61.3,0,0,0,1,0,0,1,0,0,0,0
1,0.1114,262.43,10.858999,19.06,762,10710.0,7.815207062189088,18.2,5,0,0,0,0,0,1,0,0,0,0
1,0.1379,136.31,11.60823564,1.52,667,3480.041667,7.931644021454311,45.6,1,0,0,0,0,0,1,0,0,0,0
1,0.1379,511.14,11.00209984,7.12,692,5640.041667,10.118760209469768,77.5,2,0,1,0,0,0,1,0,0,0,0
1,0.0932,175.71,10.1266311,16.23,757,4110.041667,8.293549515060345,29.6,0,0,0,0,0,1,0,0,0,0,0
1,0.0932,159.74,10.08580911,18.75,782,10110.0,0.0,0.0,4,0,0,0,0,0,0,1,0,0,0
1,0.0932,127.79,11.1844214,20.5,737,4530.041667,9.141847375530883,16.8,2,0,0,0,0,0,0,0,1,0,0
1,0.1158,396.17,11.15625052,10.99,732,4171.041667,10.5993809587641,81.7,0,0,0,1,0,0,0,0,0,0,1
1,0.0963,160.48,10.5454467,14.02,732,4350.0,9.211539652551664,43.2,3,0,0,0,0,0,0,1,0,0,0
1,0.1126,131.46,11.21182037,8.77,742,8340.0,9.746541302073402,19.6,0,0,0,0,0,0,1,0,0,0,0
1,0.1316,378.23,11.22524339,4.48,682,3420.041667,8.45807992692373,56.8,1,0,0,0,0,0,1,0,0,0,0
1,0.1253,435.07,10.89673933,14.38,707,7020.041667,7.01211529430638,9.7,2,0,0,0,0,1,0,0,0,0,0
1,0.1253,83.67,10.81985828,10.92,682,5610.041667,8.163656176168432,41.8,2,0,0,0,0,0,0,0,1,0,0
1,0.08,37.61,10.59663473,7.26,737,1896.041667,8.235095497258357,18.6,1,0,0,0,1,0,0,0,0,0,0
1,0.1379,85.19,9.903487553,23.82,667,2700.041667,8.59637398929068,76.1,1,0,0,0,1,0,0,0,0,0,0
1,0.1189,49.75,10.77895629,18.13,692,7530.041667,7.853216388156072,67.7,0,0,1,0,1,0,0,0,0,0,0
1,0.0932,255.58,10.30895266,8.48,752,3990.0,9.087155271405804,24.6,2,0,0,0,0,0,1,0,0,0,0
1,0.0932,383.37,11.14186178,8.68,807,8580.041667,8.900685318713995,7.2,0,0,0,0,0,0,1,0,0,0,0
1,0.1316,506.56,11.36210258,14.34,697,5130.0,5.963579343618446,4.6,1,1,0,0,0,0,0,0,0,0,1
1,0.0963,192.57,11.91839057,6.14,727,8310.0,9.507180382212729,20.6,1,0,0,0,0,1,0,0,0,0,0
1,0.1189,464.3,10.59663473,11.46,717,7347.0,9.771326648933789,35.9,0,0,1,0,0,0,1,0,0,0,0
1,0.1221,433.1,10.97164063,16.04,707,3885.041667,9.447150114054207,60.6,1,0,0,0,0,1,0,0,0,0,0
1,0.1253,167.34,11.30220443,15.21,677,5160.0,6.923628628138427,25.4,0,0,0,0,1,0,0,0,0,0,0
1,0.1284,470.66,11.00209984,22.06,697,2220.0,9.542015406113592,71.8,0,0,0,0,0,0,1,0,0,0,0
1,0.1221,499.73,11.22524339,15.02,722,5400.0,10.618469607703592,31.8,2,0,0,0,0,0,0,0,0,0,1
1,0.0932,223.63,10.1266311,12.82,737,1920.041667,7.987864096085687,22.5,0,0,0,0,0,0,0,0,0,1,0
1,0.1411,229.34,10.64661467,23.67,667,4980.041667,9.220983532074662,40.3,1,0,0,0,0,0,1,0,0,0,0
1,0.1253,50.2,10.69203582,20.75,677,4080.041667,6.825460036255307,21.9,0,0,0,1,1,0,0,0,0,0,0
1,0.1095,49.89,10.1266311,11.62,727,6510.0,7.653969180478774,23.2,0,0,1,0,0,0,0,0,0,0,1
1,0.1221,266.52,11.22524339,14.58,712,5730.041667,10.33178989454705,92.4,1,0,0,0,0,0,1,0,0,0,0
1,0.0963,154.06,11.77525896,7.38,727,5490.0,10.218298292376161,41.1,1,0,0,0,0,0,0,0,0,0,1
1,0.0932,319.47,10.98529272,11.02,757,3510.041667,7.905072849498666,5.7,0,0,0,0,0,0,1,0,0,0,0
1,0.1126,427.23,11.42954386,14.05,722,7200.041667,9.164505835632383,43.8,0,0,1,0,0,0,0,0,0,0,1
1,0.1114,164.02,10.04324949,4.33,727,2130.0,8.19229373114764,54.6,0,1,0,0,0,0,1,0,0,0,0
1,0.1474,345.37,10.69194491,18.3,667,4620.041667,9.225819942824568,73.9,1,0,0,0,0,0,1,0,0,0,0
1,0.08,37.61,10.59663473,18.78,732,3870.041667,8.315566483564277,32.2,2,0,0,0,0,0,0,0,0,1,0
1,0.08,219.36,11.61728548,5.1,752,8250.041667,10.516617025110042,27.7,2,0,0,0,0,0,1,0,0,0,0
1,0.0932,95.85,10.12085445,18.01,722,1860.0,8.48714627006394,12.9,2,0,0,0,1,0,0,0,0,0,0
1,0.1411,171.15,10.73630972,12.11,672,2700.041667,9.261413642160184,57.8,0,1,0,0,0,0,1,0,0,0,0
1,0.1316,506.56,10.96819829,7.28,687,2190.0,9.11701821474481,82.8,0,0,0,0,0,0,0,1,0,0,0
1,0.0932,351.42,11.40756495,6.43,767,5610.041667,8.890823576004383,20.8,0,0,0,0,0,0,1,0,0,0,0
1,0.1284,285.76,11.77528973,10.62,682,3210.0,9.426902311924838,77.1,0,0,0,0,0,1,0,0,0,0,0
1,0.1221,626.32,10.54534144,13.07,712,4998.041667,10.1869733328565,47.8,2,0,0,0,0,1,0,0,0,0,0
1,0.1284,470.66,11.1123882,15.53,697,3750.041667,10.17385814221302,78.5,0,0,0,0,0,1,0,0,0,0,0
1,0.1189,165.82,10.71441777,5.47,702,2940.0,6.115892125483034,12.6,2,0,0,0,1,0,0,0,0,0,0
1,0.08,62.68,10.81977828,10.51,737,2370.041667,7.7279755421055585,14.0,1,0,0,1,0,0,1,0,0,0,0
1,0.1284,504.27,12.11450545,20.69,697,3149.041667,11.348581341406927,79.4,3,0,0,0,0,0,0,0,0,0,1
1,0.1158,39.62,10.91508846,24.37,697,8700.0,10.031176913677017,76.9,2,0,1,0,1,0,0,0,0,0,0
1,0.1126,282.63,10.81977828,2.88,712,4320.0,6.981934677156389,8.7,3,0,0,1,1,0,0,0,0,0,0
1,0.1347,407.08,12.66032792,10.05,692,9060.0,11.753460896927333,67.0,1,0,0,0,0,0,1,0,0,0,0
1,0.1411,164.3,11.39643659,10.64,662,5940.041667,9.796236361789152,79.5,1,0,0,0,0,0,0,0,1,0,0
1,0.1537,522.7,10.71441777,5.84,672,2460.0,9.942756341456828,88.1,1,0,0,0,0,0,1,0,0,0,0
1,0.1221,366.47,11.19766662,14.97,732,6360.041667,9.389490237604502,17.1,2,0,0,0,0,0,1,0,0,0,0
1,0.1189,464.3,11.34142515,10.33,717,1860.0,10.04975005951438,32.6,3,0,0,0,1,0,0,0,0,0,0
1,0.1158,462.19,10.91508846,13.99,717,3090.041667,8.927446816256198,39.5,1,0,0,0,1,0,0,0,0,0,0
1,0.0963,481.42,11.91839057,8.44,812,6750.041667,11.114371420352308,31.3,2,0,0,0,0,0,0,0,0,0,1
1,0.0932,319.47,11.51288546,3.83,747,3390.041667,9.20653313363323,13.2,0,0,0,0,1,0,0,0,0,0,0
1,0.1095,261.71,10.59663473,7.68,732,2460.0,9.485089169016064,25.2,0,0,0,0,1,0,0,0,0,0,0
1,0.08,228.76,10.88930435,11.08,752,1920.041667,8.385260520155413,14.3,1,0,0,0,0,0,1,0,0,0,0
1,0.1442,409.16,12.3588109,8.32,677,7560.041667,10.356440389711647,91.2,0,0,0,0,0,0,1,0,0,0,0
1,0.1505,138.77,10.94199592,12.7,682,3750.041667,8.259716961021523,99.1,0,0,1,0,0,0,1,0,0,0,0
1,0.1158,495.21,11.1844214,13.27,727,4050.0,10.053501114853614,42.4,2,0,0,1,0,0,0,0,0,0,1
1,0.1632,529.71,11.91839057,6.55,662,4050.0,10.033813814211703,93.7,3,1,0,0,0,1,0,0,0,0,0
1,0.1126,315.49,11.09741002,18.31,722,4110.041667,10.588123616077645,46.5,0,0,0,0,0,0,1,0,0,0,0
1,0.1221,164.91,9.998797732,22.8,692,5310.041667,9.223157875686796,46.0,0,0,0,0,0,0,1,0,0,0,0
1,0.0751,435.54,10.96819829,10.26,782,8340.041667,8.342601680684194,15.4,1,0,0,0,0,0,1,0,0,0,0
1,0.1221,499.73,11.15619338,6.58,707,3690.0,9.683401821321157,34.8,2,1,0,0,0,0,1,0,0,0,0
1,0.1158,66.03,10.25765937,16.17,722,1830.0,7.256297239690681,40.5,1,0,0,0,0,0,0,0,0,1,0
1,0.1474,486.11,11.16200536,11.42,672,2940.0,7.900636613018005,21.4,3,3,0,0,0,0,1,0,0,0,0
1,0.0932,293.91,11.10495723,8.35,787,7650.0,7.908387159290043,4.6,0,0,0,0,0,0,0,0,0,1,0
1,0.0932,148.56,10.37255324,8.48,782,3390.041667,2.833213344056216,0.3,0,0,0,0,1,0,0,0,0,0,0
1,0.1411,513.44,11.41861479,16.8,682,5700.041667,9.737196812814702,91.0,1,0,1,0,0,0,1,0,0,0,0
1,0.1284,403.42,10.73639668,19.57,697,3450.041667,10.213249070130788,87.4,1,0,0,0,0,0,1,0,0,0,0
1,0.0768,77.98,10.37349118,0.38,822,9968.041667,6.236369590203704,1.0,0,0,0,1,0,0,1,0,0,0,0
1,0.0963,288.85,11.60823564,18.41,737,3481.041667,7.914983005848394,6.4,1,0,0,1,0,1,0,0,0,0,0
1,0.1189,265.32,11.00209984,17.24,707,4770.0,8.608312784783722,46.4,0,0,0,1,0,0,1,0,0,0,0
1,0.1253,187.42,10.81977828,14.42,682,5640.041667,9.25540933534376,42.9,0,0,0,0,0,1,0,0,0,0,0
1,0.1126,407.51,12.01370075,10.01,727,6750.041667,9.19023970026918,38.4,1,0,0,0,0,1,0,0,0,0,0
1,0.1126,328.64,11.03488966,4.49,722,1710.041667,9.107421317968342,27.7,0,0,0,0,0,0,1,0,0,0,0
1,0.1253,384.87,10.73630972,15.91,697,2220.0,9.355565624128962,60.2,2,0,0,0,0,0,1,0,0,0,0
1,0.1095,261.71,11.22524339,23.25,722,6540.0,10.928166212826115,55.8,3,0,0,0,0,0,1,0,0,0,0
1,0.1253,240.96,10.90778916,9.12,702,3240.0,6.957497370876951,44.5,2,0,0,0,1,0,0,0,0,0,0
1,0.1347,508.84,11.05089001,12.93,712,6553.0,9.81093357092552,97.0,3,0,0,0,0,0,0,1,0,0,0
1,0.1505,260.19,11.37939407,9.08,667,6930.0,10.918065845594228,93.7,0,0,0,0,1,0,0,0,0,0,0
1,0.1095,130.86,10.81977828,22.46,717,5820.0,10.08776552762847,68.7,2,0,0,0,0,0,1,0,0,0,0
1,0.1357,237.78,11.05089001,19.2,677,4290.0,9.83889569664295,72.4,2,0,0,0,0,1,0,0,0,0,0
1,0.1253,284.47,10.66895539,9.27,687,2850.0,8.100161446936607,18.7,3,1,0,1,0,0,1,0,0,0,0
1,0.1126,414.08,10.65735347,18.15,722,2674.041667,8.365905077202456,39.8,0,0,0,0,0,0,1,0,0,0,0
1,0.0932,44.73,9.305650552,24.98,727,2310.041667,8.519390774959724,63.4,0,0,0,0,0,0,0,0,0,0,1
1,0.0963,320.95,11.15625052,6.31,737,3480.041667,9.924465958921319,46.7,2,0,0,1,0,0,1,0,0,0,0
1,0.1316,405.25,11.06663836,7.97,697,3150.041667,9.700881652439467,76.0,0,0,1,0,0,0,1,0,0,0,0
1,0.1158,495.21,11.47210347,0.13,797,4770.0,4.976733742420574,0.3,2,0,0,0,0,0,0,0,1,0,0
1,0.1126,492.95,12.07254125,3.31,757,5880.0,7.397561535524052,65.2,0,0,0,0,0,0,0,0,0,0,1
1,0.1284,268.95,10.81977828,18.6,682,5162.0,9.07004328643746,65.3,3,0,1,0,0,0,1,0,0,0,0
1,0.0768,155.96,11.45105006,15.29,777,4080.0,8.253227645581772,6.2,0,0,0,0,0,1,0,0,0,0,0
1,0.1422,514.27,11.00209984,3.48,702,3870.041667,8.44009614103127,94.4,3,0,0,0,0,0,0,0,0,0,1
1,0.1505,260.19,10.84081544,15.06,662,9180.0,9.876630098366245,84.8,1,1,0,1,0,0,1,0,0,0,0
1,0.0963,208.62,10.59653473,9.18,727,4980.041667,8.226038429485484,14.2,3,1,0,0,1,0,0,0,0,0,0
1,0.1189,99.5,10.51867319,20.63,692,4410.0,9.254931255304058,54.5,1,0,0,1,0,1,0,0,0,0,0
1,0.0932,95.85,10.89673933,6.6,727,1921.041667,7.9996785794994505,28.9,1,0,0,1,0,1,0,0,0,0,0
1,0.1505,312.23,11.46163217,17.72,667,7080.041667,10.699055933195222,93.5,2,0,0,1,1,0,0,0,0,0,0
1,0.1316,506.56,11.23848862,21.9,687,6000.041667,11.054107047362793,51.3,0,0,0,1,0,0,1,0,0,0,0
1,0.1158,82.54,11.47001796,4.81,702,5070.0,10.17443030098361,77.4,2,0,0,0,1,0,0,0,0,0,0
1,0.0963,192.57,11.03488966,6.35,732,1980.041667,8.263590432617319,32.9,0,0,0,0,0,0,0,0,0,0,1
1,0.0963,96.29,10.32548196,14.4,722,3257.0,5.627621113690637,5.4,2,0,0,0,1,0,0,0,0,0,0
1,0.0963,320.95,11.40756495,3.27,732,3720.041667,9.10242102975669,15.7,3,0,0,1,1,0,0,0,0,0,0
1,0.1253,127.18,11.00209984,20.14,687,4140.041667,10.231351414620741,71.7,1,0,0,1,1,0,0,0,0,0,0
1,0.1158,264.11,10.34148439,6.89,712,5670.041667,9.30801139914963,55.1,1,0,1,1,0,1,0,0,0,0,0
1,0.0768,187.15,11.08220409,8.4,782,11340.0,8.70748291785937,11.0,1,0,0,0,0,0,1,0,0,0,0
1,0.1347,162.83,11.51292546,21.8,687,6420.041667,10.873470698607058,96.4,0,0,0,0,0,0,1,0,0,0,0
1,0.1411,273.84,10.91501573,12.59,672,1650.041667,8.83127373772255,75.2,2,0,0,0,1,0,0,0,0,0,0
1,0.1253,502.0,11.76368418,16.16,707,4470.041667,10.904964663771006,87.8,2,0,0,0,0,1,0,0,0,0,0
1,0.1189,296.82,11.15625052,21.24,702,7860.041667,10.836104287009055,70.0,0,0,0,0,0,1,0,0,0,0,0
1,0.0932,159.74,10.30895266,14.16,762,5550.041667,7.27655640271871,6.5,2,0,0,0,1,0,0,0,0,0,0
1,0.1474,518.06,11.08220409,22.1,672,4934.041667,10.06628644284122,66.7,2,0,1,1,0,0,1,0,0,0,0
1,0.1442,515.74,11.15625052,13.7,697,2550.0,9.31739944426959,89.0,0,0,0,0,0,1,0,0,0,0,0
1,0.1189,397.97,10.54534144,19.64,707,1890.0,8.77539495854551,53.5,1,0,0,0,0,0,1,0,0,0,0
1,0.1379,170.38,10.71441777,6.0,722,5280.041667,0.0,40.5,1,0,0,0,1,0,0,0,0,0,0
1,0.08,58.76,10.81977828,19.06,732,4773.0,10.234085425964741,45.8,0,0,0,0,0,0,1,0,0,0,0
1,0.1347,339.23,11.77528973,13.85,702,4200.041667,10.197015007403428,90.9,2,1,0,0,0,0,0,0,0,0,1
1,0.1316,405.25,10.4341158,19.55,682,2490.0,10.077734934062509,76.1,0,0,0,0,0,0,1,0,0,0,0
1,0.1505,520.37,11.46163217,17.72,667,7501.041667,9.440419814291506,84.5,2,0,0,0,0,0,0,0,0,0,1
1,0.1442,343.83,10.49127422,22.43,667,2877.0,9.155884186180124,59.2,1,0,0,0,0,0,1,0,0,0,0
1,0.1126,328.64,11.16472876,11.61,722,6480.0,9.623575217348709,38.7,2,0,0,0,0,0,1,0,0,0,0
1,0.1158,138.66,10.37349118,22.09,702,2945.0,9.55867059537935,81.4,0,0,0,0,0,0,0,0,1,0,0
1,0.0963,288.85,10.66895539,7.0,742,3600.0,9.233373071086755,30.6,1,0,0,0,0,0,1,0,0,0,0
1,0.1221,499.73,11.2515607,14.96,712,4860.041667,10.341290768556236,79.4,3,0,0,0,0,1,0,0,0,0,0
1,0.0932,255.58,10.49127422,10.73,752,13770.0,9.003193193746572,27.7,3,0,0,0,0,0,1,0,0,0,0
1,0.1505,346.92,10.59663473,20.64,662,3030.041667,9.638935897473202,37.5,1,0,0,0,0,1,0,0,0,0,0
1,0.1316,506.56,11.91839057,4.06,697,7170.041667,11.360857614547074,2.1,1,2,0,0,0,0,0,0,0,0,1
1,0.1189,169.14,10.23995979,16.11,697,4080.0,9.938999473537487,52.1,2,0,0,0,0,1,0,0,0,0,0
1,0.1253,281.12,11.30220443,1.85,687,4320.0,8.812396905266864,32.7,2,0,0,0,0,0,1,0,0,0,0
1,0.08,100.28,10.66895539,8.6,742,3150.041667,8.63497622707262,32.0,0,0,0,0,0,1,0,0,0,0,0
1,0.1411,342.29,10.71441777,14.45,672,8940.041667,9.300455261418444,57.0,0,0,0,0,0,0,1,0,0,0,0
1,0.1379,190.83,10.71441777,9.07,682,5100.0,9.136478523377727,97.8,0,0,1,0,0,0,1,0,0,0,0
1,0.1189,397.97,10.59663473,14.88,757,6150.0,9.634365505605258,56.2,0,0,0,0,0,0,1,0,0,0,0
1,0.0932,319.47,11.00209984,1.78,797,8100.0,7.655390644826152,4.0,2,0,0,0,1,0,0,0,0,0,0
1,0.1095,245.36,10.51867319,14.72,777,3811.041667,7.085901464365611,3.8,1,0,0,0,0,0,0,0,0,1,0
1,0.1474,155.42,10.81977828,13.94,662,2191.0,9.981790285793302,93.2,1,0,0,0,0,1,0,0,0,0,0
1,0.0963,481.42,11.15625052,12.19,772,4080.0,9.088285725968877,16.5,1,0,0,1,0,0,0,0,1,0,0
1,0.1379,511.14,10.76595548,9.17,712,8847.0,9.770013301136158,85.6,0,0,1,0,0,0,1,0,0,0,0
1,0.1221,53.31,11.14186178,18.14,677,5251.041667,8.446556111816797,44.3,3,1,1,1,0,0,1,0,0,0,0
1,0.1095,490.71,11.56171563,8.14,757,6960.0,9.498072443178005,25.8,0,0,0,0,0,0,1,0,0,0,0
1,0.1442,515.74,11.14186178,14.26,677,4530.041667,9.490695669041504,47.8,1,0,0,0,1,0,0,0,0,0,0
1,0.1411,410.75,11.28978191,7.21,672,3030.041667,8.973097896282471,37.2,0,0,0,0,1,0,0,0,0,0,0
1,0.1474,34.54,9.210340372,1.2,667,1860.0,6.082218910376446,9.7,0,1,0,0,0,0,0,0,0,0,1
1,0.1221,333.15,11.00209984,11.42,702,1950.041667,8.718827059242566,33.1,2,0,0,0,0,0,0,1,0,0,0
1,0.1221,119.94,11.00209984,10.56,692,4080.0,8.558718938244736,30.1,0,3,0,0,0,0,1,0,0,0,0
1,0.0932,134.18,10.51583186,8.52,737,4590.041667,9.501964663660587,57.5,1,0,0,0,1,0,0,0,0,0,0
1,0.0963,176.52,10.6508871,15.63,727,4200.041667,9.952420563645306,36.7,1,0,0,0,0,0,0,1,0,0,0
1,0.1158,82.54,11.69524702,14.51,712,6780.041667,10.879838040837946,91.2,2,0,0,0,1,0,0,0,0,0,0
1,0.1221,299.84,11.22524339,1.81,697,10290.0,9.758924101344775,31.8,2,0,0,0,0,0,1,0,0,0,0
1,0.0963,320.95,11.00209984,11.24,742,5790.0,8.202482446576537,33.8,2,0,0,0,0,1,0,0,0,0,0
1,0.1189,276.92,11.61728548,1.92,702,8730.0,8.137980454452139,7.4,1,0,0,0,0,1,0,0,0,0,0
1,0.1379,204.46,10.18490001,5.34,682,10308.95833,8.552174160311482,12.5,3,1,0,0,0,0,1,0,0,0,0
1,0.1284,152.97,10.30815234,21.18,682,4109.958333,7.026426808699636,64.3,3,0,1,0,0,0,1,0,0,0,0
1,0.1158,330.14,11.8493977,8.32,727,4890.041667,10.694872441685067,42.0,1,0,0,1,0,0,1,0,0,0,0
1,0.1379,255.57,10.93310697,4.18,687,7184.041667,8.176110342237342,37.8,3,0,0,0,0,0,0,0,0,0,1
1,0.1126,328.64,12.87390202,15.68,792,9041.0,10.052683118897981,8.5,3,0,0,0,0,0,0,0,0,0,1
1,0.1347,169.62,10.12647109,12.15,687,1925.041667,7.404887575616125,8.6,2,1,0,0,0,0,0,1,0,0,0
1,0.0963,224.66,11.44293209,14.05,727,5100.0,8.569026340056254,39.6,1,0,0,0,1,0,0,0,0,0,0
1,0.1347,508.84,10.93310697,13.61,677,6390.041667,10.196977725270886,52.6,3,0,0,0,0,0,1,0,0,0,0
1,0.1347,441.0,11.28978191,21.11,687,3330.0,11.073055230137888,87.8,2,0,0,0,0,1,0,0,0,0,0
1,0.1442,206.3,11.51292546,13.57,662,5157.0,10.21299226949838,80.4,0,0,0,0,0,0,1,0,0,0,0
1,0.1379,136.31,10.41271189,15.47,692,1861.0,8.898638793680181,88.2,1,0,0,0,1,0,0,0,0,0,0
1,0.1379,54.53,10.91508846,14.68,662,5310.041667,10.073820870018016,73.5,1,0,0,0,0,0,0,1,0,0,0
1,0.0932,383.37,11.87164831,4.69,792,12433.0,8.385944904806284,5.0,0,0,0,0,0,0,0,0,1,0,0
1,0.1253,502.0,11.73446773,15.83,702,6420.041667,11.60144903135826,63.4,0,2,0,0,0,0,0,0,0,0,1
1,0.1537,522.7,11.81303006,18.12,667,9000.041667,9.756089025531404,81.4,1,1,0,1,0,0,1,0,0,0,0
1,0.1189,497.46,11.28983191,17.64,717,2226.0,9.176162920174596,30.7,2,0,0,0,0,0,1,0,0,0,0
1,0.1316,202.63,11.39643659,7.4,687,3300.0,5.641907070938114,7.4,3,0,2,0,0,0,0,0,0,1,0
1,0.1095,490.71,11.60823564,1.07,762,4290.041667,8.266164436612492,18.3,0,0,0,1,0,0,0,0,0,0,1
1,0.1411,222.49,10.46310334,21.15,667,2640.041667,8.615951963439501,34.9,2,1,0,0,0,0,1,0,0,0,0
1,0.08,180.19,11.15625052,2.59,807,4800.0,8.562548893137034,2.4,1,0,0,0,0,1,0,0,0,0,0
1,0.1411,171.15,11.98290409,6.84,702,4770.0,9.804550804676104,98.5,0,0,0,0,0,1,0,0,0,0,0
1,0.0963,481.42,10.30895266,4.08,817,8250.041667,10.113181056125933,5.3,0,0,0,0,0,0,0,0,1,0,0
1,0.0932,319.47,11.69524702,5.93,747,3150.041667,8.659039915644474,36.2,1,0,0,0,0,0,1,0,0,0,0
1,0.1221,199.89,10.59663473,20.43,707,7050.0,9.448963494138779,63.8,3,0,0,0,0,0,1,0,0,0,0
1,0.1221,466.41,10.9329641,14.38,712,4080.0,9.460164801871723,37.8,1,1,0,0,0,0,1,0,0,0,0
1,0.1126,345.07,11.03650127,3.61,722,3690.0,9.552581649917311,31.2,0,0,0,0,0,0,1,0,0,0,0
1,0.1442,82.52,10.1266311,12.38,677,1410.0,8.572817095164234,60.1,3,0,0,0,1,0,0,0,0,0,0
1,0.1158,495.21,11.51292546,22.37,727,3652.0,9.704243616546224,62.0,0,0,0,0,0,0,1,0,0,0,0
1,0.08,115.95,10.23981692,7.84,772,1591.041667,7.148345743900068,8.7,1,0,0,0,1,0,0,0,0,0,0
1,0.1158,495.21,11.14186178,21.86,727,5790.0,10.015028927269036,25.0,0,1,0,0,0,1,0,0,0,0,0
1,0.1126,276.06,10.49404814,1.4,772,5640.041667,7.358830898342354,14.7,1,0,0,0,1,0,0,0,0,0,0
1,0.1347,191.67,11.11542853,6.18,672,4950.041667,8.58185670474196,47.2,1,1,0,0,0,0,1,0,0,0,0
1,0.1632,176.57,9.998797732,8.67,662,1140.0,9.049936850483158,71.6,2,0,0,1,0,0,1,0,0,0,0
1,0.1218,166.5,10.88743693,17.64,697,2442.958333,8.90910013492555,37.9,0,0,0,0,1,0,0,0,0,0,0
1,0.1505,520.37,10.91508846,16.95,677,8670.0,9.736192529758796,90.5,0,0,0,0,0,1,0,0,0,0,0
1,0.1379,272.61,11.26446411,3.29,682,4560.041667,8.977398978181862,58.7,0,0,0,0,0,0,1,0,0,0,0
1,0.0963,481.42,11.55214618,9.63,777,6270.0,9.861727618287896,9.3,2,0,0,0,0,0,0,0,1,0,0
1,0.1189,497.46,11.38813292,7.34,717,3060.041667,9.658162296163171,45.8,1,0,0,1,0,0,1,0,0,0,0
1,0.1189,497.46,11.15619338,18.28,717,6960.0,8.481980435660493,58.1,1,1,0,0,0,0,1,0,0,0,0
1,0.0963,481.42,10.57131693,11.57,812,4650.041667,7.039660349862076,9.7,1,0,0,0,0,1,0,0,0,0,0
1,0.1158,495.21,11.51292546,23.7,727,5040.0,10.339481865679115,65.9,2,0,0,0,0,1,0,0,0,0,0
1,0.1474,487.84,10.30895266,11.24,677,3060.041667,10.07588502813239,94.3,1,0,0,1,0,0,1,0,0,0,0
1,0.0932,191.69,10.81985828,5.28,732,3810.041667,8.776167099731275,26.0,1,0,0,0,1,0,0,0,0,0,0
1,0.0932,319.47,11.60823564,10.29,752,4410.0,10.269553264861555,34.3,0,0,0,0,0,1,0,0,0,0,0
1,0.1316,405.25,11.35040654,12.01,752,3749.041667,0.0,38.3,0,0,0,0,1,0,0,0,0,0,0
1,0.1632,529.71,11.40756495,9.77,672,6633.0,9.621190952360685,90.3,3,1,0,0,0,0,1,0,0,0,0
1,0.1411,342.29,10.1266311,13.73,682,4320.0,9.265301930050157,72.4,0,0,1,1,0,0,1,0,0,0,0
1,0.0932,127.79,11.23653935,13.72,767,5850.0,5.075173815233827,1.3,1,0,0,0,0,0,0,0,1,0,0
1,0.1347,508.84,10.74492542,13.76,692,4334.0,9.828063329889288,94.1,0,0,0,0,0,0,1,0,0,0,0
1,0.1347,169.62,11.08214255,12.48,692,2940.0,9.06900719585954,42.3,1,0,0,0,0,0,1,0,0,0,0
1,0.1253,234.27,10.62132735,2.46,747,4978.041667,8.580731212220226,47.4,7,0,0,0,0,0,0,1,0,0,0
1,0.1537,261.35,11.00209984,17.5,677,2761.041667,9.70643807033756,76.6,0,0,0,0,0,0,1,0,0,0,0
1,0.1095,163.57,10.1266311,12.48,732,3810.041667,8.107418811719974,18.1,0,1,0,0,0,0,1,0,0,0,0
1,0.1253,301.2,10.77561739,20.59,722,11100.04167,9.573593631275038,89.3,0,0,0,0,0,1,0,0,0,0,0
1,0.1442,257.87,10.71441777,15.92,682,5730.041667,9.165656764349542,21.9,1,0,0,1,0,0,1,0,0,0,0
1,0.1284,168.09,10.40426284,17.67,702,2550.0,8.527539483470381,51.5,2,0,0,0,0,0,0,0,1,0,0
1,0.1158,495.21,11.54248427,20.26,722,5700.041667,11.189049560401877,29.9,1,0,0,0,0,0,0,0,0,0,1
1,0.0768,62.39,10.77895629,13.6,752,3733.0,8.7509996908987,11.5,3,0,0,0,1,0,0,0,0,0,0
1,0.0963,192.57,10.83446983,7.43,732,2760.041667,9.36134324551271,37.6,0,0,0,0,0,0,1,0,0,0,0
1,0.1411,246.45,10.46321762,6.99,677,2640.0,9.26926943950547,62.0,0,0,0,0,0,0,1,0,0,0,0
1,0.1411,290.95,9.998615898,10.15,682,6720.041667,9.042158378735948,89.9,2,0,0,0,0,0,1,0,0,0,0
1,0.1189,497.46,11.00209984,12.42,717,2370.041667,10.359772509640926,40.5,3,0,0,0,0,0,1,0,0,0,0
1,0.0963,320.95,11.24895992,0.0,782,4050.0,0.0,0.0,4,0,0,0,0,1,0,0,0,0,0
1,0.0963,231.08,11.12726298,19.11,727,6210.0,10.472600952172625,66.9,3,0,0,0,0,1,0,0,0,0,0
1,0.08,188.02,10.18490001,12.14,762,2040.041667,7.307872780763706,5.5,0,0,0,0,0,0,1,0,0,0,0
1,0.1221,79.96,10.04324949,9.5,712,1380.041667,6.889591308354466,25.2,0,0,0,0,0,0,0,0,0,1,0
1,0.1568,227.51,10.96812932,15.87,667,2190.0,9.920442993185542,85.1,0,0,0,0,0,0,1,0,0,0,0
1,0.1474,207.23,10.37352243,12.45,672,2970.0,8.198089248956116,44.9,2,0,0,0,1,0,0,0,0,0,0
1,0.1347,81.42,10.34137532,5.11,692,1350.041667,8.653121708640482,54.0,1,0,0,0,0,0,1,0,0,0,0
1,0.1505,138.77,10.71885237,7.67,667,3060.041667,9.758114899520375,94.5,0,1,0,0,0,0,1,0,0,0,0
1,0.1663,354.7,11.35040654,15.61,662,5528.958333,11.105363159279738,93.6,3,0,0,0,0,0,0,0,0,0,1
1,0.16,263.68,10.81977828,22.13,677,2580.0,9.727227587120769,46.2,0,0,0,0,0,0,0,0,0,0,1
1,0.1316,506.56,10.84028655,21.44,707,4020.0,9.896261507444388,74.1,1,0,0,0,0,0,1,0,0,0,0
1,0.1379,408.91,11.5806215,4.58,687,5490.0,9.444384297758681,30.2,1,1,0,0,0,0,1,0,0,0,0
1,0.1189,497.46,11.51292546,2.3,717,5520.0,7.8434564043761155,8.4,0,0,0,0,0,0,0,0,0,0,1
1,0.1442,154.73,10.4487146,7.58,687,1320.041667,8.282230063296685,44.1,1,0,0,0,0,0,1,0,0,0,0
1,0.1347,271.39,10.83958091,4.35,687,3844.041667,7.568379267836522,22.8,0,3,0,0,0,0,0,0,0,1,0
1,0.08,206.82,10.62132735,10.74,752,4800.0,8.869679374733515,50.4,1,0,0,0,0,0,1,0,0,0,0
1,0.1253,267.74,11.15625052,20.67,712,5339.958333,9.560574619084928,46.4,3,0,1,0,0,0,1,0,0,0,0
1,0.0768,155.96,10.60430524,5.78,802,4440.0,8.577911926450943,7.2,0,0,0,0,1,0,0,0,0,0,0
1,0.1284,504.27,11.66134547,8.1,697,6506.0,10.139033870567381,53.5,1,0,0,0,0,0,0,0,0,0,1
1,0.1316,195.87,10.87804719,5.52,702,2040.041667,8.717027173294824,74.5,0,0,0,0,0,1,0,0,0,0,0
1,0.0932,134.18,11.22524339,3.33,732,3240.0,9.31721973360328,13.4,0,0,0,0,0,0,0,0,1,0,0
1,0.1095,327.14,11.46163217,5.68,722,5460.0,10.544419961647334,57.4,2,0,0,0,0,0,0,0,0,0,1
1,0.1442,330.08,11.33814341,11.46,702,1260.041667,8.304247465078474,20.2,0,0,0,0,0,0,0,0,0,0,1
1,0.1158,495.21,11.22967356,9.81,742,6480.041667,8.347353412124338,1.4,0,1,1,0,1,0,0,0,0,0,0
1,0.1126,295.77,11.35035948,7.45,742,5370.041667,9.085683767376628,34.3,1,0,0,0,0,0,1,0,0,0,0
1,0.1568,525.03,11.69524702,19.87,682,5010.041667,11.37942835747225,96.4,0,1,0,0,0,0,1,0,0,0,0
1,0.0963,481.42,10.91508846,16.56,782,4980.041667,9.781884730776879,31.1,0,0,0,0,0,1,0,0,0,0,0
1,0.1284,242.05,10.37361617,19.16,702,1890.0,8.722091302389098,42.9,0,0,0,0,0,0,1,0,0,0,0
1,0.16,281.26,10.59663473,23.13,662,3090.041667,10.341968264428457,85.4,3,0,0,0,0,0,0,0,0,0,1
1,0.1442,515.74,11.60823564,6.33,682,1890.0,8.792701462936309,20.3,2,1,0,0,1,0,0,0,0,0,0
1,0.1411,273.84,10.51867319,16.96,692,1500.0,8.566554620953962,56.5,2,0,0,0,0,0,0,0,0,1,0
1,0.1095,490.71,11.28978191,2.77,752,5717.041667,9.305923241869912,20.9,1,0,0,0,0,0,0,0,0,0,1
1,0.1568,310.64,10.27931786,19.53,692,3738.0,9.9940135792355,99.5,0,0,0,0,0,0,1,0,0,0,0
1,0.1158,198.09,10.54534144,23.08,732,7050.041667,8.388905171114706,86.4,0,0,0,0,0,0,1,0,0,0,0
1,0.1347,508.84,11.81303006,12.18,702,3390.041667,11.085690095042095,68.9,1,0,0,0,0,0,0,0,0,0,1
1,0.1695,534.41,11.08220409,22.85,682,2670.041667,9.7881328161731,98.5,0,0,0,0,0,0,1,0,0,0,0
1,0.1442,515.74,11.52184556,11.22,682,3450.041667,10.10368995654877,68.6,0,0,0,0,0,1,0,0,0,0,0
1,0.1253,368.13,11.44035477,19.35,692,5449.0,10.383070156562187,83.3,0,0,0,0,0,1,0,0,0,0,0
1,0.0963,288.85,11.15625052,8.45,737,4890.041667,8.88405606174246,30.8,2,0,0,0,1,0,0,0,0,0,0
1,0.1347,508.84,11.15619338,11.73,702,2820.041667,9.038127549330516,43.4,1,0,0,0,0,0,0,0,1,0,0
1,0.1537,146.36,10.46310334,6.0,662,1470.0,9.059284897056227,56.9,1,0,0,0,0,0,1,0,0,0,0
1,0.1379,170.38,11.22524339,20.86,767,7950.041667,10.558725160022853,22.9,2,0,0,0,0,0,0,1,0,0,0
1,0.0932,319.47,10.81977828,0.36,777,3092.041667,5.7430031878094825,0.5,2,0,0,0,1,0,0,0,0,0,0
1,0.1347,203.54,11.22524339,4.75,682,5520.0,8.807621489536043,66.2,1,0,0,0,0,0,1,0,0,0,0
1,0.1411,342.29,10.77895629,15.0,687,4590.041667,9.306740866262498,57.1,0,2,0,0,0,0,1,0,0,0,0
1,0.1095,163.57,10.81977828,6.38,717,3630.0,8.305236829492593,18.0,0,0,1,0,0,0,1,0,0,0,0
1,0.1537,522.7,11.71993963,6.52,677,2880.0,11.433795673794924,72.6,0,0,0,0,0,0,1,0,0,0,0
1,0.08,206.04,10.71441777,13.28,767,11310.0,8.681011276645632,27.1,3,0,0,0,0,0,0,0,0,1,0
1,0.1126,492.95,10.93310697,7.16,737,2970.0,10.318341777940978,54.3,1,0,0,0,0,0,0,0,0,0,1
1,0.1726,500.98,11.81303006,9.33,672,1650.041667,10.278562179320224,96.6,1,0,0,0,0,1,0,0,0,0,0
1,0.1253,100.4,10.1266311,3.65,712,2190.0,8.08301991917133,10.4,0,0,0,0,0,0,0,0,0,0,1
1,0.1411,513.44,11.00209984,14.02,692,2370.041667,9.903637541287253,52.2,3,0,0,1,0,0,1,0,0,0,0
1,0.1505,346.92,11.12726298,13.96,672,2294.041667,8.758726607842037,25.2,1,1,0,0,0,1,0,0,0,0,0
1,0.1442,343.83,11.00209984,11.26,682,6540.0,8.388450315523512,57.8,2,0,1,1,0,0,0,0,0,0,1
1,0.1379,340.76,10.77895629,4.95,687,3150.041667,7.449498005382849,14.9,1,0,0,0,1,0,0,0,0,0,0
1,0.08,56.41,11.95969885,0.18,797,12153.04167,7.623153068476902,7.5,2,0,0,0,0,0,0,0,0,1,0
1,0.0963,231.08,10.84251777,12.53,727,2490.0,7.3758821482150125,8.9,2,0,0,0,0,0,1,0,0,0,0
1,0.1253,401.6,10.81977828,11.88,722,2790.041667,8.865876285425417,41.7,1,0,0,1,0,0,1,0,0,0,0
1,0.08,219.36,11.47950642,11.79,817,5961.958333,7.134890851565884,3.8,0,0,0,0,0,0,0,0,0,1,0
1,0.1253,301.2,10.81977828,15.41,727,1590.041667,8.729720590267258,31.5,1,0,0,0,0,1,0,0,0,0,0
1,0.1189,596.96,11.15625052,11.23,747,4440.958333,9.331406899955626,69.5,0,1,0,0,0,0,1,0,0,0,0
1,0.1347,644.53,11.71993963,4.64,762,5829.0,8.97322466309509,7.5,1,0,0,0,0,0,1,0,0,0,0
1,0.0963,192.57,11.08214255,0.28,752,2280.041667,6.976348070447749,16.5,0,0,0,0,1,0,0,0,0,0,0
1,0.1189,497.46,11.91839057,6.78,752,6150.0,10.088139724668364,54.2,1,0,0,0,0,1,0,0,0,0,0
1,0.1537,348.47,10.59653473,20.16,667,3090.041667,9.248983995568388,78.7,3,0,0,0,0,0,1,0,0,0,0
1,0.1253,602.4,11.18725073,11.37,732,5100.0,9.611864390851085,40.2,2,0,0,0,0,0,1,0,0,0,0
1,0.1189,497.46,11.20504069,4.05,782,2760.041667,6.315358001522335,2.9,1,0,0,0,1,0,0,0,0,0,0
1,0.1316,354.59,10.91523391,7.0,702,1920.041667,9.27995971385624,63.4,1,0,0,0,0,0,1,0,0,0,0
1,0.0768,155.96,11.56171563,14.09,777,3960.0,8.09346227450118,5.8,3,0,0,0,1,0,0,0,0,0,0
1,0.1411,205.38,10.59663473,19.67,667,3240.0,8.547916364059079,56.6,1,0,0,1,0,0,1,0,0,0,0
1,0.08,125.35,11.40756495,8.97,757,4470.041667,10.849317668987577,31.0,0,0,0,0,0,0,1,0,0,0,0
1,0.1221,99.95,10.25132355,6.44,712,2940.0,8.530109416682784,72.3,2,0,0,0,1,0,0,0,0,0,0
1,0.1316,168.86,10.27394705,23.12,707,2490.0,8.862058677395472,94.3,3,0,0,0,0,0,1,0,0,0,0
1,0.1316,405.25,11.30220443,20.5,702,3240.0,10.965141899385193,78.5,0,0,0,1,0,0,1,0,0,0,0
1,0.1189,39.8,9.798127037,14.07,787,5621.041667,2.70805020110221,2.8,0,0,0,0,0,0,0,1,0,0,0
1,0.1442,687.66,11.47210347,7.09,707,4771.0,9.21512888870798,70.3,0,0,0,0,0,0,1,0,0,0,0
1,0.16,210.95,10.03819326,18.62,662,1740.041667,8.525359754082631,71.0,2,0,0,0,0,0,1,0,0,0,0
1,0.08,141.02,9.903687533,13.74,777,10411.04167,8.07837810362652,4.0,0,0,0,0,0,0,1,0,0,0,0
1,0.1316,472.79,10.858999,7.13,717,3120.041667,9.031094081699155,46.2,2,0,0,0,1,0,0,0,0,0,0
1,0.1442,371.34,10.4341158,6.78,732,1170.0,6.838405200847344,15.5,0,0,0,0,1,0,0,0,0,0,0
1,0.1568,665.03,10.9355326,22.25,692,5880.0,9.495820020872763,95.0,1,0,0,0,0,0,1,0,0,0,0
1,0.0963,417.23,10.71441777,8.16,787,6630.0,5.176149732573829,0.3,3,0,0,0,0,1,0,0,0,0,0
1,0.1253,334.67,10.30895266,17.76,732,1950.041667,5.746203190540153,3.6,1,0,0,0,1,0,0,0,0,0,0
1,0.1221,333.15,11.3223701,1.42,747,2670.041667,8.389359819906353,18.4,0,0,0,0,0,0,1,0,0,0,0
1,0.1411,154.03,10.29200994,18.1,672,4440.0,8.371473537066832,56.5,2,2,0,0,0,1,0,0,0,0,0
1,0.1632,565.02,11.08214255,20.22,687,5340.041667,9.72507833256209,96.2,1,0,1,0,0,0,1,0,0,0,0
1,0.1347,203.54,9.998615898,7.31,712,3780.041667,8.715388097366482,73.4,2,0,0,0,0,0,1,0,0,0,0
1,0.1695,285.02,12.42520818,8.46,662,5100.0,10.758221978711177,96.5,3,0,0,0,1,0,0,0,0,0,0
1,0.1284,100.86,11.08201946,4.89,687,5520.0,7.743269700829004,31.6,1,0,0,1,1,0,0,0,0,0,0
1,0.1379,477.06,11.3736634,17.26,702,6960.0,10.691922185369403,87.6,0,0,0,1,0,0,1,0,0,0,0
1,0.1284,302.57,10.71441777,9.68,712,6720.041667,7.629975707027789,4.2,0,1,0,0,0,0,1,0,0,0,0
1,0.1442,550.13,11.36214909,4.35,687,6900.0,9.485848643496254,25.3,3,1,0,0,0,0,0,0,1,0,0
1,0.1474,328.1,10.74879772,19.81,672,7050.041667,10.260987156349417,67.0,2,0,0,0,0,1,0,0,0,0,0
1,0.1853,706.5,11.00209984,13.88,662,1590.041667,0.0,0.0,1,0,0,0,0,0,1,0,0,0,0
1,0.1189,49.75,10.23981692,5.62,752,1560.041667,3.871201010907891,1.6,2,0,0,0,1,0,0,0,0,0,0
1,0.1221,359.81,11.32659589,12.68,717,6810.041667,10.074200320662365,51.8,0,0,0,1,0,0,1,0,0,0,0
1,0.1253,836.66,12.33490552,7.9,747,4680.0,9.14782646658694,16.0,1,0,0,0,0,0,0,0,0,0,1
1,0.0963,385.14,12.25486281,13.14,762,9503.958333,10.95024498566196,28.3,2,0,0,0,0,0,1,0,0,0,0
1,0.1221,133.26,10.71441777,19.81,712,3090.041667,9.185535253057212,61.3,1,0,0,0,1,0,0,0,0,0,0
1,0.1316,185.74,10.12262308,23.52,692,2850.041667,10.020381304007627,86.8,2,0,0,1,0,0,0,0,1,0,0
1,0.1474,248.67,9.852194258,15.47,697,1260.041667,8.88875674784872,47.1,0,0,0,0,0,0,1,0,0,0,0
1,0.0963,577.7,10.55174196,4.05,772,14167.0,9.019179866515024,42.8,2,0,0,0,0,0,1,0,0,0,0
1,0.1347,508.84,11.46167427,11.89,702,4500.041667,10.359835870958863,68.3,0,0,0,1,0,0,1,0,0,0,0
1,0.1695,171.01,9.61580548,9.36,662,1267.041667,7.7702232041587855,84.6,1,0,0,1,0,0,0,1,0,0,0
1,0.1442,481.36,11.73606902,13.27,682,8473.0,10.314304978070902,33.1,2,1,0,0,0,0,1,0,0,0,0
1,0.1347,169.62,11.31447453,15.2,682,5334.041667,10.262489786233951,63.3,0,1,0,0,0,1,0,0,0,0,0
1,0.1316,236.4,10.43399815,18.85,697,2641.0,6.340359303727752,8.2,3,2,0,1,0,0,1,0,0,0,0
1,0.1284,403.42,11.22524339,22.45,732,4410.0,9.323222529032856,32.9,3,0,0,0,0,0,0,0,0,0,1
1,0.1253,267.73,10.75798798,9.32,712,4472.0,8.157657015196472,42.5,1,0,0,0,0,1,0,0,0,0,0
1,0.1537,278.77,11.22524339,10.03,667,3390.041667,7.881182202227102,22.2,2,0,0,0,1,0,0,0,0,0,0
1,0.1379,477.06,10.81977828,3.7,707,2580.0,9.581903928408666,63.0,3,1,0,0,0,0,1,0,0,0,0
1,0.1568,525.03,10.30895266,2.68,682,1201.041667,8.008032846969307,27.1,2,0,0,0,1,0,0,0,0,0,0
1,0.0737,111.77,11.03495418,3.5,777,6630.0,8.615226931687603,19.5,0,0,0,0,0,0,0,0,0,1,0
1,0.1379,340.76,10.91508846,19.83,707,1500.0,8.893572718629306,29.0,0,0,0,0,1,0,0,0,0,0,0
1,0.1379,511.14,11.27720313,3.08,752,4380.0,7.673223121121708,17.5,7,0,0,0,1,0,0,0,0,0,0
1,0.1284,705.98,11.12726298,18.09,727,3870.041667,10.011893426379915,49.8,1,0,0,0,0,0,1,0,0,0,0
1,0.0963,481.42,11.69524702,2.93,802,4442.0,8.890961212781146,11.7,0,0,0,0,0,0,0,0,1,0,0
1,0.1189,431.14,10.93364254,20.11,737,5040.041667,9.453757028129948,64.4,0,0,0,0,0,0,1,0,0,0,0
1,0.1379,286.24,11.40756495,15.05,682,4980.041667,10.177172115344055,70.3,0,1,0,0,1,0,0,0,0,0,0
1,0.0932,223.63,10.81977828,7.8,742,3720.0,8.656955133791396,33.8,0,0,0,0,0,0,0,0,0,0,1
1,0.1348,678.49,11.64745636,14.67,702,5041.041667,10.039285125433349,59.2,3,0,0,0,0,0,1,0,0,0,0
1,0.0963,77.03,10.04324949,2.14,727,5340.041667,6.855408798609928,13.5,1,0,1,0,0,0,0,0,0,0,1
1,0.1474,690.74,11.22524339,0.32,702,2820.041667,7.709756864454165,14.1,0,0,0,0,1,0,0,0,0,0,0
1,0.0932,319.47,10.6454249,24.37,757,3390.041667,7.445417556701687,24.1,2,0,0,0,0,0,1,0,0,0,0
1,0.1284,228.61,10.87804719,11.59,707,2046.041667,8.90910013492555,70.5,1,0,0,0,0,0,1,0,0,0,0
1,0.1505,277.53,10.62132735,10.62,682,3270.0,8.844192126244968,82.5,1,0,0,0,0,0,0,0,0,0,1
1,0.1284,840.45,11.15625052,3.02,757,7830.041667,7.9748769005588755,4.5,0,1,0,0,0,0,0,0,0,0,1
1,0.0963,192.57,10.34817337,22.46,732,2640.0,9.3101857069459,28.3,0,0,0,0,0,1,0,0,0,0,0
1,0.16,351.58,11.62625415,17.94,662,4320.0,9.629511127140459,38.0,2,1,0,0,0,1,0,0,0,0,0
1,0.1695,160.33,10.83958091,5.65,662,2611.0,7.563200592358071,96.2,0,1,0,0,1,0,0,0,0,0,0
1,0.08,112.81,10.46310334,9.74,737,3360.0,9.146015161419625,41.5,0,0,0,0,0,0,0,0,0,0,1
1,0.1316,303.94,10.4341158,21.46,717,5490.0,9.42867236629317,55.8,0,0,0,0,0,1,0,0,0,0,0
1,0.08,125.35,10.95080655,12.21,767,3900.041667,11.010514339805257,31.9,2,0,0,0,1,0,0,0,0,0,0
1,0.1189,90.38,9.809176873,10.55,727,2430.041667,8.885579291282982,51.6,0,0,0,0,0,0,1,0,0,0,0
1,0.1284,168.09,10.49750477,11.59,707,1650.041667,8.415603335654604,30.9,0,0,0,0,0,0,1,0,0,0,0
1,0.1568,525.03,11.35050065,22.16,672,2970.0,10.09179118100763,59.5,1,0,0,1,0,0,1,0,0,0,0
1,0.0963,320.95,10.30092049,7.38,777,5100.0,7.9269635448629785,9.1,0,1,0,0,0,1,0,0,0,0,0
1,0.1189,497.46,11.15625052,6.19,747,2700.041667,9.709720748057432,43.1,0,0,0,0,0,0,1,0,0,0,0
1,0.1568,420.02,11.73610102,10.54,667,4860.041667,9.628260921351693,87.3,0,1,0,0,0,1,0,0,0,0,0
1,0.1392,382.34,10.41271189,18.07,682,3300.0,8.812992231969966,88.4,3,0,0,1,0,0,0,0,1,0,0
1,0.0737,108.66,11.08214255,7.68,782,5340.041667,8.515591910049263,7.7,0,0,0,0,0,0,1,0,0,0,0
1,0.0963,115.54,10.37349118,15.11,717,2753.958333,9.458137510729049,41.5,1,0,0,0,0,1,0,0,0,0,0
1,0.1379,340.76,11.00209984,15.14,697,4800.0,9.292196818446016,64.2,1,0,1,1,0,0,1,0,0,0,0
1,0.1347,135.7,11.00209984,17.86,682,3750.0,7.145196134997171,31.7,0,0,0,1,0,0,1,0,0,0,0
1,0.1253,381.52,10.81977828,14.5,722,4680.041667,9.079776001955066,48.0,0,0,0,0,0,1,0,0,0,0,0
1,0.1442,515.74,10.95954023,21.54,682,2280.0,8.444622498581403,43.4,0,0,0,0,1,0,0,0,0,0,0
1,0.1442,515.74,11.56171563,15.61,697,2040.041667,9.421654227536814,34.7,1,0,1,0,0,1,0,0,0,0,0
1,0.0963,481.42,12.15477935,9.64,772,8520.041667,9.41156545918937,17.5,1,0,0,0,0,0,1,0,0,0,0
1,0.1537,69.7,11.06657586,15.45,667,4080.0,9.691654792367785,96.3,1,1,0,0,0,0,1,0,0,0,0
1,0.1379,511.14,10.71441777,6.72,697,3841.041667,9.56416124693201,29.6,0,0,0,0,0,0,0,0,1,0,0
1,0.1253,200.8,10.08580911,11.85,702,4441.0,5.0369526024136295,25.5,1,0,0,0,0,0,0,1,0,0,0
1,0.1347,183.19,10.2606024,18.18,687,2730.041667,8.201934351194222,66.3,0,0,0,0,0,0,1,0,0,0,0
1,0.1411,219.07,10.71441777,16.05,692,2970.0,9.100525505968976,90.5,0,0,0,0,0,0,1,0,0,0,0
1,0.1568,525.03,10.92773543,22.3,677,3150.041667,10.25674666917369,88.3,1,0,0,0,0,0,1,0,0,0,0
1,0.1253,150.6,11.0744205,22.47,717,9780.0,9.059168584174444,90.5,0,0,0,0,0,0,0,0,0,0,1
1,0.16,527.36,11.03488966,7.39,672,7800.041667,9.33326571881348,50.0,3,0,0,0,0,0,1,0,0,0,0
1,0.0963,160.48,10.4341158,0.39,747,3480.041667,6.96979066990159,6.2,4,0,0,0,0,0,0,0,0,0,1
1,0.1505,520.37,11.28978191,11.38,677,4410.0,10.364860292582588,90.4,2,0,0,1,0,0,0,0,0,0,1
1,0.1284,151.29,10.59663473,1.95,722,4442.0,5.823045895483019,3.0,2,0,0,0,0,0,0,0,0,1,0
1,0.1442,279.36,9.392661929,0.0,687,5193.0,0.0,0.0,0,1,0,0,1,0,0,0,0,0,0
1,0.1537,174.24,10.71441777,7.55,692,1440.0,9.338733586744581,80.6,0,0,0,0,0,0,0,0,0,0,1
1,0.0963,192.57,10.81977828,9.1,732,3660.0,7.509883061154913,15.6,2,0,0,0,0,0,1,0,0,0,0
1,0.08,219.36,11.77528973,3.78,762,5010.041667,9.9276434357472,24.7,1,0,0,0,0,0,0,0,0,0,1
1,0.08,313.37,11.33857208,2.63,802,4320.041667,8.592486175451668,10.4,0,0,0,0,0,0,0,0,0,0,1
1,0.1442,206.3,9.980448594,18.39,677,1890.0,9.332380997885208,85.6,1,0,0,0,0,0,1,0,0,0,0
1,0.1411,205.38,10.46321762,16.76,677,3600.0,7.126087273299125,22.6,0,1,0,0,0,0,1,0,0,0,0
1,0.0963,320.95,11.2771525,19.9,752,3300.0,8.406261630708956,82.9,4,0,0,1,0,0,1,0,0,0,0
1,0.1695,178.14,11.60823564,14.95,677,6990.0,10.804441271400046,48.3,0,4,0,0,1,0,0,0,0,0,0
1,0.1347,407.08,10.96439797,17.74,697,5910.0,9.341544057591527,83.2,0,0,0,1,0,0,1,0,0,0,0
1,0.0963,385.14,11.35040654,22.11,752,5550.0,9.478380804172675,16.5,0,0,0,0,0,0,0,0,0,0,1
1,0.1531,487.42,11.08214255,23.13,682,3750.041667,9.520908548214665,97.4,0,0,1,0,0,0,1,0,0,0,0
1,0.0963,192.57,12.61153775,5.74,727,6201.0,11.791344770142825,14.2,0,0,1,0,0,1,0,0,0,0,0
1,0.0932,51.12,10.34174248,19.21,727,4620.041667,6.5722825426940075,10.1,3,0,1,0,1,0,0,0,0,0,0
1,0.1411,342.29,10.91501573,16.52,682,7950.041667,9.836706518845777,73.4,1,0,0,0,0,0,1,0,0,0,0
1,0.16,506.27,10.4341158,14.86,667,2880.0,9.101640955052842,53.7,0,0,0,0,0,0,1,0,0,0,0
1,0.1287,134.54,9.966462352,10.08,702,1439.958333,8.395929103923198,59.0,0,0,0,0,0,1,0,0,0,0,0
1,0.0963,481.42,11.60823564,5.65,777,5370.041667,10.145531363350818,16.5,1,0,0,0,0,0,0,0,0,0,1
1,0.0963,70.61,10.6454249,21.77,722,2970.0,9.585002570929301,38.0,0,0,0,0,1,0,0,0,0,0,0
1,0.1284,504.27,11.16194854,11.42,722,4920.041667,10.224737370956664,73.7,1,0,0,0,0,0,0,1,0,0,0
1,0.1347,251.88,10.17732422,12.68,697,3720.0,9.697754062731514,74.7,0,0,0,1,0,0,0,0,0,0,1
1,0.1347,182.34,10.16585182,23.68,687,2280.0,9.726631035173233,85.1,0,0,0,0,0,1,0,0,0,0,0
1,0.1284,336.18,10.81977828,17.26,707,5580.041667,9.393827915410107,42.5,3,1,0,0,0,0,1,0,0,0,0
1,0.1379,163.57,10.79957558,2.45,672,1860.0,9.077722847361343,67.9,0,0,0,0,0,1,0,0,0,0,0
1,0.08,188.02,10.1266311,12.62,762,5194.0,9.04085606398372,17.1,3,0,0,0,0,0,0,0,0,0,1
1,0.08,188.02,10.69194491,16.96,757,4440.0,8.19671240721307,9.3,0,0,0,0,0,1,0,0,0,0,0
1,0.1189,215.57,9.952277717,8.57,722,3210.041667,9.139703292376742,53.6,1,0,0,1,0,0,1,0,0,0,0
1,0.1316,151.97,9.392661929,11.5,742,4531.041667,8.282735880201754,24.0,5,0,0,0,0,0,0,0,1,0,0
1,0.0932,319.47,10.77895629,20.07,752,6210.0,9.094255892955381,77.4,0,0,0,0,0,1,0,0,0,0,0
1,0.0768,187.15,11.42081018,1.29,777,4200.041667,8.686429508661536,10.5,0,0,0,0,1,0,0,0,0,0,0
1,0.1411,438.13,11.41420949,20.33,702,4859.958333,10.3977568739864,91.8,3,0,0,0,0,0,1,0,0,0,0
1,0.08,172.35,10.30895266,0.8,802,3996.0,6.269096283706261,1.0,0,0,0,0,1,0,0,0,0,0,0
1,0.1189,132.66,10.29336514,5.81,757,1890.0,4.189654742026425,0.9,0,0,0,0,0,0,1,0,0,0,0
1,0.1189,82.91,9.998615898,17.13,707,3090.041667,9.19502366786429,44.4,1,1,0,0,0,1,0,0,0,0,0
1,0.1189,497.46,11.95761129,5.2,752,3030.041667,8.712430973476739,7.8,1,0,0,0,0,1,0,0,0,0,0
1,0.1505,499.56,10.65725935,7.0,677,4530.041667,8.96890555068972,81.0,0,0,0,0,0,1,0,0,0,0,0
1,0.1347,169.62,10.91501573,8.66,707,1530.0,8.58260632996447,56.2,0,0,0,0,1,0,0,0,0,0,0
1,0.1189,182.41,10.59663473,19.54,722,8190.041667,6.824373670043086,6.1,0,0,0,0,1,0,0,0,0,0,0
1,0.1411,212.22,10.16585182,12.97,677,3330.0,7.2196420401307355,40.1,1,1,0,0,0,0,1,0,0,0,0
1,0.1474,518.06,11.3736634,23.49,682,4500.041667,10.266984175821792,0.1,1,0,0,0,0,0,1,0,0,0,0
1,0.0963,320.95,11.15625052,4.08,762,2700.041667,4.709530201312334,11.0,0,0,0,0,0,0,0,0,0,1,0
1,0.1442,515.74,11.44035477,15.81,692,7020.0,10.161727940887767,89.0,1,0,1,0,0,0,1,0,0,0,0
1,0.1221,99.95,10.15019137,8.25,767,1860.0,4.290459441148391,2.8,1,0,0,0,1,0,0,0,0,0,0
1,0.1635,176.65,11.32779998,7.52,662,1169.0,10.146668997586845,60.7,2,0,0,0,0,0,1,0,0,0,0
1,0.1189,165.82,10.59653473,7.14,737,10110.04167,9.07954808172616,57.2,0,1,0,0,1,0,0,0,0,0,0
1,0.0963,107.52,11.25544923,7.3,717,3420.041667,9.587337416104821,56.1,0,0,0,0,0,0,0,1,0,0,0
1,0.1221,204.89,10.28874995,22.2,707,2378.041667,9.649240256170584,53.5,1,0,0,0,0,1,0,0,0,0,0
1,0.1189,397.97,10.59663473,21.36,732,4920.041667,10.000024252584158,65.9,1,0,0,0,1,0,0,0,0,0,0
1,0.179,108.3,11.88448902,19.97,672,10470.04167,10.300550796963453,51.3,0,1,0,0,0,0,0,1,0,0,0
1,0.1663,532.05,11.00126616,11.15,667,4410.0,9.523178364309082,93.8,1,0,0,1,0,0,1,0,0,0,0
1,0.1347,395.2,10.96812932,13.28,692,3210.041667,10.007667371445791,45.7,1,0,0,0,0,0,1,0,0,0,0
1,0.1347,508.84,11.84228676,6.76,707,11550.04167,0.0,0.0,3,1,0,0,1,0,0,0,0,0,0
1,0.1221,249.87,10.96812932,1.41,777,5464.0,8.144679183447758,23.8,3,0,0,0,0,0,0,0,0,0,1
1,0.1316,118.2,10.77895629,19.6,687,2610.0,9.520248603186129,50.7,1,0,0,0,1,0,0,0,0,0,0
1,0.1505,260.19,10.44592812,17.51,692,3452.041667,9.661989075499939,95.8,2,0,0,0,0,0,1,0,0,0,0
1,0.1379,381.65,11.19547123,18.82,692,7560.041667,9.819290393735372,43.5,1,1,0,0,0,0,1,0,0,0,0
1,0.1474,381.64,11.05089001,15.47,677,5250.041667,10.232107612780684,74.7,1,0,0,0,0,0,1,0,0,0,0
1,0.1189,331.64,11.13453063,18.83,727,4110.0,10.09352923234522,44.9,2,0,0,1,0,0,0,0,1,0,0
1,0.1632,459.08,10.82972862,17.23,667,1470.0,8.790421306897867,39.3,1,0,0,0,0,0,1,0,0,0,0
1,0.1379,408.91,11.06657586,24.7,687,4080.0,9.390409393716844,72.1,0,0,0,0,0,0,1,0,0,0,0
1,0.1474,345.37,11.20536716,7.59,687,4740.0,8.31238059678675,81.5,2,0,0,0,0,0,1,0,0,0,0
1,0.1505,520.37,11.31203252,11.71,692,3660.0,9.805157818462918,96.9,0,0,0,0,0,0,1,0,0,0,0
1,0.1253,502.0,11.85651517,3.03,732,6000.041667,7.913155185928068,4.9,0,1,0,0,0,0,0,0,1,0,0
1,0.1284,268.95,11.95675836,8.21,707,6210.0,10.044205559475007,78.3,3,0,0,0,0,0,0,0,0,1,0
1,0.1347,441.0,10.85892207,12.44,707,2700.041667,9.093694189856862,75.4,0,0,0,1,0,0,1,0,0,0,0
1,0.1347,217.11,10.77895629,20.32,687,3420.041667,9.128804883993665,38.9,1,1,0,0,0,0,1,0,0,0,0
1,0.0963,231.08,10.71441777,6.8,722,2640.0,9.15915233520675,31.1,1,0,0,0,0,0,1,0,0,0,0
1,0.1568,471.65,10.58357482,18.08,677,3431.041667,9.835690394470303,92.1,1,0,1,0,0,1,0,0,0,0,0
1,0.1189,215.57,10.59663473,23.88,717,2250.0,8.839566503657949,21.2,1,0,0,0,0,0,1,0,0,0,0
1,0.1189,165.82,10.9329641,2.23,747,2280.0,8.071218539969863,43.2,4,0,0,0,0,0,0,0,1,0,0
1,0.0963,481.42,10.96044417,16.97,797,13470.0,8.204945165019208,5.4,0,0,0,0,1,0,0,0,0,0,0
1,0.08,282.03,11.77528973,17.15,782,7050.041667,8.879333174786028,30.3,0,0,0,0,0,1,0,0,0,0,0
1,0.1189,99.5,10.12647109,19.06,707,8730.0,7.577121930876679,26.0,0,0,0,1,0,0,1,0,0,0,0
1,0.08,313.37,10.91508846,9.6,802,5550.0,7.970394907191429,5.3,0,0,0,1,1,0,0,0,0,0,0
1,0.1505,138.77,10.10217446,22.48,662,6870.041667,8.439231649946526,67.0,0,1,0,0,1,0,0,0,0,0,0
1,0.0963,231.08,10.59663473,20.07,747,10470.04167,9.455401958591324,68.3,0,0,0,0,0,1,0,0,0,0,0
1,0.1253,284.47,10.59663473,4.47,717,4806.0,8.878358040627822,56.6,3,0,1,0,0,1,0,0,0,0,0
1,0.1189,258.68,10.77895629,9.63,742,4953.041667,8.161089512845797,23.5,1,0,0,1,0,1,0,0,0,0,0
1,0.1505,294.88,10.49127422,18.57,667,1830.0,9.023769800892813,72.1,0,0,0,1,0,0,1,0,0,0,0
1,0.16,175.79,10.77891462,3.73,672,1530.0,8.076826031298808,42.9,3,0,0,0,1,0,0,0,0,0,0
1,0.1316,67.55,10.18490001,14.54,717,2820.041667,0.0,0.0,2,0,0,0,1,0,0,0,0,0,0
1,0.1347,339.23,11.08214255,8.51,697,4530.041667,9.639001037687535,77.9,1,0,0,0,0,1,0,0,0,0,0
1,0.1221,666.3,11.16809439,15.69,802,5400.041667,4.74493212836325,0.3,0,0,0,0,1,0,0,0,0,0,0
1,0.1505,294.88,9.903487553,12.0,667,2490.041667,8.791029857045965,79.2,1,0,0,0,0,0,1,0,0,0,0
1,0.1505,312.23,10.89673933,23.8,682,3360.0,10.473901967713775,89.4,0,0,0,1,0,1,0,0,0,0,0
1,0.1347,186.58,10.43399815,15.64,682,3300.0,9.5033084488572,83.8,1,0,0,0,0,0,0,1,0,0,0
1,0.1537,522.7,11.69524702,12.72,687,3210.041667,10.085725772524334,36.9,1,1,0,0,0,0,1,0,0,0,0
1,0.0932,303.5,11.56171563,13.93,762,5132.0,9.28998299962838,14.0,2,0,0,0,0,0,0,0,1,0,0
1,0.1221,399.78,11.03127022,20.59,732,1860.0,7.9868449011613825,56.6,1,0,0,0,0,0,1,0,0,0,0
1,0.0932,31.95,11.1123882,21.19,727,5550.0,10.040244985890988,51.2,2,0,0,0,0,0,1,0,0,0,0
1,0.1442,481.36,10.88556602,17.0,687,1830.0,8.749890955535259,70.1,0,0,0,1,0,1,0,0,0,0,0
1,0.1253,176.54,10.81977828,18.62,702,7530.041667,8.99516499031115,64.2,2,0,1,0,0,1,0,0,0,0,0
1,0.0963,70.61,9.183174704,18.62,717,5190.0,8.558335134747413,46.9,0,0,1,0,0,0,1,0,0,0,0
1,0.0768,187.15,11.01039864,11.58,787,3810.041667,7.05444965813294,5.2,0,0,0,0,0,0,0,0,1,0,0
1,0.0768,187.15,11.59910316,14.12,777,7860.041667,9.505320746909074,30.9,2,0,0,0,0,0,0,0,1,0,0
1,0.1221,383.13,11.19821472,1.05,737,3660.0,2.995732273553991,0.2,0,1,0,0,1,0,0,0,0,0,0
1,0.1284,588.32,10.81977828,14.21,717,3450.041667,9.884406664723336,80.7,0,0,0,0,0,0,1,0,0,0,0
1,0.1442,171.92,10.30895266,11.16,672,4170.041667,9.158415299111264,56.8,1,0,0,0,0,0,1,0,0,0,0
1,0.1695,712.54,11.65268741,15.74,677,5190.0,9.49356251370587,89.7,0,1,0,0,0,0,1,0,0,0,0
1,0.1221,369.8,10.38108726,23.71,717,3090.0,9.57080811415361,58.1,0,0,0,0,0,0,1,0,0,0,0
1,0.16,225.01,10.30895266,5.76,667,1290.041667,5.981414211254481,1.7,2,1,0,0,0,0,0,1,0,0,0
1,0.0963,481.42,11.66992921,4.24,797,4560.041667,8.61104776688786,10.6,0,0,0,0,1,0,0,0,0,0,0
1,0.0963,231.08,11.24723969,11.14,722,3510.041667,9.129455643235719,48.0,1,1,0,0,0,1,0,0,0,0,0
1,0.0932,111.82,10.87804719,15.42,727,2340.041667,7.9658927350845286,27.4,0,0,0,0,1,0,0,0,0,0,0
1,0.1758,431.31,11.08214255,8.62,667,6690.041667,9.963358949573518,57.1,3,0,0,0,0,0,1,0,0,0,0
1,0.1411,342.29,11.00209984,18.92,697,2310.041667,9.73174978928182,90.1,1,0,0,0,0,0,1,0,0,0,0
1,0.1284,504.27,10.71441777,6.59,717,2040.041667,9.445017159104065,30.8,3,0,0,0,0,0,1,0,0,0,0
1,0.1221,333.15,10.81985828,3.0,717,3433.0,8.710124927322207,19.6,0,0,0,0,0,0,1,0,0,0,0
1,0.1632,565.02,11.00209984,21.46,667,7200.041667,9.938033896288712,82.5,2,1,0,1,0,1,0,0,0,0,0
1,0.1474,189.96,10.30895266,16.04,677,1590.041667,7.878912912297133,80.0,0,0,0,0,0,0,1,0,0,0,0
1,0.0963,150.85,11.36210258,18.54,732,3990.0,10.047458017946159,55.3,1,0,0,0,0,0,1,0,0,0,0
1,0.1284,252.14,10.91508846,8.92,732,2581.0,8.431853144249223,17.7,1,0,0,0,0,0,0,0,0,0,1
1,0.1663,532.05,11.2586008,20.15,692,3900.041667,10.49471274337069,98.4,3,0,0,0,0,0,1,0,0,0,0
1,0.1379,340.76,10.37349118,20.29,692,6570.0,9.702288939972485,63.6,0,0,0,0,0,0,1,0,0,0,0
1,0.1221,399.78,10.71441777,14.27,747,7740.0,8.885302512980633,73.7,0,0,0,0,1,0,0,0,0,0,0
1,0.0963,192.57,10.94552949,16.78,722,2700.041667,9.477845246989146,24.9,1,0,0,0,1,0,0,0,0,0,0
1,0.1537,375.47,9.94251594,5.02,687,1205.0,7.5443321080536885,43.9,2,0,0,0,0,0,0,0,0,1,0
1,0.1253,167.34,11.24504602,23.29,712,4530.041667,10.615284735591118,89.5,0,0,0,0,0,0,1,0,0,0,0
1,0.1316,675.41,11.65268741,9.52,717,8253.041667,10.017931686926996,34.4,0,0,0,0,0,0,1,0,0,0,0
1,0.1442,275.07,10.47925786,24.63,677,5880.0,9.097059685517216,62.2,2,0,0,0,0,0,1,0,0,0,0
1,0.0737,60.54,10.54534144,14.49,777,4950.041667,7.3752557780097545,5.1,0,0,0,0,1,0,0,0,0,0,0
1,0.0932,191.69,10.96819829,3.41,737,6870.041667,8.950532836290382,58.4,3,0,0,0,0,1,0,0,0,0,0
1,0.0768,155.96,11.6351431,1.07,787,3150.041667,8.374246182096304,17.1,0,0,0,0,0,1,0,0,0,0,0
1,0.1379,170.38,11.35040654,0.42,737,1140.0,6.792344427470809,6.4,1,0,0,0,0,0,0,1,0,0,0
1,0.08,282.03,10.85591733,8.4,792,3870.041667,7.814399633804487,12.3,1,0,0,0,0,0,0,0,0,1,0
1,0.1284,672.36,11.15625052,16.87,747,5001.0,8.367532416861831,4.1,4,0,0,0,0,0,0,0,0,0,1
1,0.1284,50.43,11.40756495,17.32,692,7320.0,10.212772102170323,79.4,1,0,0,0,0,0,0,1,0,0,0
1,0.1253,80.32,9.998615898,23.73,707,1620.041667,8.079927770758275,38.4,3,0,0,0,1,0,0,0,0,0,0
1,0.1189,232.15,10.89807177,17.95,712,4920.041667,9.613736674915236,28.1,1,0,0,0,1,0,0,0,0,0,0
1,0.1347,169.62,11.08220409,18.92,687,5550.0,0.0,0.0,1,3,0,0,1,0,0,0,0,0,0
1,0.1347,308.7,11.03495418,7.61,702,8071.0,10.021003885963967,30.9,1,0,0,0,0,0,0,0,1,0,0
1,0.1442,182.23,10.81985828,15.24,672,2760.041667,7.784057002639929,57.2,0,0,0,0,0,0,0,1,0,0,0
1,0.1221,199.89,9.952277717,11.77,712,15150.04167,9.068892008391808,24.6,0,0,1,0,0,1,0,0,0,0,0
1,0.1316,236.4,11.40756495,5.83,697,7140.041667,8.998631198287637,36.4,0,0,0,0,0,0,1,0,0,0,0
1,0.0963,192.57,11.27720313,9.92,767,3600.0,7.266827347520591,4.4,4,0,0,0,0,0,0,0,1,0,0
1,0.0963,192.57,11.26446411,7.29,727,2672.0,9.362803915102651,33.8,3,0,0,0,0,1,0,0,0,0,0
1,0.1843,181.85,9.903487553,10.32,697,1545.0,8.213110697596676,97.1,1,0,0,0,0,0,0,0,0,0,1
1,0.1284,336.18,10.23995979,10.89,712,2370.0,9.107310471656639,56.7,1,0,0,0,0,0,1,0,0,0,0
1,0.0963,247.13,11.28978191,24.5,737,9360.041667,9.527702598529375,75.5,1,0,0,0,0,1,0,0,0,0,0
1,0.1379,195.94,10.858999,18.58,687,5562.0,8.729235349659273,92.2,0,0,0,0,0,0,1,0,0,0,0
1,0.1347,569.9,11.22524339,13.63,712,6510.041667,9.658034484302057,81.9,1,1,0,0,0,1,0,0,0,0,0
1,0.1284,336.18,10.59663473,19.44,727,4470.0,9.795066803581708,57.5,0,0,0,0,0,0,1,0,0,0,0
1,0.1379,136.31,10.59663473,13.68,682,2340.041667,8.469052816088302,79.4,2,1,0,0,0,0,1,0,0,0,0
1,0.16,269.84,10.49127422,16.37,667,1470.0,9.685580268017164,71.8,0,0,0,0,0,1,0,0,0,0,0
1,0.1505,249.78,11.22524339,8.0,677,4440.0,9.75973264889099,87.6,0,1,0,0,0,0,1,0,0,0,0
1,0.0932,223.63,11.91839057,7.5,762,2340.041667,11.281422067311539,4.5,0,0,0,0,0,0,0,0,1,0,0
1,0.1411,684.58,11.00209984,22.24,702,4410.0,9.161255164285691,76.2,0,0,0,0,1,0,0,0,0,0,0
1,0.1379,245.35,10.58354949,18.57,682,2370.041667,9.172223049863055,56.0,2,0,0,0,0,0,1,0,0,0,0
1,0.0963,385.14,10.66895539,22.02,752,2807.041667,10.020692643436833,26.6,0,0,0,1,0,1,0,0,0,0,0
1,0.0963,256.76,11.73606902,10.53,742,12540.04167,9.143024664691316,49.5,2,0,0,0,0,0,0,0,0,1,0
1,0.0932,159.74,10.37349118,1.13,752,3780.041667,6.726233402358747,8.2,2,0,0,0,1,0,0,0,0,0,0
1,0.0932,159.74,10.98494147,10.46,777,3100.041667,5.030437921392435,0.6,1,0,0,0,1,0,0,0,0,0,0
1,0.1505,85.87,11.1844214,19.87,672,4800.0,8.615770754777232,34.1,2,0,0,1,0,0,1,0,0,0,0
1,0.0963,462.16,11.06657586,16.78,762,4560.041667,9.320180837655714,14.9,1,0,0,0,0,0,1,0,0,0,0
1,0.1632,176.57,11.87756858,4.35,667,8190.041667,5.062595033026967,52.3,1,1,1,0,1,0,0,0,0,0,0
1,0.1537,871.16,11.40645322,22.59,702,4980.0,10.326268538409524,77.7,1,0,0,0,0,0,0,0,0,0,1
1,0.1568,280.02,10.91643301,22.18,667,11130.04167,10.671533463946282,93.3,1,0,0,0,0,0,1,0,0,0,0
1,0.1442,238.96,10.1266311,18.0,672,3780.041667,9.147932911847565,44.6,3,0,0,1,0,1,0,0,0,0,0
1,0.1316,675.41,11.23848862,16.56,712,3245.041667,9.957928388214375,65.2,0,0,0,1,1,0,0,0,0,0,0
1,0.1253,167.34,11.10122093,16.55,722,8280.041667,10.100122843969542,93.6,0,0,0,0,0,1,0,0,0,0,0
1,0.1347,417.25,10.37361617,22.08,697,5220.0,9.263312256742289,29.1,0,0,0,0,0,0,1,0,0,0,0
1,0.1411,61.62,10.71441777,15.68,677,6990.0,9.788469440951861,92.8,2,0,0,0,0,0,0,0,0,0,1
1,0.1316,405.25,11.2771525,17.96,702,3240.041667,6.626717749249025,9.5,1,2,0,0,1,0,0,0,0,0,0
1,0.1379,545.21,11.28978191,10.95,702,3420.041667,9.528284882554852,64.5,0,0,0,1,0,1,0,0,0,0,0
1,0.0768,31.2,11.35040654,2.82,767,6300.0,8.93642970360832,20.7,0,0,0,0,0,1,0,0,0,0,0
1,0.1474,379.91,10.85892207,10.87,677,2790.041667,9.343121483210002,84.6,1,1,0,0,0,0,1,0,0,0,0
1,0.1253,100.4,10.30895266,17.8,697,3450.041667,7.358193752733032,44.8,1,0,0,0,1,0,0,0,0,0,0
1,0.1221,106.61,9.903487553,5.04,722,5280.041667,8.085486772102845,22.2,1,0,1,0,0,0,1,0,0,0,0
1,0.1253,669.33,10.88743693,10.56,747,6330.0,10.131499235247198,88.4,1,0,0,0,1,0,0,0,0,0,0
1,0.0737,55.89,10.28465997,7.25,772,7381.0,8.774931387494947,14.9,1,0,0,0,1,0,0,0,0,0,0
1,0.1474,690.74,11.1844214,10.43,687,3180.041667,9.524713059681009,68.8,0,0,0,0,0,0,1,0,0,0,0
1,0.1442,137.54,9.740968623,8.26,697,1181.0,8.036249942132116,55.2,0,0,0,0,1,0,0,0,0,0,0
1,0.1695,427.53,11.40756495,16.53,667,1322.041667,9.650850821827147,87.3,3,0,0,0,0,0,1,0,0,0,0
1,0.1221,333.15,11.1124479,11.77,742,5129.958333,5.3981627015177525,4.0,1,0,0,0,0,0,0,0,1,0,0
1,0.1379,340.76,11.16863071,24.91,692,8850.0,8.755422380148488,32.4,0,1,0,0,0,0,1,0,0,0,0
1,0.0932,191.69,11.08214255,9.73,762,5858.0,6.576469569048224,2.7,1,0,0,0,1,0,0,0,0,0,0
1,0.1505,693.83,11.31498659,16.54,697,6270.0,9.404919826165639,91.3,0,0,0,1,0,0,1,0,0,0,0
1,0.1821,290.07,10.55518754,10.76,672,1980.041667,9.20653313363323,99.6,0,0,0,0,0,0,1,0,0,0,0
1,0.1442,481.36,11.15619338,21.21,692,5730.041667,10.599779782240146,92.0,1,0,0,0,0,0,1,0,0,0,0
1,0.1853,262.21,11.32659589,4.41,672,6120.041667,9.43460329655831,99.3,0,0,0,0,0,0,0,0,1,0,0
1,0.1253,401.6,10.87804719,20.15,737,5940.0,9.806701283848437,54.4,0,0,0,0,0,0,1,0,0,0,0
1,0.1284,268.95,11.30958454,4.97,787,3930.041667,2.4849066497880004,1.0,3,0,0,0,0,0,0,0,0,0,1
1,0.1221,399.78,11.01862914,17.7,762,4831.0,9.426821780416843,21.9,3,0,0,0,0,0,1,0,0,0,0
1,0.1253,200.8,10.43399815,24.71,702,3930.041667,9.033125752550372,58.2,1,0,0,0,0,0,1,0,0,0,0
1,0.1379,102.23,11.40756495,17.63,682,4710.0,8.75557997214314,90.6,0,0,1,0,0,0,0,0,1,0,0
1,0.1221,466.41,11.8493977,0.32,747,1620.041667,8.27563105457801,11.5,0,0,0,0,0,0,1,0,0,0,0
1,0.1442,515.74,10.73630972,11.48,712,2970.0,9.72483924110847,53.1,2,0,0,0,0,0,1,0,0,0,0
1,0.1379,408.91,10.51888938,13.46,702,3210.041667,8.476579508530941,94.1,1,0,0,1,0,0,1,0,0,0,0
1,0.1379,374.84,11.15619338,14.8,687,3210.0,9.27049429479593,47.8,0,1,0,0,1,0,0,0,0,0,0
1,0.1632,141.26,10.57131693,9.72,667,2370.041667,9.258273025731485,96.2,1,0,0,0,0,0,1,0,0,0,0
1,0.1221,399.78,10.75790288,19.38,727,4110.0,9.164819856674374,34.2,1,1,0,0,0,0,0,0,0,0,1
1,0.1347,271.39,10.71441777,21.68,687,2730.041667,9.392745258631441,82.2,0,0,0,0,0,0,1,0,0,0,0
1,0.08,219.36,11.13470581,8.22,752,8580.041667,7.983781068977451,17.2,0,0,0,0,0,1,0,0,0,0,0
1,0.1347,590.26,11.58058411,13.38,707,5579.958333,10.480072826557953,57.9,0,0,0,0,0,0,1,0,0,0,0
1,0.0768,168.43,10.4491745,10.53,797,5640.041667,8.543640361431086,7.3,0,0,0,0,0,0,0,0,1,0,0
1,0.1537,174.24,10.46310334,11.67,672,2070.041667,9.000359807188254,87.2,1,0,0,0,0,0,0,0,0,1,0
1,0.0932,278.74,10.858999,16.59,757,5520.0,10.67435937150647,41.1,0,0,0,1,0,0,0,0,0,0,1
1,0.1411,855.73,12.47125984,7.82,712,8760.0,9.36717316600297,33.2,0,0,0,0,0,0,0,0,0,0,1
1,0.1411,41.08,9.210340372,8.28,677,1920.0,6.688354713946762,6.3,1,1,0,1,0,0,1,0,0,0,0
1,0.1148,197.82,10.93310697,11.16,712,2367.958333,9.826282481627157,60.1,2,0,0,1,0,1,0,0,0,0,0
1,0.0963,385.14,11.00209984,4.32,752,6840.041667,8.14002395246292,6.1,0,0,0,0,1,0,0,0,0,0,0
1,0.0963,168.5,11.08220409,20.16,727,3397.958333,10.132533649502951,60.3,1,0,0,0,0,1,0,0,0,0,0
1,0.0963,117.15,11.60823564,15.75,717,2760.041667,10.478554778363584,67.6,2,0,0,0,0,1,0,0,0,0,0
1,0.1316,101.32,10.6454249,17.86,687,2910.0,9.084550365917883,60.0,1,0,0,0,1,0,0,0,0,0,0
1,0.1284,537.89,11.51292546,19.26,717,4140.0,10.19286818162349,41.7,2,0,0,0,0,0,1,0,0,0,0
1,0.1411,766.73,11.35035948,7.78,697,4829.958333,9.801897696774494,60.6,0,0,0,1,1,0,0,0,0,0,0
1,0.1379,408.91,10.91523391,20.4,702,5550.0,8.865876285425417,41.7,1,0,0,0,0,0,1,0,0,0,0
1,0.0932,222.03,10.30895266,23.24,737,5220.0,9.727704572581755,47.4,0,0,0,0,0,0,0,0,0,0,1
1,0.16,527.36,10.81977828,6.19,667,3720.0,9.377548290960089,75.8,0,0,0,0,0,0,1,0,0,0,0
1,0.0932,159.74,10.71441777,20.35,737,1950.0,8.45914025996762,51.3,0,0,0,0,0,0,1,0,0,0,0
1,0.1284,168.09,11.00209984,13.0,697,3840.041667,8.679141958402255,52.0,0,0,0,1,0,0,0,0,0,0,1
1,0.1663,638.46,11.03811028,22.98,672,2310.0,9.808242370619395,72.7,0,0,0,0,0,0,1,0,0,0,0
1,0.1442,171.92,10.08580911,13.5,692,2640.0,7.6544432264701125,42.2,1,0,0,0,0,0,0,0,0,1,0
1,0.1221,116.61,10.85892207,15.07,707,5580.0,9.41938499891089,25.5,2,0,0,1,1,0,0,0,0,0,0
1,0.0963,96.29,11.32659589,18.88,717,1950.0,8.523970175695261,17.1,1,0,0,0,1,0,0,0,0,0,0
1,0.0932,31.95,10.49127422,20.37,742,3690.0,9.103979355984773,58.0,0,0,0,1,1,0,0,0,0,0,0
1,0.1316,405.25,10.96819829,14.07,702,5850.0,9.55094690773585,37.8,0,0,0,0,0,0,1,0,0,0,0
1,0.1411,102.69,11.22524339,21.01,672,6120.041667,9.212936997823448,57.8,1,1,0,0,0,0,0,0,1,0,0
1,0.1221,266.52,9.903487553,0.0,772,4144.0,8.910045761473558,18.5,0,0,0,0,0,1,0,0,0,0,0
1,0.1189,530.63,11.22524339,3.06,752,3750.0,8.411610428841172,5.3,0,0,0,1,1,0,0,0,0,0,0
1,0.1505,693.83,11.08827754,9.76,692,4260.041667,0.0,0.0,1,0,0,0,0,0,0,0,1,0,0
1,0.0768,110.73,9.915663128,8.83,767,8280.041667,8.323851131338817,5.7,1,0,0,0,0,0,1,0,0,0,0
1,0.1284,504.27,11.15625052,0.26,762,4379.958333,5.231108616854587,0.7,2,0,0,0,0,0,0,0,0,0,1
1,0.0963,288.85,11.08214255,22.45,737,6930.0,10.398823833405986,73.4,0,0,0,0,0,0,1,0,0,0,0
1,0.1442,515.74,11.1844214,12.25,697,5310.041667,10.48464115613515,92.2,2,0,0,0,0,0,1,0,0,0,0
1,0.1284,134.48,9.798127037,9.73,712,1650.041667,2.6390573296152584,1.3,1,0,0,0,1,0,0,0,0,0,0
1,0.0932,357.81,11.09741002,5.8,747,4559.958333,9.899830875032585,55.5,0,0,0,0,0,0,1,0,0,0,0
1,0.1189,99.5,10.30895266,18.28,712,7020.0,9.587268821942159,34.7,0,0,0,0,0,0,0,0,0,0,1
1,0.1505,277.53,10.20536834,6.26,677,1830.0,8.984066927653044,91.7,0,1,0,0,0,0,1,0,0,0,0
1,0.1379,340.76,11.08214255,18.2,687,2400.0,9.53791600808964,37.2,0,0,0,0,0,0,1,0,0,0,0
1,0.1537,261.35,10.46321762,24.61,677,1393.0,7.430114138561801,38.3,1,0,0,0,0,0,1,0,0,0,0
1,0.1284,302.57,11.2579816,18.83,702,3090.041667,7.362645270417825,23.2,2,0,0,0,0,0,0,0,0,1,0
1,0.0963,208.62,10.37324115,3.75,742,3450.041667,6.784457062637643,13.8,1,0,0,0,0,0,0,1,0,0,0
1,0.1221,533.04,11.33857208,17.8,737,4980.041667,10.093198407761937,20.2,1,0,0,0,1,0,0,0,0,0,0
1,0.1253,174.03,10.82972862,9.17,702,3780.0,8.56216655705897,15.2,0,0,0,0,0,0,1,0,0,0,0
1,0.1379,170.38,10.81985828,24.07,687,3030.0,8.367764677924308,56.6,3,1,0,1,0,0,0,0,0,1,0
1,0.0737,69.86,11.36673138,6.83,777,4890.041667,11.543347971781476,29.8,1,0,0,0,1,0,0,0,0,0,0
1,0.1347,254.42,11.0814654,6.76,687,4680.0,9.155250405658222,83.7,1,0,0,0,0,0,0,0,1,0,0
1,0.1663,638.46,10.8077057,10.91,667,2040.041667,8.739055922830724,21.0,3,0,0,1,1,0,0,0,0,0,0
1,0.1474,198.59,9.680344001,12.6,682,1263.0,8.623533227187563,32.9,1,0,0,0,0,1,0,0,0,0,0
1,0.1284,50.43,11.02190247,17.65,687,2490.041667,9.483492392643639,55.9,0,0,0,0,1,0,0,0,0,0,0
1,0.1442,206.3,11.02190247,14.75,672,2371.041667,9.125326997649227,58.5,3,0,0,0,0,0,0,0,0,1,0
1,0.1411,410.75,11.40756495,13.73,682,5010.041667,9.116249448576587,42.9,3,0,0,0,0,0,1,0,0,0,0
1,0.1568,420.02,11.28978191,14.21,672,4470.0,9.067047202149707,93.2,1,0,0,0,0,0,1,0,0,0,0
1,0.1253,46.86,11.10495723,14.29,697,3945.0,9.546812608597396,58.1,2,0,0,0,1,0,0,0,0,0,0
1,0.1284,302.57,11.00209984,19.22,682,4179.958333,9.568713872550497,57.0,1,0,0,0,0,1,0,0,0,0,0
1,0.1316,506.56,10.59663473,13.14,712,1950.0,7.971776122880628,33.3,1,0,0,0,0,0,1,0,0,0,0
1,0.0932,95.85,11.11988288,6.9,727,3180.041667,9.94578046472638,52.8,0,0,0,0,0,0,1,0,0,0,0
1,0.1568,700.04,10.81977828,15.1,677,2985.0,10.116136224757685,50.0,2,0,0,0,0,0,1,0,0,0,0
1,0.1411,342.29,11.19134184,24.7,677,2078.0,10.722914899006403,79.6,0,0,0,0,0,0,0,0,1,0,0
1,0.1253,535.46,10.74720759,21.7,727,13380.04167,9.639196432874924,35.5,2,0,0,0,0,0,1,0,0,0,0
1,0.0932,191.69,10.78931908,4.08,742,3600.041667,8.297792626380861,25.9,0,0,0,0,1,0,0,0,0,0,0
1,0.1347,227.29,11.18725073,14.21,687,5760.041667,10.890870284517696,74.4,0,0,0,0,0,0,1,0,0,0,0
1,0.1284,100.86,11.51288546,18.58,692,7320.0,11.172714247062162,60.0,1,0,0,0,0,0,1,0,0,0,0
1,0.1253,312.08,11.35040654,18.58,712,8970.041667,11.12158513090746,49.2,0,0,0,1,0,0,0,0,0,0,1
1,0.1284,672.36,10.71441777,19.12,767,5790.041667,9.597641509456675,48.9,5,0,0,1,0,0,1,0,0,0,0
1,0.08,47.01,10.12021054,14.73,767,3454.0,7.664346632098617,12.3,4,0,0,1,1,0,0,0,0,0,0
1,0.1316,202.63,10.49127422,23.77,692,4440.0,8.792093929503284,39.6,1,0,0,1,0,0,1,0,0,0,0
1,0.1316,270.17,10.37349118,11.44,697,2040.041667,8.762489547371581,58.1,2,0,0,0,0,0,1,0,0,0,0
1,0.1316,114.82,10.36646657,9.67,717,1260.041667,8.286017468404763,48.9,0,0,0,0,1,0,0,0,0,0,0
1,0.1632,370.8,10.73639668,9.97,662,1680.041667,9.214332393245721,53.7,1,0,0,0,0,0,1,0,0,0,0
1,0.1347,237.46,11.42954386,4.73,692,8820.0,10.608563303961347,8.4,3,0,0,0,1,0,0,0,0,0,0
1,0.1379,245.35,10.37173965,22.13,682,2310.0,8.917176635955164,64.3,0,0,0,0,0,0,1,0,0,0,0
1,0.08,100.28,11.22524339,5.79,737,4800.0,8.294299608857235,11.0,0,0,1,0,0,0,1,0,0,0,0
1,0.1411,342.29,10.71441777,7.95,682,2340.041667,9.377294451639015,47.6,0,0,0,0,0,0,1,0,0,0,0
1,0.1505,69.39,10.81977828,22.99,667,3930.0,8.811801223938751,64.5,2,0,0,0,1,0,0,0,0,0,0
1,0.0963,385.14,12.22587527,9.14,747,3960.0,10.158710997313749,29.1,0,0,0,0,0,1,0,0,0,0,0
1,0.1316,270.17,10.81977828,19.51,737,4513.958333,8.979290649090876,50.9,0,0,0,0,0,0,1,0,0,0,0
1,0.08,188.02,11.00209984,1.06,767,4756.958333,8.876544550558378,16.4,0,0,0,0,1,0,0,0,0,0,0
1,0.1474,89.8,10.34161344,5.3,662,2737.0,8.438366410870266,64.2,1,0,0,0,0,0,0,1,0,0,0
1,0.0963,318.54,10.77895629,24.52,742,3029.958333,10.588854545777112,69.5,1,0,0,0,0,0,0,0,0,0,1
1,0.1474,207.23,10.49127422,14.0,677,2730.0,9.933871257170567,94.1,2,0,0,1,0,0,0,0,0,0,1
1,0.1347,339.23,10.91501573,5.59,692,3749.958333,7.796880342783522,24.1,1,2,0,0,1,0,0,0,0,0,0
1,0.08,200.56,10.81977828,11.4,792,3960.0,5.8289456176102075,1.1,0,0,0,0,1,0,0,0,0,0,0
1,0.1474,172.69,10.81977828,6.79,692,1260.0,8.726805608446096,79.0,1,0,0,0,0,0,0,0,0,0,1
1,0.1316,472.79,11.44035477,19.24,717,14760.0,10.615505553846324,65.6,0,0,0,0,0,1,0,0,0,0,0
1,0.0963,584.92,10.46321762,22.76,782,5430.0,8.391176350832751,9.2,0,0,0,0,0,0,1,0,0,0,0
1,0.0932,127.79,10.87426647,0.59,742,3749.958333,6.447305862541213,7.9,1,0,0,0,0,0,0,0,0,1,0
1,0.1221,159.92,11.06663836,16.72,712,7319.958333,9.198166571044474,56.4,3,1,0,0,1,0,0,0,0,0,0
1,0.1442,302.57,10.74281084,5.94,707,4379.958333,9.003931019653137,80.2,0,0,0,0,0,0,1,0,0,0,0
1,0.1474,241.76,10.47678644,17.28,672,3519.0,8.786914938491025,56.9,0,0,0,0,0,0,1,0,0,0,0
1,0.1189,331.64,11.35040654,11.86,732,6481.0,10.467863421858212,67.2,0,0,0,0,0,0,0,0,0,1,0
1,0.1347,678.46,11.98292909,5.02,762,7080.0,8.566744970245486,5.9,6,0,0,0,0,0,0,0,0,0,1
1,0.0932,223.63,11.1844214,18.5,742,6569.958333,10.622789690572924,51.0,0,0,0,0,1,0,0,0,0,0,0
1,0.1183,222.0,11.23511451,12.74,712,4164.0,11.17208168707087,72.1,3,0,0,0,0,1,0,0,0,0,0
1,0.1189,232.15,11.58988651,7.04,792,8640.0,7.9229859587111955,11.0,5,0,0,0,1,0,0,0,0,0,0
1,0.0932,70.29,9.741203889,24.63,732,3810.0,8.537387898701757,30.4,1,0,0,1,0,0,1,0,0,0,0
1,0.1284,201.71,10.66886237,11.95,692,3420.0,8.165647925297504,40.4,0,0,0,0,0,0,1,0,0,0,0
1,0.0932,268.36,12.1547583,1.05,777,3930.0,7.605890001053122,9.1,0,0,0,0,1,0,0,0,0,0,0
1,0.1442,550.13,11.15625052,20.54,687,2189.958333,9.688126141663973,70.1,1,0,0,0,0,0,1,0,0,0,0
1,0.0963,449.32,11.7905572,14.59,787,5459.958333,5.030437921392435,1.0,1,0,0,0,0,0,0,0,0,0,1
1,0.08,203.69,10.81977828,3.24,822,7260.0,10.480802917570951,2.5,0,0,0,0,0,0,0,0,0,0,1
1,0.1379,340.76,10.81985828,16.58,712,3060.0,6.630683385642372,22.9,1,0,0,0,0,0,0,0,0,0,1
1,0.1474,690.74,11.64395373,15.27,702,2639.958333,10.864483927794135,93.4,1,0,0,0,0,0,1,0,0,0,0
1,0.1379,468.54,10.40426284,20.36,702,1800.0,9.89409356689426,66.7,0,0,0,0,0,0,1,0,0,0,0
1,0.1316,168.86,11.91839057,10.98,692,2189.958333,11.23129173105265,72.4,1,0,0,0,0,0,0,0,0,0,1
1,0.1474,207.23,11.5211317,4.96,672,3930.0,8.132412674500905,47.9,2,0,0,0,0,0,1,0,0,0,0
1,0.1442,618.89,11.15625052,7.89,722,3269.958333,9.825850282808975,95.9,1,0,0,0,1,0,0,0,0,0,0
1,0.1284,638.75,11.08214255,16.25,722,4049.958333,9.675582684120208,56.3,0,0,0,0,0,0,1,0,0,0,0
1,0.0768,124.77,10.37349118,5.7,772,7649.958333,8.92930284224307,14.2,2,0,0,0,0,0,0,0,0,1,0
1,0.1253,401.6,10.57131693,13.75,717,2370.0,9.002577922700276,57.2,1,0,0,0,1,0,0,0,0,0,0
1,0.1726,644.12,11.52584169,14.42,662,7170.0,8.238008249218403,16.3,3,0,0,0,1,0,0,0,0,0,0
1,0.1505,156.12,10.40426284,11.78,662,3213.0,8.710124927322207,49.3,1,1,0,0,1,0,0,0,0,0,0
1,0.1316,270.17,10.91508846,20.07,717,4455.958333,10.441762960010218,77.5,0,0,0,0,0,0,0,0,0,0,1
1,0.1379,408.91,10.79973883,11.7,687,4139.958333,9.76347807952779,84.4,2,0,0,0,0,0,1,0,0,0,0
1,0.1347,678.46,12.12269104,7.28,732,7218.0,10.827389247411618,68.5,1,0,0,1,0,0,1,0,0,0,0
1,0.1221,199.89,10.46310334,15.22,717,4710.0,8.836664586357426,27.3,0,1,0,0,1,0,0,0,0,0,0
1,0.1442,515.74,11.40756495,8.21,687,8489.958333,8.561592778712923,48.8,2,0,0,0,0,0,1,0,0,0,0
1,0.0737,77.62,11.63509885,0.39,772,7260.0,7.823645930834952,10.6,0,0,0,0,1,0,0,0,0,0,0
1,0.1632,565.02,11.1124479,10.39,667,7590.0,9.45226642258976,70.4,2,2,0,0,0,0,1,0,0,0,0
1,0.074,155.3,11.35977429,7.92,822,11261.0,7.536363938404511,5.5,0,0,0,0,0,0,1,0,0,0,0
1,0.1411,308.06,10.858999,24.92,687,3240.0,10.251923650196069,86.9,0,0,0,0,0,0,1,0,0,0,0
1,0.1284,268.95,10.6454249,14.2,717,1620.0,9.069698042173716,54.6,0,0,0,0,0,0,1,0,0,0,0
1,0.1347,407.08,10.81985828,13.7,692,2400.0,9.345133468317714,52.0,0,0,0,0,0,0,1,0,0,0,0
1,0.1379,681.51,11.1844214,20.1,707,2430.0,10.215264497991953,45.2,0,0,0,0,0,0,1,0,0,0,0
1,0.1347,305.31,10.46595641,21.91,757,3419.958333,6.423246963533519,6.1,7,0,0,0,0,0,0,0,1,0,0
1,0.0932,111.82,11.3736634,13.5,727,5011.0,9.836064876218694,53.7,3,0,0,0,1,0,0,0,0,0,0
1,0.1568,385.02,10.81985828,13.94,667,1770.0,9.386811515091962,48.7,0,0,0,0,0,0,0,0,1,0,0
1,0.0963,320.95,10.30895266,15.88,762,3630.0,8.41913925094085,33.6,0,0,0,1,0,0,1,0,0,0,0
1,0.08,188.02,11.42958733,5.07,752,8162.958333,9.969556152505833,39.4,0,0,0,1,0,0,1,0,0,0,0
1,0.1474,414.45,10.89673933,4.62,697,5219.958333,8.981807323377534,48.5,0,1,0,0,0,0,1,0,0,0,0
1,0.1253,301.2,10.59663473,0.9,732,15420.95833,4.74493212836325,2.8,0,0,0,0,1,0,0,0,0,0,0
1,0.0768,171.55,11.15625052,10.32,782,5549.958333,8.92771217382708,17.9,0,0,0,0,0,1,0,0,0,0,0
1,0.1537,174.24,10.53049493,22.92,662,4079.958333,8.931551966694522,47.3,1,1,0,0,0,0,1,0,0,0,0
1,0.0963,320.95,11.00209984,9.44,747,5219.958333,10.05134705577498,61.5,1,0,0,1,0,0,1,0,0,0,0
1,0.1347,203.54,10.59663473,4.62,677,2249.958333,8.869398159883518,58.3,0,0,1,0,0,0,0,0,0,0,1
1,0.1726,429.41,11.16764253,2.71,667,5969.958333,8.16223106548118,33.4,2,0,0,0,0,0,1,0,0,0,0
1,0.1474,51.81,10.58405595,20.35,677,1380.0,8.938137870372788,44.8,0,0,0,0,0,0,1,0,0,0,0
1,0.08,31.34,11.12726298,9.21,742,6480.0,8.39728289474368,16.9,0,0,0,0,0,0,0,0,1,0,0
1,0.1379,272.61,11.00209984,10.54,682,7049.958333,9.467150780760877,33.1,0,0,0,0,0,0,0,0,0,0,1
1,0.0768,112.29,10.32548196,10.54,752,2190.958333,7.528331766707247,11.4,0,0,0,0,0,0,0,0,0,1,0
1,0.1253,184.07,10.23981692,22.72,702,2939.958333,8.287276755814599,37.8,1,0,0,0,1,0,0,0,0,0,0
1,0.1632,847.53,11.28973191,14.93,682,3689.958333,10.327610842462827,78.6,2,0,0,0,0,0,1,0,0,0,0
1,0.1347,508.84,10.88743693,14.06,702,11460.0,8.949235314374855,30.3,1,3,0,0,0,0,1,0,0,0,0
1,0.1347,488.49,11.03488966,10.35,702,1829.958333,9.769956159911606,60.0,0,0,0,0,0,1,0,0,0,0,0
1,0.1284,64.72,9.61580548,10.48,702,2321.958333,6.483107351457199,3.7,1,0,0,0,1,0,0,0,0,0,0
1,0.08,172.35,10.95080655,18.76,747,3299.958333,10.606188945900884,63.0,3,0,0,0,0,0,1,0,0,0,0
1,0.1284,201.71,10.6454249,15.29,692,5219.958333,8.670257567143075,31.5,0,1,0,0,1,0,0,0,0,0,0
1,0.1505,520.37,10.6454249,15.43,687,4170.0,9.997933722828073,51.5,2,0,0,0,0,1,0,0,0,0,0
1,0.1095,297.7,11.30471979,0.15,692,4379.958333,6.249975242259483,8.9,0,1,0,0,1,0,0,0,0,0,0
1,0.1411,342.29,11.1124479,6.86,682,5249.958333,9.16785032035523,77.3,1,0,0,0,0,0,1,0,0,0,0
1,0.1095,261.71,10.59653473,22.98,692,7230.0,10.140021056969097,48.5,1,0,0,1,1,0,0,0,0,0,0
1,0.1474,331.56,10.91516119,20.88,682,2880.0,9.864070820172337,93.1,2,0,0,0,0,0,1,0,0,0,0
1,0.1537,48.79,10.49127422,5.07,712,2220.958333,0.0,11.3,2,0,0,0,0,0,0,0,0,0,1
1,0.1474,189.96,10.19555997,21.33,672,3450.0,9.396155818024393,59.3,3,0,0,0,0,0,1,0,0,0,0
1,0.1505,529.05,10.7254676,11.76,682,1469.958333,9.234545060673,43.2,2,0,0,0,0,0,1,0,0,0,0
1,0.1347,295.13,11.15961628,20.43,707,4680.0,9.875653761606692,92.6,3,0,0,0,0,1,0,0,0,0,0
1,0.1411,222.49,11.19821472,11.59,767,5522.958333,0.0,34.5,1,0,0,1,0,0,0,0,1,0,0
1,0.1347,398.6,11.49272276,16.4,697,4350.0,10.34154891634728,71.2,0,0,0,0,0,0,1,0,0,0,0
1,0.0737,62.1,11.08214255,2.38,782,3749.958333,8.197263371414335,10.1,0,0,0,0,0,0,0,0,1,0,0
1,0.0963,224.66,10.08580911,7.85,727,5400.0,9.487820581943367,22.0,2,0,0,0,0,0,1,0,0,0,0
1,0.08,94.01,10.68051622,5.49,737,2490.0,7.932721027481948,39.2,2,0,0,0,1,0,0,0,0,0,0
1,0.0963,256.76,10.6454249,9.03,742,2969.958333,9.608780865147382,48.1,3,0,0,0,1,0,0,0,0,0,0
1,0.08,203.69,11.42954386,6.59,807,8190.0,6.570882962339584,3.9,0,0,0,0,0,0,1,0,0,0,0
1,0.1221,39.98,10.34817337,4.54,702,2309.958333,7.748460023899697,27.3,0,0,0,0,0,0,0,1,0,0,0
1,0.0963,320.95,11.53272809,2.47,742,3420.958333,9.360224821513475,21.8,0,0,0,0,0,0,1,0,0,0,0
1,0.0932,191.69,10.71441777,1.33,762,5340.0,7.791935956938058,26.9,1,0,0,0,1,0,0,0,0,0,0
1,0.1347,232.37,11.51292546,11.62,687,3120.0,9.293577970546238,51.1,0,0,0,0,0,0,0,0,1,0,0
1,0.1284,181.54,10.30881932,1.72,702,3450.0,6.375024819828097,3.6,3,0,0,0,0,0,0,0,1,0,0
1,0.1379,315.2,10.80972795,15.85,682,2520.0,8.70167907103957,74.2,1,0,0,0,0,1,0,0,0,0,0
1,0.1316,216.13,10.93310697,12.45,692,3749.958333,8.289539484624141,62.2,1,0,0,0,1,0,0,0,0,0,0
1,0.0932,191.69,10.62132735,10.77,742,2730.0,7.475339236566737,17.8,1,0,0,0,0,0,1,0,0,0,0
1,0.1379,272.61,11.22524339,12.78,682,6840.0,9.136478523377727,61.9,1,0,0,0,0,1,0,0,0,0,0
1,0.1221,533.04,11.36210258,10.74,737,3749.958333,10.587165036719648,47.3,1,0,0,0,0,0,1,0,0,0,0
1,0.0963,356.25,10.1266311,17.71,742,4842.958333,8.835355971121606,25.7,0,0,0,0,0,0,0,0,0,0,1
1,0.1253,309.57,9.472704636,0.92,727,3425.958333,8.160232492367689,47.9,1,0,0,1,0,0,0,0,0,0,1
1,0.16,632.84,11.15625052,8.66,677,3810.0,9.440260907569415,81.1,2,0,0,0,1,0,0,0,0,0,0
1,0.1379,340.76,10.59663473,21.66,692,4049.958333,9.392578591964389,48.2,0,0,0,0,0,0,1,0,0,0,0
1,0.16,123.06,10.46310334,23.45,662,3810.0,8.58858318750291,89.5,0,0,0,0,1,0,0,0,0,0,0
1,0.1148,167.32,9.903487553,19.68,712,1835.0,8.862058677395472,45.5,0,0,0,1,0,0,1,0,0,0,0
1,0.1189,116.08,10.30895266,11.68,722,6870.0,8.438582790834326,45.8,0,0,0,0,0,1,0,0,0,0,0
1,0.1505,381.61,10.46310334,7.78,672,3030.958333,9.187992508312275,77.6,0,0,0,0,0,0,1,0,0,0,0
1,0.0737,521.57,11.26446411,1.15,772,3000.958333,6.68586094706836,2.3,2,0,0,0,1,0,0,0,0,0,0
1,0.1316,692.29,11.15625052,20.06,722,3659.958333,9.925787060030896,60.0,1,0,0,0,0,0,1,0,0,0,0
1,0.1379,272.61,9.952277717,11.43,682,3150.0,8.545391845774915,46.3,2,0,0,0,0,0,0,0,0,1,0
1,0.1474,276.3,11.5228758,6.42,672,3779.958333,9.775028985632325,47.8,0,2,0,0,0,0,1,0,0,0,0
1,0.1253,401.6,11.38509209,11.15,717,4837.958333,10.300786071311231,77.9,2,0,0,0,0,0,1,0,0,0,0
1,0.1189,331.64,10.71441777,21.95,752,3600.0,8.667680024690174,32.1,1,0,0,0,0,0,1,0,0,0,0
1,0.1695,534.41,10.75790288,0.38,687,5640.0,8.581294116822761,82.0,0,0,0,0,0,0,0,0,0,0,1
1,0.0963,545.61,11.39643659,14.71,772,5219.958333,9.245707515813473,21.1,0,0,0,0,0,0,1,0,0,0,0
1,0.1347,373.15,10.08580911,13.65,697,1829.958333,9.045111892608405,42.2,0,0,0,0,1,0,0,0,0,0,0
1,0.08,125.35,10.77895629,2.77,772,3150.0,6.556778356158042,2.3,0,0,0,0,1,0,0,0,0,0,0
1,0.0963,160.48,10.71894086,11.12,732,2400.0,8.442038517815478,12.6,1,0,0,0,1,0,0,0,0,0,0
1,0.08,266.36,11.32659589,6.75,787,6299.958333,8.914626127827137,6.5,0,0,0,0,0,0,0,0,1,0,0
1,0.1316,168.86,11.86358234,23.26,687,5280.0,11.171195430321974,83.4,2,0,1,0,0,0,0,0,1,0,0
1,0.1316,312.38,10.858999,21.9,702,2040.0,9.12598002335811,86.7,0,0,0,0,0,1,0,0,0,0,0
1,0.0737,263.89,10.26813067,19.83,732,2219.958333,9.140132476932687,27.2,2,0,0,0,1,0,0,0,0,0,0
1,0.0768,31.2,11.41861479,9.77,752,4109.958333,9.95246817475775,45.5,2,0,0,0,1,0,0,0,0,0,0
1,0.16,421.89,10.49127422,0.33,662,13080.0,9.448096635658239,34.8,0,1,1,0,0,0,0,0,1,0,0
1,0.0932,351.42,11.0953983,19.15,747,3749.958333,8.330622620332868,14.3,2,0,0,0,0,1,0,0,0,0,0
1,0.1411,342.29,11.35040654,3.92,682,2850.0,8.166500319155052,22.1,1,2,0,0,0,0,1,0,0,0,0
1,0.1221,333.15,10.94199592,19.2,762,5909.958333,7.798112628829788,13.8,2,0,0,0,1,0,0,0,0,0,0
1,0.1635,335.63,11.06663836,9.51,697,4562.958333,9.747184558140727,38.8,1,0,0,0,0,0,0,0,0,0,1
1,0.1316,337.71,10.41930072,17.37,772,1139.958333,3.295836866004329,0.6,0,0,0,0,0,0,0,0,0,0,1
1,0.1221,119.94,10.30895266,0.6,717,4469.958333,4.51085950651685,1.8,2,0,0,0,1,0,0,0,0,0,0
1,0.1537,167.27,9.68009397,9.98,667,1529.958333,7.004881989712859,61.2,1,0,0,0,1,0,0,0,0,0,0
1,0.0768,224.58,11.35040654,16.72,777,9630.958333,8.21959545417708,38.3,2,0,0,0,0,0,0,0,0,1,0
1,0.08,441.84,11.05089001,10.82,717,3210.0,9.260462981379394,32.0,1,0,0,0,0,0,1,0,0,0,0
1,0.1347,339.23,11.22524339,8.54,742,4290.0,10.105856804633861,26.3,5,0,0,0,0,0,1,0,0,0,0
1,0.1284,605.13,10.91508846,7.29,747,6331.958333,9.738377032472528,22.8,5,0,0,0,1,0,0,0,0,0,0
1,0.1189,331.64,10.90558894,21.54,732,3749.958333,9.361257257293044,40.4,0,0,1,0,0,0,1,0,0,0,0
1,0.1316,81.05,11.26061054,19.1,677,3600.0,8.593598522618644,23.1,2,0,1,0,0,0,0,1,0,0,0
1,0.1316,574.1,10.85892207,16.87,732,7799.958333,9.505246289517283,61.0,0,0,0,1,0,0,1,0,0,0,0
1,0.1379,340.76,10.75790288,23.69,692,4590.0,7.244941546337007,77.8,0,1,1,0,1,0,0,0,0,0,0
1,0.1347,135.7,9.903487553,15.06,702,1469.958333,6.97354301952014,19.4,2,1,0,0,1,0,0,0,0,0,0
1,0.0737,322.88,10.77895629,12.07,727,3299.958333,9.967729154597594,37.9,1,0,0,0,1,0,0,0,0,0,0
1,0.08,313.37,11.61863592,0.49,787,4232.0,8.881280595070423,6.3,1,0,0,0,0,0,0,0,1,0,0
1,0.0963,385.14,11.00209984,6.76,807,7079.958333,7.589841512182657,3.3,3,0,0,0,0,0,0,0,0,0,1
1,0.1253,334.67,10.54006438,10.38,672,3270.0,10.195746634481015,65.2,3,0,0,1,1,0,0,0,0,0,0
1,0.1253,836.66,11.35040654,16.24,762,5849.958333,11.446358220698116,22.1,1,0,0,0,0,0,0,1,0,0,0
1,0.1537,193.4,10.72106231,8.26,667,4050.958333,5.564520407322694,3.3,3,0,1,0,0,0,0,0,0,1,0
1,0.1253,669.33,11.40756495,0.68,792,4469.958333,8.221478947267192,15.2,1,0,0,0,0,0,0,0,0,0,1
1,0.1316,405.25,10.66895539,7.14,722,1741.0,8.972083182851925,29.0,2,0,0,0,0,1,0,0,0,0,0
1,0.1253,435.07,11.08220409,17.11,712,5010.0,9.503606822721864,44.8,0,0,0,0,0,0,1,0,0,0,0
1,0.1379,255.57,10.37349118,9.86,712,2999.958333,7.498869733976931,10.1,2,1,0,0,0,0,0,0,0,0,1
1,0.0963,192.57,10.69194491,4.99,732,4260.0,9.37092743662413,14.6,0,0,0,0,0,0,1,0,0,0,0
1,0.1568,350.02,10.95080655,7.62,682,2850.0,7.504391559161238,34.2,2,0,0,1,0,0,0,0,1,0,0
1,0.1663,780.34,11.09741002,14.96,677,4980.0,10.214751865245466,34.8,0,0,0,0,0,1,0,0,0,0,0
1,0.1442,412.6,10.51867319,7.91,682,4049.958333,9.076694687106265,85.8,1,0,0,1,0,0,1,0,0,0,0
1,0.08,188.02,10.05182135,8.95,757,4109.958333,7.014814351275545,25.3,0,0,0,0,1,0,0,0,0,0,0
1,0.1411,405.62,10.78931908,20.96,682,3659.958333,9.660013734748668,49.9,3,0,0,0,0,0,1,0,0,0,0
1,0.1253,401.6,10.87812266,16.26,717,2730.0,8.91798070997329,41.2,2,0,0,1,0,0,1,0,0,0,0
1,0.1189,165.82,10.77895629,18.13,722,3150.0,9.626151772138492,42.3,2,0,0,0,0,0,0,0,0,1,0
1,0.16,147.67,10.16585182,21.69,712,2012.0,8.725020038618554,99.3,0,0,0,0,1,0,0,0,0,0,0
1,0.1474,86.35,9.779963066,19.08,672,1771.0,8.517793011488205,32.1,3,0,0,0,0,0,1,0,0,0,0
1,0.1284,504.27,10.30895266,12.92,717,10440.0,9.908773556965365,33.4,3,0,0,0,0,0,1,0,0,0,0
1,0.0963,185.35,10.51596683,7.15,732,2370.0,9.171599543659752,65.9,0,0,0,1,1,0,0,0,0,0,0
1,0.1379,221.5,10.5454467,23.37,687,5849.958333,9.435002769259663,49.1,0,1,0,0,1,0,0,0,0,0,0
1,0.1474,276.3,10.71441777,24.08,672,1921.958333,9.040974526342444,66.5,1,0,1,0,0,0,1,0,0,0,0
1,0.1442,292.26,11.35040654,6.11,677,9300.0,8.913281137711804,91.1,1,0,0,0,0,0,0,0,1,0,0
1,0.1253,87.02,9.680344001,19.2,697,1949.958333,8.87570644462861,38.3,1,0,0,0,0,0,1,0,0,0,0
1,0.1411,167.73,10.87804719,3.22,682,6060.0,8.376090350438238,90.4,2,0,0,0,0,0,1,0,0,0,0
1,0.0963,224.66,11.56171563,3.19,762,3210.0,8.991686725934825,30.0,1,0,0,0,0,1,0,0,0,0,0
1,0.1537,374.6,10.62132735,23.33,667,3391.958333,9.988104398256008,78.9,0,0,0,0,0,0,1,0,0,0,0
1,0.1316,168.86,10.96819829,0.12,722,2070.0,8.551981016901902,45.6,0,0,0,0,0,0,1,0,0,0,0
1,0.1411,290.95,10.91501573,1.0,707,1229.958333,8.143807976771484,49.2,0,0,0,1,0,0,0,0,1,0,0
1,0.1411,171.15,10.15580148,6.2,697,3389.958333,8.487352349405215,57.8,2,1,0,0,0,0,1,0,0,0,0
1,0.1758,718.84,11.5229154,16.93,667,3659.958333,9.831293132987641,67.5,0,1,0,0,1,0,0,0,0,0,0
1,0.1189,198.99,10.5454467,22.58,722,4680.0,9.7706416392027,47.7,3,0,0,0,0,0,1,0,0,0,0
1,0.1663,532.05,10.73639668,7.93,672,3029.958333,9.589393056132515,94.9,1,0,0,0,0,0,1,0,0,0,0
1,0.1221,166.58,11.21182037,17.56,712,7170.0,9.498897061838624,28.4,2,0,0,0,0,0,0,0,0,0,1
1,0.1189,298.48,11.35040654,8.84,732,5519.958333,8.592486175451668,27.2,0,0,1,0,0,1,0,0,0,0,0
1,0.1411,143.77,9.836332277,4.62,677,4783.958333,7.721348612617949,37.6,1,0,0,0,0,0,0,0,1,0,0
1,0.0932,207.66,10.35456317,12.08,747,3450.0,7.836369760545124,63.2,0,0,0,1,0,0,1,0,0,0,0
1,0.1284,504.27,11.53272809,12.46,722,3329.958333,1.0986122886681098,0.1,2,0,0,0,0,0,1,0,0,0,0
1,0.1221,399.78,10.49127422,20.33,677,3090.0,10.087058328730514,70.3,1,0,0,0,1,0,0,0,0,0,0
1,0.0932,63.9,10.94192512,5.71,787,3570.0,3.091042453358316,0.4,2,0,0,0,0,0,0,0,0,1,0
1,0.1411,684.58,11.35035948,19.27,702,5489.958333,9.787627666441592,79.2,1,0,0,0,1,0,0,0,0,0,0
1,0.1221,499.73,11.91839057,17.84,752,8069.958333,0.0,0.0,1,0,0,0,1,0,0,0,0,0,0
1,0.1426,240.15,10.37349118,13.35,682,1410.0,8.699514748210191,27.6,1,0,0,1,0,0,1,0,0,0,0
1,0.0963,248.74,10.79957558,11.36,737,5601.958333,8.812992231969966,19.0,0,0,0,0,1,0,0,0,0,0,0
1,0.16,281.26,10.55581274,2.31,667,1800.0,8.099554282376364,58.8,1,1,0,0,1,0,0,0,0,0,0
1,0.16,527.36,11.03488966,7.88,687,2520.0,9.673885691160871,83.2,1,0,0,1,0,0,1,0,0,0,0
1,0.1663,567.52,11.15625052,0.26,667,3329.958333,6.0844994130751715,4.6,3,0,0,0,0,0,0,0,0,0,1
1,0.1505,693.83,11.28230402,15.32,682,4379.958333,9.832904131080666,81.1,3,0,0,0,0,0,1,0,0,0,0
1,0.1474,552.59,10.9040459,9.13,682,7620.0,9.766349664317493,71.9,1,0,0,0,0,0,1,0,0,0,0
1,0.1253,836.66,11.91839057,2.86,762,3389.958333,9.609921536925372,34.0,1,0,0,0,0,0,0,0,1,0,0
1,0.1442,498.55,10.30895266,18.04,697,8910.958333,9.922946983692347,94.0,1,0,0,0,0,0,1,0,0,0,0
1,0.1316,287.05,11.22524339,12.27,697,8069.958333,10.326563344903953,53.7,3,0,0,1,0,0,1,0,0,0,0
1,0.0737,248.37,11.08220409,2.77,727,5219.958333,10.371614421769003,53.2,1,0,0,1,1,0,0,0,0,0,0
1,0.08,188.02,10.70324447,6.44,752,5340.0,8.694669696546992,12.7,1,0,0,0,0,0,1,0,0,0,0
1,0.1347,447.78,10.59663473,12.72,727,1499.958333,9.1821466376054,30.9,2,0,0,0,0,0,1,0,0,0,0
1,0.0963,160.48,11.46167427,15.4,727,3090.0,9.142917695658749,41.0,2,0,0,0,0,1,0,0,0,0,0
1,0.1189,348.23,11.6351431,6.02,727,6719.958333,9.518633568332074,43.1,0,0,0,0,0,1,0,0,0,0,0
1,0.1474,51.81,10.5454467,1.04,667,2130.0,7.485491608030754,59.4,3,0,0,1,1,0,0,0,0,0,0
1,0.0932,159.74,10.81977828,17.57,737,2669.958333,8.877800393882575,67.0,1,0,0,0,0,0,0,0,0,0,1
1,0.1189,530.63,11.35040654,2.61,757,5041.0,10.282095206474409,51.9,2,0,0,0,0,0,0,0,0,0,1
1,0.1426,274.45,10.57387775,21.88,737,2681.0,9.68601538845915,25.0,3,0,0,1,0,0,0,0,0,0,1
1,0.0768,49.91,10.04324949,4.64,757,12391.0,7.9208096792886,9.3,0,0,0,0,0,0,0,0,0,1,0
1,0.0737,372.55,10.81985828,10.1,742,7769.958333,10.93931977308153,33.7,0,0,0,0,1,0,0,0,0,0,0
1,0.0963,417.23,10.6454249,16.14,787,3840.0,0.0,0.0,1,0,0,0,0,0,0,0,0,0,1
1,0.1316,379.92,11.22524339,18.69,702,3150.0,9.323490469908839,81.7,2,0,0,0,0,0,1,0,0,0,0
1,0.0932,319.47,10.91508846,0.39,782,4710.0,4.605170185988092,0.2,1,0,0,0,1,0,0,0,0,0,0
1,0.1253,251.0,10.59663473,12.87,787,2249.958333,5.700443573390687,1.0,0,0,0,1,0,0,0,0,0,0,1
1,0.1189,331.64,10.87804719,17.12,727,2790.0,8.397508348470257,59.1,0,0,0,0,1,0,0,0,0,0,0
1,0.1568,113.76,9.392661929,11.8,672,1499.958333,8.117610746466228,79.8,0,0,0,1,0,0,0,1,0,0,0
1,0.1347,407.08,11.12726298,21.9,697,5408.0,10.688849217083884,63.7,2,0,0,0,0,0,1,0,0,0,0
1,0.1284,235.33,11.01039864,10.27,682,4202.958333,8.217978203150732,45.2,0,0,0,0,1,0,0,0,0,0,0
1,0.1316,405.25,10.91508846,13.16,707,13681.0,9.108418382250798,37.5,2,0,0,0,0,0,0,0,0,1,0
1,0.08,313.37,11.35035948,1.06,772,6780.0,7.708859601047175,5.4,0,0,0,0,1,0,0,0,0,0,0
1,0.1379,286.24,10.71441777,24.75,697,4829.958333,7.562681246721884,91.6,1,0,0,1,0,0,1,0,0,0,0
1,0.0963,481.42,11.51292546,4.81,802,9637.958333,9.964958874624228,33.9,1,0,0,0,0,0,0,0,0,0,1
1,0.0963,160.48,11.24300472,8.63,722,5189.958333,7.864419904994565,51.0,1,0,0,0,1,0,0,0,0,0,0
1,0.1632,529.71,11.08214255,16.39,672,5310.0,8.918382504661613,48.8,2,0,0,0,1,0,0,0,0,0,0
1,0.1221,158.25,10.71894086,20.95,747,5760.0,10.176297074865158,33.7,1,0,0,0,1,0,0,0,0,0,0
1,0.1568,280.02,11.28978191,16.3,662,4499.958333,9.278279354984376,59.8,0,0,0,0,0,0,1,0,0,0,0
1,0.0768,311.91,10.08580911,0.0,737,1650.0,5.993961427306569,6.7,1,0,0,0,1,0,0,0,0,0,0
1,0.1221,666.3,11.35040654,3.04,787,6510.0,9.539212371252827,18.7,4,0,0,0,0,0,0,0,0,0,1
1,0.0932,527.13,11.05885818,8.35,732,4079.958333,10.643566027780505,85.2,0,0,0,1,1,0,0,0,0,0,0
1,0.0932,233.22,10.30895266,10.52,737,3243.0,9.03025631012242,22.1,3,0,0,0,0,0,1,0,0,0,0
1,0.1505,416.3,10.27505111,2.48,672,4019.958333,8.470311205516108,52.4,2,0,2,0,0,0,0,0,0,0,1
1,0.1568,525.03,11.6351431,13.12,757,7560.0,10.837834289209853,32.6,0,0,0,0,0,0,1,0,0,0,0
1,0.1411,232.76,10.53209621,10.3,707,3779.958333,7.213031659834869,17.4,2,1,0,0,0,0,0,0,0,0,1
1,0.1253,669.33,11.12726298,18.23,732,5070.0,10.139112881352395,43.4,2,0,0,0,0,0,1,0,0,0,0
1,0.1221,599.67,10.86906356,13.36,742,5640.0,9.744784861340808,56.7,0,0,0,0,0,0,1,0,0,0,0
1,0.1253,117.14,10.46310334,13.39,707,4889.958333,8.952993499320474,33.6,1,0,0,0,0,1,0,0,0,0,0
1,0.1316,362.19,10.91508846,12.09,702,2219.958333,9.945349006631046,49.3,2,0,0,0,0,1,0,0,0,0,0
1,0.1347,101.77,11.09741002,14.6,687,5978.958333,9.622052592844813,95.5,1,0,0,1,0,0,1,0,0,0,0
1,0.1474,120.88,11.49264112,19.94,672,6180.0,10.495791775666511,89.5,3,0,0,1,1,0,0,0,0,0,0
1,0.08,100.28,10.69194491,17.92,742,1949.958333,6.745236349484363,10.7,0,0,0,0,0,0,0,0,0,0,1
1,0.08,470.05,11.16336799,17.11,727,3450.0,9.099743950634156,22.3,1,0,0,0,1,0,0,0,0,0,0
1,0.1284,806.83,11.22524339,18.51,772,6780.0,8.96392819372262,6.1,0,0,0,0,0,0,0,0,0,0,1
1,0.1474,386.82,11.06350847,16.21,687,4320.0,9.27556615689389,93.6,0,0,0,0,1,0,0,0,0,0,0
1,0.1568,245.02,10.73639668,20.87,677,2339.958333,8.621012520055235,97.3,0,0,0,0,0,0,1,0,0,0,0
1,0.0963,320.95,10.54442628,15.05,737,4079.958333,7.360103972989152,11.9,0,0,0,0,0,0,1,0,0,0,0
1,0.1632,247.2,10.91508846,3.99,662,2189.958333,8.465478755729558,93.1,1,1,0,0,0,0,1,0,0,0,0
1,0.08,172.35,10.37361617,19.2,757,3749.958333,8.833608482690892,29.4,0,0,0,0,0,0,1,0,0,0,0
1,0.1316,168.86,10.40426284,14.0,697,1710.0,8.420021279663963,33.1,0,0,1,0,0,0,1,0,0,0,0
1,0.1568,245.02,10.13459927,5.57,662,1499.958333,8.465689348549121,53.3,2,0,0,0,1,0,0,0,0,0,0
1,0.1316,844.26,11.73606902,8.24,727,5549.958333,9.569691731118324,50.3,1,0,0,1,0,1,0,0,0,0,0
1,0.1221,632.99,11.56171563,15.51,752,11520.0,10.816512959033314,42.1,1,0,0,0,0,0,0,0,0,0,1
1,0.1821,290.07,11.22524339,13.92,662,4889.958333,9.001099725830965,57.9,2,0,0,0,0,0,1,0,0,0,0
1,0.1189,198.99,11.09741002,21.07,722,4769.958333,9.805709329617423,44.7,0,0,0,0,1,0,0,0,0,0,0
1,0.16,404.31,10.46104751,21.09,662,4529.958333,10.017574878573896,67.0,1,0,0,0,0,0,1,0,0,0,0
1,0.1284,537.89,10.64304111,10.37,717,3719.958333,9.681405937168297,84.7,0,0,0,0,0,0,1,0,0,0,0
1,0.1347,237.46,10.52191119,14.71,707,3810.0,8.272826003650401,93.2,0,0,0,0,0,0,1,0,0,0,0
1,0.1221,258.2,10.63825641,17.78,717,2520.0,9.589529948672084,76.9,0,0,0,1,0,1,0,0,0,0,0
1,0.08,263.23,11.15625052,3.05,777,4020.958333,7.317876198626496,6.6,0,0,0,0,1,0,0,0,0,0,0
1,0.08,172.35,11.30220443,9.87,782,5730.0,8.431853144249223,14.7,0,0,0,0,1,0,0,0,0,0,0
1,0.1284,168.09,10.30895266,2.6,757,4590.0,6.586171654854675,2.8,1,0,0,0,1,0,0,0,0,0,0
1,0.1505,346.92,10.75798798,20.19,752,4621.0,0.0,27.7,2,0,0,0,0,0,0,0,0,1,0
1,0.1316,337.71,10.71441777,3.97,732,2789.0,7.613818684808629,15.6,1,0,0,1,1,0,0,0,0,0,0
1,0.0768,374.29,11.15619338,12.62,722,2911.0,9.72978871303306,32.3,2,0,0,1,1,0,0,0,0,0,0
1,0.0963,215.04,9.510444964,6.4,807,9209.958333,3.58351893845611,1.7,0,0,0,0,0,0,0,0,0,1,0
1,0.08,125.35,11.15619338,8.78,757,2790.0,8.009363076630045,8.7,0,0,0,0,0,0,0,0,1,0,0
1,0.1347,407.08,11.00209984,15.12,697,2520.0,9.43675855582405,54.3,1,0,0,0,0,0,1,0,0,0,0
1,0.0963,385.14,10.91567011,21.17,757,10739.95833,10.13197679017509,38.8,1,0,0,0,0,1,0,0,0,0,0
1,0.1632,331.95,10.81977828,1.46,692,1620.0,8.45553053102413,51.6,1,0,0,0,1,0,0,0,0,0,0
1,0.1411,342.29,11.98292909,9.27,677,5189.958333,9.291367210618557,68.6,0,1,0,1,1,0,0,0,0,0,0
1,0.1347,407.08,10.14909685,9.2,722,11339.95833,9.339436945310593,94.8,1,0,0,1,0,0,1,0,0,0,0
1,0.0963,320.95,10.82536266,13.77,737,5400.0,7.132497551660044,5.5,1,0,1,0,0,0,1,0,0,0,0
1,0.1505,477.01,10.30895266,17.96,687,1441.0,8.569785641535407,15.1,3,0,0,1,0,0,0,0,0,0,1
1,0.1221,499.73,11.54600234,8.57,772,4109.958333,9.367429587218957,42.5,0,0,0,0,0,0,0,0,0,0,1
1,0.1284,84.05,10.66895539,8.76,687,5670.0,7.365812837209472,14.0,1,0,0,0,0,0,1,0,0,0,0
1,0.1347,339.23,11.22524339,14.91,732,3737.958333,10.192231560934287,98.9,3,0,0,0,0,0,1,0,0,0,0
1,0.1284,504.27,11.08214255,6.65,717,2190.958333,10.211045778992698,57.4,0,0,0,0,0,1,0,0,0,0,0
1,0.0963,320.95,10.59663473,12.81,742,8370.0,8.869116865929483,18.3,2,0,0,0,0,0,1,0,0,0,0
1,0.1442,687.66,12.46458334,16.97,697,7799.958333,10.984987591594274,84.9,2,0,0,0,0,0,0,0,0,1,0
1,0.08,156.69,10.91508846,9.05,757,2490.0,6.920671504248683,10.1,0,0,0,0,1,0,0,0,0,0,0
1,0.1221,666.3,10.84933709,3.1,782,2850.0,4.605170185988092,0.4,0,0,0,0,1,0,0,0,0,0,0
1,0.1537,104.54,11.00209984,1.0,672,1800.0,6.955592608396297,31.8,1,0,0,1,1,0,0,0,0,0,0
1,0.1474,276.3,10.30895266,15.44,677,8617.0,9.96189796008255,88.0,0,1,0,0,0,0,1,0,0,0,0
1,0.0932,313.08,10.4341158,22.62,747,6725.958333,9.695786647402777,23.9,0,0,0,0,0,0,1,0,0,0,0
1,0.0932,159.74,10.1266311,3.89,777,3419.958333,8.269244521183056,10.6,2,0,0,0,0,0,0,0,1,0,0
1,0.1284,672.36,11.38495936,1.95,787,2730.0,10.719095699044251,3.8,1,0,0,0,1,0,0,0,0,0,0
1,0.1726,894.61,12.4874851,12.76,692,6599.958333,10.46803402180176,95.3,0,0,0,1,0,0,1,0,0,0,0
1,0.1442,687.66,11.1844214,23.25,697,6659.958333,9.84108009240751,52.0,3,0,0,0,0,0,1,0,0,0,0
1,0.1221,399.78,11.00209984,16.16,742,4379.958333,10.122823865507383,66.4,2,0,0,0,0,1,0,0,0,0,0
1,0.1411,410.75,11.03817459,22.03,682,3150.0,8.41913925094085,32.4,0,0,0,0,0,0,1,0,0,0,0
1,0.1632,474.97,11.38287373,18.64,662,7920.0,8.70317470904168,57.9,0,1,0,0,0,0,1,0,0,0,0
1,0.1379,391.87,10.7342204,10.3,697,3659.958333,9.338029733117072,35.3,0,3,0,0,0,0,1,0,0,0,0
1,0.0963,224.66,11.42958733,8.05,757,4799.958333,6.870053411798126,4.6,0,1,0,0,0,0,0,0,1,0,0
1,0.1474,690.74,10.71441777,9.31,697,3374.958333,7.302496423727326,4.2,0,0,0,0,1,0,0,0,0,0,0
1,0.06,91.27,9.793449447,5.69,727,4320.0,6.756932389247553,10.7,0,0,0,0,0,0,0,1,0,0,0
1,0.1695,356.27,11.00209984,11.18,662,3336.958333,8.711278615130434,88.0,1,0,0,0,0,0,0,0,0,0,1
1,0.1379,340.76,10.4487146,14.71,692,2520.0,9.026056891868688,52.6,0,0,0,0,0,1,0,0,0,0,0
1,0.1218,399.6,11.04852212,9.03,712,7321.0,9.702227794721923,31.9,0,0,0,0,1,0,0,0,0,0,0
1,0.1347,67.85,9.884916167,16.32,692,2189.958333,8.731013415269564,72.0,1,0,0,0,1,0,0,0,0,0,0
1,0.0963,513.51,11.69524702,2.5,802,12330.0,9.085230560933338,7.4,1,0,0,0,0,0,0,0,0,0,1
1,0.1284,242.05,10.81985828,13.17,702,10259.95833,9.874830843286324,43.2,2,0,0,0,0,0,1,0,0,0,0
1,0.1253,301.2,11.4294569,20.3,722,4446.958333,10.664620430887167,0.0,2,0,0,1,0,0,0,0,1,0,0
1,0.1496,207.87,11.20504069,18.43,662,5517.0,9.576232704964523,82.9,0,0,0,0,1,0,0,0,0,0,0
1,0.1347,542.77,12.25486281,14.93,707,6359.958333,10.744903864764554,81.1,1,0,0,0,0,0,0,0,1,0,0
1,0.1505,190.81,10.66904841,12.7,667,3719.958333,7.577633832602728,57.4,2,1,0,0,1,0,0,0,0,0,0
1,0.0932,191.69,11.1124479,19.45,747,7409.958333,10.657706313835016,68.9,2,0,0,0,0,1,0,0,0,0,0
1,0.0932,191.69,10.95080655,11.56,777,6810.0,9.592263871501313,24.5,5,0,0,0,1,0,0,0,0,0,0
1,0.1253,167.34,11.56171563,23.9,707,7500.0,11.162417182317173,89.3,0,0,0,0,0,0,0,0,0,0,1
1,0.1221,666.3,11.69524702,8.22,782,6450.0,8.19063168090354,4.5,0,0,0,0,0,0,0,0,0,0,1
1,0.1505,260.19,12.36563722,15.01,672,7500.0,11.316350813698163,88.1,0,0,0,0,1,0,0,0,0,0,0
1,0.1442,51.58,11.23537852,11.4,677,3510.0,6.126869184114185,18.0,0,0,0,0,1,0,0,0,0,0,0
1,0.1505,294.88,9.998797732,13.75,672,1740.0,9.317579122645782,57.7,1,0,0,1,0,0,1,0,0,0,0
1,0.1253,187.42,10.46310334,14.43,702,8130.958333,9.63834944451924,40.2,1,0,0,1,0,0,0,0,0,1,0
1,0.1126,312.21,11.1844214,3.73,747,2070.0,6.55250788703459,14.6,7,0,0,0,1,0,0,0,0,0,0
1,0.1316,303.94,10.59663473,9.66,727,4019.958333,7.503289630675082,27.1,1,0,1,0,1,0,0,0,0,0,0
1,0.1347,244.25,11.39075783,12.83,687,3510.0,10.267018937271347,74.9,1,0,0,0,0,0,1,0,0,0,0
1,0.1505,156.12,11.31447453,11.56,667,3630.0,0.0,0.0,1,2,1,0,0,0,0,0,0,1,0
1,0.1411,329.46,10.71441777,22.48,682,2309.958333,9.516058806914062,73.8,0,0,0,1,0,0,1,0,0,0,0
1,0.1347,284.95,11.03488966,13.53,692,3990.0,9.172846167548602,74.7,3,0,0,0,0,0,1,0,0,0,0
1,0.1347,814.15,11.51292546,7.25,737,2160.0,1.791759469228055,0.2,3,0,0,0,0,0,0,0,0,0,1
1,0.1379,511.14,10.96819829,11.07,707,3120.0,9.626877294051397,94.8,2,0,0,0,0,1,0,0,0,0,0
1,0.1442,55.02,10.15424627,12.98,692,1260.0,0.0,0.0,0,0,1,0,0,0,0,0,1,0,0
1,0.1221,333.15,9.952277717,8.46,717,1829.958333,8.811652248147043,53.3,1,0,0,0,1,0,0,0,0,0,0
1,0.1316,413.69,10.08580911,11.35,707,2130.0,8.486940148245216,53.9,1,0,0,1,0,0,0,0,0,0,1
1,0.1158,528.22,12.61153775,7.6,697,4214.0,10.633255916551718,60.9,0,0,0,0,1,0,0,0,0,0,0
1,0.1379,238.53,10.20359214,21.91,697,3180.0,8.921991410536698,94.9,0,0,0,0,0,0,1,0,0,0,0
1,0.1411,676.02,11.08214255,18.85,702,8250.0,9.364605330987612,33.1,1,0,0,1,0,0,1,0,0,0,0
1,0.1347,169.62,11.28983191,3.67,697,5100.0,8.022568946988255,33.9,0,1,0,0,1,0,0,0,0,0,0
1,0.1316,506.56,11.20504069,18.87,727,9450.0,10.810596258335398,54.6,2,0,0,0,0,1,0,0,0,0,0
1,0.0932,319.47,10.47344963,19.88,762,2760.0,9.413770891980372,24.2,0,0,0,0,0,0,1,0,0,0,0
1,0.0932,63.9,11.06663836,12.04,742,2760.0,0.0,0.0,0,0,0,0,0,0,0,0,0,0,1
1,0.1442,171.92,11.58084576,1.96,697,2669.958333,8.350902451694811,46.0,0,0,0,1,0,0,0,0,0,0,1
1,0.1411,164.3,10.50232405,14.67,672,1394.0,8.99205997632796,51.5,0,0,0,0,0,0,1,0,0,0,0
1,0.0932,255.58,11.81303006,5.18,752,5010.0,11.287554434665667,37.1,0,0,0,0,1,0,0,0,0,0,0
1,0.1189,663.28,10.70548914,17.33,772,9119.958333,10.035786936549613,21.4,1,0,0,0,1,0,0,0,0,0,0
1,0.1379,681.51,11.84220043,7.12,712,5100.0,8.939843124278502,25.3,0,0,0,0,1,0,0,0,0,0,0
1,0.0768,124.77,10.54534144,13.45,802,4560.0,8.070906088787819,7.4,0,0,0,0,0,0,1,0,0,0,0
1,0.1253,836.66,11.65268741,1.39,762,2160.0,10.316126864392293,49.6,1,0,0,1,1,0,0,0,0,0,0
1,0.1379,170.38,10.43857643,5.69,692,5159.958333,6.100318952020064,89.0,2,0,0,0,0,0,1,0,0,0,0
1,0.08,313.37,11.00209984,0.36,792,2520.0,7.527793987721444,12.7,0,0,0,0,1,0,0,0,0,0,0
1,0.1568,420.02,10.73630972,4.04,667,3389.958333,8.96264794774056,41.9,0,0,0,0,0,0,1,0,0,0,0
1,0.0963,385.14,11.22524339,14.93,757,4109.958333,7.741099090035366,11.3,0,0,0,0,1,0,0,0,0,0,0
1,0.1379,436.17,11.59910316,24.88,702,5280.0,10.57928509476096,85.8,0,0,0,0,0,1,0,0,0,0,0
1,0.0768,194.95,10.66895539,21.43,797,4049.958333,7.647308832356238,7.7,1,0,0,0,0,0,0,0,0,0,1
1,0.1632,353.14,10.77895629,20.55,672,4799.958333,8.293299358711323,97.5,0,0,1,1,0,0,1,0,0,0,0
1,0.1095,170.12,11.30220443,10.34,692,8948.0,10.16481281589039,89.6,1,0,0,0,1,0,0,0,0,0,0
1,0.16,527.36,10.81977828,7.92,702,4139.958333,8.685922794690725,98.6,1,0,0,1,0,0,0,0,0,0,1
1,0.1189,238.79,10.69203582,6.98,712,5040.0,9.120962560824966,25.5,0,0,0,0,0,1,0,0,0,0,0
1,0.1189,198.99,11.15625052,7.23,722,2249.958333,8.510369966068112,53.4,0,0,0,0,1,0,0,0,0,0,0
1,0.1284,336.18,11.7905572,2.0,712,9209.958333,8.149890544402423,21.6,0,0,0,0,0,1,0,0,0,0,0
1,0.1474,172.69,10.95080655,9.81,687,6120.0,8.112527763478637,45.1,2,0,0,1,0,0,0,1,0,0,0
1,0.1221,199.89,10.59663473,0.6,747,3779.958333,5.697093486505405,5.8,0,0,0,0,0,0,0,0,0,1,0
1,0.1568,210.01,10.858999,23.35,667,3870.0,8.87640491500694,62.3,1,0,0,0,0,0,1,0,0,0,0
1,0.1316,432.26,11.03488966,3.74,707,2339.958333,8.734721003944811,20.8,0,0,0,0,0,0,1,0,0,0,0
1,0.1253,560.56,10.71441777,22.45,712,4139.958333,9.381010986029276,45.1,1,0,0,0,0,0,1,0,0,0,0
1,0.1379,170.38,10.4487146,7.41,697,12390.0,6.542471960506805,23.1,1,0,0,0,0,0,1,0,0,0,0
1,0.1632,141.26,11.48246626,20.89,667,5669.958333,10.434380474452231,98.3,0,0,0,0,0,0,1,0,0,0,0
1,0.1474,414.45,10.93489109,3.87,677,1829.958333,8.963288275610298,37.5,1,0,0,0,0,0,1,0,0,0,0
1,0.1316,405.25,11.33857208,9.4,702,3299.958333,9.624302610338294,45.6,0,0,1,0,0,0,1,0,0,0,0
1,0.1316,324.2,10.69194491,5.21,702,13770.0,8.921591063563978,71.3,0,1,0,0,0,0,1,0,0,0,0
1,0.1537,684.73,10.84534856,11.72,687,5939.958333,10.68329396475648,92.9,0,0,0,0,0,1,0,0,0,0,0
1,0.1474,442.08,11.22524339,14.96,692,3270.0,10.117388522483406,90.1,2,1,0,0,0,1,0,0,0,0,0
1,0.08,222.49,11.08220409,13.25,757,6510.0,8.391629968440892,12.4,3,0,0,0,0,0,1,0,0,0,0
1,0.1411,313.2,11.51292546,24.34,692,13410.0,10.742227469391723,92.9,1,1,0,1,0,0,1,0,0,0,0
1,0.1189,414.55,11.00209984,14.68,737,4230.0,9.446518601560848,34.4,1,0,0,0,0,1,0,0,0,0,0
1,0.1537,139.39,10.23995979,23.83,672,1139.958333,8.311889558230359,78.3,0,0,0,0,0,0,1,0,0,0,0
1,0.1682,533.43,11.98292909,22.57,682,3600.041667,9.630037062331072,68.7,0,2,0,0,0,0,1,0,0,0,0
1,0.1095,654.28,11.11167148,18.89,777,8909.958333,9.448096635658239,18.1,0,0,0,0,0,0,0,0,1,0,0
1,0.1568,385.02,11.15625052,14.97,662,12539.95833,9.174713194333032,50.5,0,0,0,1,0,0,0,0,1,0,0
1,0.1635,706.59,11.51288546,20.93,677,4863.0,10.031880767304527,59.5,0,0,0,0,0,0,1,0,0,0,0
1,0.08,150.42,11.03488966,1.2,787,6689.958333,8.153061946801051,10.7,4,0,0,0,0,0,0,0,1,0,0
1,0.1284,336.18,10.77895629,4.0,707,3181.0,8.902591637374087,13.8,3,1,0,0,1,0,0,0,0,0,0
1,0.1474,690.74,11.26446411,15.51,687,8580.0,9.871377498617894,49.9,2,0,0,0,0,0,1,0,0,0,0
1,0.1253,401.6,10.49127422,24.6,712,4109.958333,9.501292093295586,33.9,2,0,0,0,1,0,0,0,0,0,0
1,0.1347,379.94,11.71095632,14.28,722,5601.958333,0.0,0.0,1,1,0,1,0,0,0,1,0,0,0
1,0.0963,433.28,10.89673933,18.2,757,4431.958333,9.80460600297601,40.7,0,0,0,0,0,0,0,0,0,0,1
1,0.0768,165.32,10.33946893,0.58,812,6959.958333,7.423568444259167,8.8,1,0,0,0,0,0,1,0,0,0,0
1,0.1316,50.66,10.30895266,10.44,682,8220.0,9.298992069570746,72.4,2,1,0,0,1,0,0,0,0,0,0
1,0.1442,192.55,10.38899537,6.09,672,2279.958333,8.244334047856094,48.8,2,0,0,0,1,0,0,0,0,0,0
1,0.1221,333.15,11.22524339,11.02,712,5760.0,9.157466882369114,83.9,0,0,0,0,0,1,0,0,0,0,0
1,0.1726,150.3,10.66895539,12.31,662,2669.958333,9.185432736269998,95.9,1,0,0,0,0,0,1,0,0,0,0
1,0.1411,410.75,11.42954386,7.63,692,1979.958333,6.6240652277998935,2.5,2,2,0,1,0,0,0,0,0,0,1
1,0.1505,138.77,9.998797732,19.75,667,2341.958333,6.320768294250582,3.9,2,1,0,0,1,0,0,0,0,0,0
1,0.1568,328.14,10.59663473,14.1,662,2669.958333,8.408716715080153,25.8,0,2,0,1,1,0,0,0,0,0,0
1,0.0932,263.57,10.5865844,24.45,757,8970.0,10.294752311243151,41.1,2,0,0,0,0,1,0,0,0,0,0
1,0.1442,481.36,10.52268675,22.13,682,3329.958333,7.518064181233078,26.7,1,0,0,0,0,0,1,0,0,0,0
1,0.1253,560.56,11.00209984,8.56,727,6599.958333,10.142898076314209,38.1,0,0,0,0,0,0,0,0,1,0,0
1,0.1726,687.06,10.97934285,9.78,677,3482.0,9.939481912759504,96.0,0,0,0,0,0,0,1,0,0,0,0
1,0.1221,266.52,11.1844214,9.87,782,4829.958333,10.9124668489642,10.8,0,0,0,0,0,0,1,0,0,0,0
1,0.08,156.69,11.27720313,0.5,782,7622.0,3.5263605246161616,0.2,2,0,0,0,1,0,0,0,0,0,0
1,0.0737,543.3,11.67419361,8.61,762,3570.0,8.16763571524637,8.7,2,0,0,0,1,0,0,0,0,0,0
1,0.1221,149.92,10.78931908,16.7,712,2430.0,8.556221578383715,41.6,2,0,0,0,0,0,0,0,0,1,0
1,0.0932,255.58,10.81408209,14.99,762,3600.0,7.362645270417825,21.9,0,0,0,0,1,0,0,0,0,0,0
1,0.1682,675.68,10.81977828,18.41,667,4890.041667,9.132054453577638,85.6,2,0,1,0,0,0,1,0,0,0,0
1,0.1537,209.08,11.38531934,13.24,662,5489.958333,10.094727554837329,68.0,0,0,0,0,0,0,1,0,0,0,0
1,0.0932,159.74,10.75363848,5.05,792,5430.0,7.477604243197589,14.7,0,0,0,0,1,0,0,0,0,0,0
1,0.0788,375.37,11.60823564,16.27,762,4793.0,9.418329675518715,24.9,2,0,0,0,0,0,1,0,0,0,0
1,0.1347,407.08,11.28978191,23.83,692,6390.0,9.07829359105585,31.9,3,0,0,0,0,0,0,0,0,0,1
1,0.1316,290.43,10.73639668,7.98,702,3881.0,6.317164686747284,2.8,1,0,0,0,0,0,0,0,0,0,1
1,0.1379,68.16,10.88025231,18.07,692,3329.958333,9.699349742461278,95.9,0,0,0,0,0,1,0,0,0,0,0
1,0.1442,55.02,8.998136761,19.14,682,3779.958333,7.943427767876373,93.9,2,0,0,0,1,0,0,0,0,0,0
1,0.0963,144.43,10.54534144,0.82,747,6870.0,6.6240652277998935,27.9,1,0,0,1,1,0,0,0,0,0,0
1,0.1442,524.34,11.00209984,20.64,712,4529.958333,10.854971667978388,96.1,1,0,0,1,0,0,1,0,0,0,0
1,0.1537,519.21,10.59653473,16.89,662,3809.958333,9.65419251248905,83.3,0,0,0,0,0,0,1,0,0,0,0
1,0.16,140.63,9.775654181,1.7,677,1350.0,5.71042701737487,8.9,0,0,0,0,1,0,0,0,0,0,0
1,0.1189,596.96,11.1844214,22.3,747,3689.958333,10.065563884101888,32.9,2,0,0,0,0,0,1,0,0,0,0
1,0.1537,174.24,10.54534144,0.32,702,3090.0,5.564520407322694,10.4,1,0,0,0,1,0,0,0,0,0,0
1,0.1505,867.29,11.69524702,3.26,712,3844.0,8.062747901086354,6.2,1,1,0,0,1,0,0,0,0,0,0
1,0.1537,313.62,10.46310334,6.27,712,1199.958333,9.05193063522854,29.3,2,0,0,0,1,0,0,0,0,0,0
1,0.1253,234.27,10.12647109,21.08,717,3299.958333,8.455955881945048,61.9,1,0,0,0,0,0,1,0,0,0,0
1,0.16,457.05,10.67359577,11.08,672,2939.958333,7.762596048540069,63.5,0,0,0,0,0,0,1,0,0,0,0
1,0.0932,287.53,11.62625415,0.43,802,5460.0,6.980075940561763,3.9,1,0,0,0,0,0,0,0,0,0,1
1,0.1474,138.15,10.16600565,14.72,672,3480.0,7.709756864454165,58.7,3,0,0,0,0,0,1,0,0,0,0
1,0.0963,320.95,10.6454249,1.14,752,1859.958333,6.882437470997847,4.5,1,0,0,0,0,0,0,0,1,0,0
1,0.16,351.58,11.38504664,11.85,662,2639.958333,9.403107186631676,69.3,2,0,0,0,1,0,0,0,0,0,0
1,0.1565,699.73,11.00209984,20.74,742,6692.0,10.087099942513005,82.9,3,0,0,0,0,0,0,0,0,0,1
1,0.1663,354.7,10.16585182,4.62,687,1229.958333,8.66319648553608,54.6,1,0,0,1,1,0,0,0,0,0,0
1,0.1442,51.58,11.00209984,12.04,667,3719.958333,7.7354333524996886,47.6,1,0,0,1,1,0,0,0,0,0,0
1,0.1316,216.13,11.28978191,17.16,697,4950.0,10.027075926780746,53.9,1,0,0,0,0,1,0,0,0,0,0
1,0.1379,306.68,11.28978191,0.09,697,2853.0,8.080546965824498,10.3,0,1,0,0,1,0,0,0,0,0,0
1,0.08,313.37,12.10071213,7.26,772,13830.0,10.005231536419412,15.2,1,0,0,0,1,0,0,0,0,0,0
1,0.0963,449.32,11.73606902,7.81,747,7530.0,9.778491062361443,58.1,0,0,0,0,0,0,1,0,0,0,0
1,0.0963,307.31,10.95073637,10.72,717,1440.0,9.024733424190698,26.9,0,0,0,0,1,0,0,0,0,0,0
1,0.1411,684.58,11.60823564,13.18,702,5579.958333,10.137689731207072,80.8,0,1,0,0,0,1,0,0,0,0,0
1,0.0768,86.56,9.823361508,4.55,762,4590.0,7.1098794630722715,6.6,1,0,0,0,0,0,1,0,0,0,0
1,0.1411,123.23,10.51867319,3.31,697,3659.958333,8.142645185942795,90.4,1,1,0,0,0,0,1,0,0,0,0
1,0.1284,504.27,11.35040654,11.92,722,5489.958333,10.227851059207252,73.4,0,0,0,0,0,0,0,0,0,0,1
1,0.1505,143.97,9.392661929,5.8,682,1260.0,7.576097340623111,67.2,0,0,0,0,0,0,1,0,0,0,0
1,0.1411,123.23,10.30895266,0.04,727,6239.958333,0.6931471805599453,0.0,0,0,1,0,0,0,0,0,0,0,1
1,0.1316,67.55,10.1266311,9.55,687,5249.958333,6.455198563340122,42.3,0,0,0,1,0,0,1,0,0,0,0
1,0.1537,334.53,11.15625052,17.04,667,5580.958333,10.037843605035206,86.0,0,0,0,0,0,0,1,0,0,0,0
1,0.0963,320.95,10.77895629,13.8,742,5249.958333,9.17585244151751,60.4,2,0,0,0,0,1,0,0,0,0,0
1,0.0768,249.53,10.81977828,11.59,722,2130.0,9.136478523377727,27.9,2,0,0,0,0,0,1,0,0,0,0
1,0.0932,255.58,10.69194491,15.16,762,9300.0,10.091749761992155,49.4,0,0,0,0,0,0,1,0,0,0,0
1,0.1347,223.89,10.54534144,11.34,687,1650.0,7.789868559054706,14.3,2,0,0,0,0,0,0,0,1,0,0
1,0.08,313.37,11.3736634,4.9,797,5899.958333,10.42972382000155,57.9,3,0,0,0,0,0,1,0,0,0,0
1,0.0774,280.97,11.77535127,1.68,777,5352.958333,8.80071662871916,40.7,0,0,0,0,0,0,0,0,1,0,0
1,0.1537,95.83,11.28978191,3.55,687,1410.0,4.174387269895637,1.2,1,0,0,0,0,0,0,0,0,1,0
1,0.1663,425.64,11.47210347,15.46,672,5219.958333,10.096171896365629,97.0,1,1,0,0,0,0,0,0,0,0,1
1,0.08,282.03,10.95080655,9.62,772,5969.958333,10.951402860214577,29.8,0,0,0,0,1,0,0,0,0,0,0
1,0.0963,48.15,10.08580911,9.8,757,1619.958333,0.0,0.0,0,0,0,0,0,0,0,1,0,0,0
1,0.1253,117.14,11.75978554,19.28,702,11309.95833,9.689489552881621,54.4,3,0,0,1,1,0,0,0,0,0,0
1,0.1189,198.99,10.46321762,11.55,737,1889.958333,6.911747300251674,43.6,2,0,0,0,0,0,0,0,0,1,0
1,0.1284,201.71,10.35774282,5.83,742,11069.95833,8.948975607841776,69.4,1,0,0,1,1,0,0,0,0,0,0
1,0.1442,226.93,10.30895266,11.08,697,1199.958333,8.793915423631676,55.9,2,0,0,0,0,0,1,0,0,0,0
1,0.1505,104.08,10.63585545,18.95,662,2370.0,8.363109176033522,44.6,3,1,0,0,0,0,0,0,0,1,0
1,0.1322,676.02,11.26446411,0.65,727,1698.958333,8.545391845774915,27.2,0,0,0,1,0,0,1,0,0,0,0
1,0.1253,127.18,10.51856508,12.36,732,3749.958333,5.1298987149230735,56.0,0,0,0,0,0,0,1,0,0,0,0
1,0.1284,215.16,10.1266311,15.07,702,2430.0,8.312135107648412,23.8,0,0,0,0,0,0,1,0,0,0,0
1,0.1632,439.66,10.66886237,12.5,667,1470.0,8.951958168569265,82.1,2,0,0,0,0,0,1,0,0,0,0
1,0.1284,672.36,10.6454249,1.49,752,3900.0,7.578145472419466,6.4,5,0,0,0,0,0,0,0,1,0,0
1,0.1253,133.87,11.31442574,20.91,702,4590.0,10.504053326800506,81.0,1,0,0,0,0,0,1,0,0,0,0
1,0.1253,602.4,11.58988651,11.67,727,8220.0,9.56043370454936,61.2,1,0,0,0,0,0,0,1,0,0,0
1,0.0737,111.77,10.694079,12.38,772,2010.0,6.966967138613983,8.6,2,0,0,0,1,0,0,0,0,0,0
1,0.08,188.02,10.57131693,6.65,752,2880.0,8.409162447202533,11.1,0,0,0,0,0,0,1,0,0,0,0
1,0.1189,281.9,10.71441777,17.04,732,3719.958333,9.577757412446818,32.2,1,0,0,0,0,0,1,0,0,0,0
1,0.1189,50.58,11.5002049,8.12,677,3359.958333,10.496621008949695,84.6,0,0,0,1,1,0,0,0,0,0,0
1,0.1284,168.09,10.97002421,0.23,767,3630.0,2.4849066497880004,0.1,0,0,0,1,1,0,0,0,0,0,0
1,0.1221,333.15,10.46310334,9.53,717,3540.0,9.208939391060555,52.3,0,0,0,0,0,0,1,0,0,0,0
1,0.1379,272.61,12.06155541,2.44,687,5377.0,9.56976154158294,53.4,2,0,0,0,0,0,0,0,1,0,0
1,0.1442,51.58,10.93596004,19.85,672,4320.0,9.628984915196462,84.0,0,0,0,0,0,0,0,0,0,1,0
1,0.0963,481.42,10.77895629,12.57,712,8159.958333,2.3978952727983707,0.1,0,0,0,0,1,0,0,0,0,0,0
1,0.1663,141.0,11.47210347,18.46,682,11490.0,10.584131897372295,87.6,0,0,0,0,0,0,1,0,0,0,0
1,0.1284,504.27,10.91508846,14.99,712,6629.958333,9.157361447185297,57.8,0,0,0,0,0,0,1,0,0,0,0
1,0.0963,304.9,10.91508846,9.16,747,7049.958333,10.27377443229468,66.9,0,0,0,0,1,0,0,0,0,0,0
1,0.0768,124.77,10.49957302,0.93,742,1919.958333,7.252053951852814,67.1,0,0,0,0,1,0,0,0,0,0,0
1,0.1442,110.03,10.57131693,3.82,687,1859.958333,8.706159290928861,28.1,2,0,0,0,1,0,0,0,0,0,0
1,0.16,421.89,10.81985828,11.33,662,2730.0,9.364005219520333,67.0,2,0,0,0,0,0,1,0,0,0,0
1,0.1189,497.46,11.77528973,7.31,747,3150.0,9.173987542510384,30.0,0,0,0,0,1,0,0,0,0,0,0
1,0.08,31.34,10.1266311,9.26,742,1979.958333,8.041412909393047,31.4,0,0,0,0,1,0,0,0,0,0,0
1,0.08,175.49,11.22524339,13.31,782,5490.0,0.0,0.0,1,0,0,0,1,0,0,0,0,0,0
1,0.1221,399.78,11.00209984,17.32,727,3990.0,9.894345894618844,61.4,2,0,0,0,0,0,1,0,0,0,0
1,0.1221,326.49,11.17043516,10.48,722,6390.0,9.172742341560864,36.6,0,0,1,0,0,1,0,0,0,0,0
1,0.1411,246.45,10.66886237,13.62,702,3449.958333,7.3914152346753585,40.5,1,0,0,0,1,0,0,0,0,0,0
1,0.1189,212.25,11.00209984,1.62,797,9120.958333,8.129174996911793,6.2,2,0,0,0,1,0,0,0,0,0,0
1,0.08,188.02,11.28978191,7.75,757,3059.958333,9.429877427696281,29.8,0,0,0,0,1,0,0,0,0,0,0
1,0.1221,116.61,11.12732181,17.82,727,6719.958333,10.879178627691731,89.9,3,0,0,0,0,0,0,0,0,0,1
1,0.1474,345.37,11.73610102,9.34,677,5762.0,9.42577428022034,39.8,2,1,0,0,0,0,1,0,0,0,0
1,0.0768,155.96,10.37349118,15.0,782,3485.0,6.54534966033442,8.2,0,0,0,0,1,0,0,0,0,0,0
1,0.1221,273.19,10.4341158,8.72,732,3480.0,8.761550139129644,48.7,1,0,0,0,0,0,0,0,0,0,1
1,0.1392,109.24,11.1844214,2.2,677,5550.0,7.862112211662748,12.5,3,0,0,0,1,0,0,0,0,0,0
1,0.1284,252.14,10.46321762,21.36,707,3419.958333,9.272281773516365,61.8,0,0,0,0,0,0,1,0,0,0,0
1,0.1474,41.45,9.814656339,2.56,687,1470.0,7.448333860897476,71.5,0,0,0,0,1,0,0,0,0,0,0
1,0.1379,85.19,10.15812977,14.93,677,5430.0,7.516977224604321,73.5,0,0,0,0,1,0,0,0,0,0,0
1,0.0932,319.47,12.01971897,15.02,752,12033.0,10.935853195385311,44.3,1,0,0,0,0,0,0,0,1,0,0
1,0.1316,287.05,10.37349118,3.9,697,2250.958333,9.124019665509655,44.7,0,0,0,0,0,0,1,0,0,0,0
1,0.1316,202.63,11.15625052,23.91,692,2130.0,10.030736753451592,43.1,1,0,0,0,0,0,1,0,0,0,0
1,0.1284,33.62,10.08580911,24.35,687,3480.0,7.837554360881084,38.4,0,0,1,0,1,0,0,0,0,0,0
1,0.0932,95.85,10.08580911,0.95,762,6544.0,7.534228326274089,5.5,0,0,0,0,0,0,0,0,0,0,1
1,0.0768,187.15,12.20609265,5.61,712,3840.0,8.978029932837156,49.8,3,0,0,0,1,0,0,0,0,0,0
1,0.08,250.69,10.52002363,12.63,712,5219.958333,9.414912537704957,19.3,2,0,0,0,1,0,0,0,0,0,0
1,0.1284,181.54,10.46310334,23.07,707,1499.958333,8.965590066907914,23.9,2,0,0,0,0,0,1,0,0,0,0
1,0.1347,305.31,11.1844214,12.85,687,3510.0,8.997394645638419,58.1,0,1,0,0,0,0,1,0,0,0,0
1,0.0932,255.58,11.08214255,1.94,782,4650.0,8.254788926148725,25.6,0,0,0,0,0,0,1,0,0,0,0
1,0.1221,499.73,11.29725393,3.48,742,6780.0,9.373733918884618,44.4,0,0,0,0,0,0,1,0,0,0,0
1,0.16,285.66,11.08214255,15.88,702,5549.958333,9.972966972305931,90.6,1,0,1,1,0,0,1,0,0,0,0
1,0.08,156.69,10.91501573,7.53,762,5219.958333,8.79133399330135,25.2,0,0,0,0,0,0,1,0,0,0,0
1,0.1568,192.51,11.12726298,11.42,662,3779.958333,9.241063544619024,88.9,0,1,1,0,0,0,0,0,1,0,0
1,0.1411,198.53,11.35040654,4.62,687,2010.0,8.767173396684006,45.5,0,0,0,0,0,0,1,0,0,0,0
1,0.1221,666.3,11.66137995,9.22,807,7439.958333,0.0,0.0,2,0,0,0,0,0,0,0,1,0,0
1,0.1284,605.13,10.31374118,12.74,727,3510.0,10.003332887505843,84.7,0,0,0,0,0,0,1,0,0,0,0
1,0.2086,902.54,11.69065315,20.92,667,6300.041667,10.723597725936314,98.3,0,1,0,0,0,1,0,0,0,0,0
1,0.0768,77.98,11.05089001,14.74,747,7079.958333,10.21181748321106,42.9,1,0,0,0,1,0,0,0,0,0,0
1,0.0963,346.62,11.58058411,9.41,737,10170.0,8.349957272040324,7.1,0,0,0,0,0,0,1,0,0,0,0
1,0.1474,268.53,10.4341158,13.59,677,2040.0,10.023800718046136,73.0,0,0,0,0,0,0,0,0,0,0,1
1,0.1221,506.39,10.858999,19.32,737,3991.0,10.39543612053243,53.6,0,0,0,0,0,1,0,0,0,0,0
1,0.1221,263.19,10.81977828,7.25,737,4109.958333,7.669028288589683,6.0,3,0,0,0,1,0,0,0,0,0,0
1,0.0963,192.57,11.17883639,9.49,777,3419.958333,5.552959584921617,3.6,0,0,0,0,1,0,0,0,0,0,0
1,0.1379,238.53,11.15625052,21.53,682,1890.958333,9.02401079378469,58.9,0,0,0,0,1,0,0,0,0,0,0
1,0.0932,325.86,11.57119437,0.17,767,4409.958333,9.204724633190548,10.9,0,0,0,0,0,0,1,0,0,0,0
1,0.08,313.37,10.34817337,7.62,772,3510.0,6.851184927493743,19.7,2,0,0,1,0,0,1,0,0,0,0
1,0.1537,139.39,9.996431298,1.91,662,2760.0,5.916202062607435,21.8,1,0,0,0,0,0,1,0,0,0,0
1,0.1189,464.3,10.37349118,17.81,737,5790.0,8.429017500512511,16.2,2,0,0,0,0,0,1,0,0,0,0
1,0.16,215.34,11.1123882,16.25,667,4859.958333,8.637107288081575,49.9,2,1,0,0,0,0,1,0,0,0,0
1,0.1316,202.63,10.7701888,20.02,687,3240.0,9.832796811913358,70.6,1,0,0,0,0,0,1,0,0,0,0
1,0.1379,115.86,11.05089001,20.11,692,3990.0,9.809890903798543,56.4,1,0,0,0,0,1,0,0,0,0,0
1,0.0963,115.54,11.31812639,0.58,762,1499.958333,6.745236349484363,1.9,0,0,0,0,1,0,0,0,0,0,0
1,0.1221,233.21,9.210340372,0.0,717,1334.0,0.0,0.0,2,0,0,0,0,0,0,1,0,0,0
1,0.1253,200.8,10.89673933,6.36,742,2790.0,7.32052696227274,50.3,1,0,0,0,1,0,0,0,0,0,0
1,0.0737,111.77,10.6454249,6.57,772,4529.958333,7.8328075165248645,22.1,0,0,0,0,1,0,0,0,0,0,0
1,0.08,238.16,10.40426284,12.29,777,8310.0,7.498869733976931,8.7,2,0,0,0,0,0,1,0,0,0,0
1,0.0963,481.42,11.22524339,24.5,787,6540.0,8.620651899784468,11.3,0,0,0,0,0,0,1,0,0,0,0
1,0.1758,790.73,12.21602298,14.03,667,3540.0,10.342032763912483,79.8,3,0,0,1,0,0,1,0,0,0,0
1,0.1221,266.52,10.46310334,1.3,732,1652.0,7.909489492673759,36.8,2,0,0,0,0,0,0,0,0,0,1
1,0.1189,397.97,11.46154796,1.92,742,6904.0,9.615138591096644,25.0,1,0,0,0,0,0,1,0,0,0,0
1,0.1379,340.76,10.49127422,12.3,732,8130.958333,8.814330422638774,97.5,1,0,0,1,0,0,0,0,1,0,0
1,0.1474,448.98,10.46310334,16.39,677,2790.0,9.958212452225375,87.3,3,0,0,0,0,0,1,0,0,0,0
1,0.1568,367.52,11.00209984,14.42,677,5490.0,10.092122471386675,61.1,3,0,0,0,1,0,0,0,0,0,0
1,0.1316,506.56,10.34174248,13.16,757,6450.0,8.501876487304344,70.3,2,0,0,0,0,0,1,0,0,0,0
1,0.1411,513.44,11.05089001,22.67,702,3150.0,10.196306409093062,92.7,0,0,0,0,0,0,1,0,0,0,0
1,0.1284,228.61,9.903487553,14.58,687,2249.0,8.959825623865841,84.6,0,0,0,0,0,0,0,1,0,0,0
1,0.0932,415.31,11.40756495,8.51,782,4230.0,9.206131527202128,29.6,0,0,0,0,0,0,1,0,0,0,0
1,0.08,250.69,11.51288546,4.32,712,7109.958333,8.56845648535378,28.4,0,1,0,0,1,0,0,0,0,0,0
1,0.1221,533.04,10.96819829,7.49,772,3719.958333,9.224736252259914,15.6,0,0,0,0,0,0,0,0,0,0,1
1,0.0963,256.76,10.83958091,0.24,792,3389.958333,4.890349128221754,6.6,3,0,0,0,1,0,0,0,0,0,0
1,0.1316,515.0,11.1844214,17.68,722,5310.0,8.81877816903701,0.0,3,0,0,0,0,0,0,0,0,0,1
1,0.0932,76.68,10.90595598,4.69,737,5609.958333,7.68937110752969,72.1,1,0,0,0,0,1,0,0,0,0,0
1,0.1347,508.84,10.6454249,14.34,712,4559.958333,9.064736398117391,47.0,0,0,0,0,0,0,0,0,1,0,0
1,0.0963,102.71,10.63933496,19.58,717,8340.0,8.776475789346321,38.1,1,0,0,0,0,1,0,0,0,0,0
1,0.08,338.43,11.81303006,6.82,792,4710.0,9.233373071086755,19.1,2,0,0,0,0,0,0,0,1,0,0
1,0.1442,343.83,10.91508846,23.41,682,3419.958333,9.92059046043579,86.0,0,0,0,0,0,0,1,0,0,0,0
1,0.1316,378.23,11.06350847,4.25,732,5219.958333,9.093581811365986,19.1,3,0,0,1,0,0,0,0,0,0,1
1,0.1442,469.33,11.06563786,22.43,682,3510.0,10.458751025732687,68.1,1,1,0,0,0,1,0,0,0,0,0
1,0.1316,324.2,9.998797732,16.36,732,4139.958333,9.327856705404022,93.7,0,0,0,0,0,0,0,0,1,0,0
1,0.1379,163.57,11.25609586,16.93,677,4980.0,9.859901324373205,33.9,3,0,0,0,0,1,0,0,0,0,0
1,0.1253,334.67,11.40756495,20.4,762,12209.95833,10.270662181355965,21.1,1,0,0,0,1,0,0,0,0,0,0
1,0.1189,149.24,10.87221892,13.03,722,2729.958333,6.7464121285733745,14.2,0,1,0,0,1,0,0,0,0,0,0
1,0.0963,449.32,11.22524339,1.94,812,3389.958333,10.71555046034839,6.4,0,0,0,0,1,0,0,0,0,0,0
1,0.16,112.51,9.903487553,6.3,677,1259.958333,7.447751280047908,39.9,0,0,0,0,0,0,0,1,0,0,0
1,0.08,156.69,10.4341158,15.85,767,10170.0,8.656781205623291,12.3,0,1,0,0,0,1,0,0,0,0,0
1,0.1189,165.82,10.11633831,6.69,717,8489.958333,9.186559843310778,22.7,3,0,0,0,1,0,0,0,0,0,0
1,0.0932,95.85,10.87804719,11.34,782,5279.958333,6.583409222158765,3.2,0,0,0,0,0,0,1,0,0,0,0
1,0.1474,621.67,10.93310697,16.33,682,3270.0,9.822928044677711,65.2,2,0,0,0,0,1,0,0,0,0,0
1,0.1411,136.92,11.22524339,15.63,672,4469.958333,8.832879460277615,53.6,0,0,0,0,0,0,0,1,0,0,0
1,0.1221,346.48,11.32962743,13.81,722,3150.0,9.776278985795086,76.9,0,0,0,0,0,1,0,0,0,0,0
1,0.1189,58.04,10.8620712,2.65,712,8819.958333,8.00736706798333,5.1,3,1,0,0,0,1,0,0,0,0,0
1,0.0932,247.59,11.30220443,13.11,757,6090.0,9.827739775097854,29.6,0,0,0,0,0,1,0,0,0,0,0
1,0.1758,503.19,11.36210258,21.93,662,3570.0,9.851773116849449,95.0,0,0,1,0,0,0,1,0,0,0,0
1,0.1347,165.38,10.53209621,21.09,692,3510.0,9.287394001418473,54.3,1,0,0,0,0,0,1,0,0,0,0
1,0.1189,464.3,11.58988651,11.34,732,3719.958333,10.75826451742141,37.1,0,0,0,0,0,0,0,0,1,0,0
1,0.1347,254.42,11.08214255,13.75,722,7140.0,10.604379663543519,66.7,1,0,0,0,0,0,1,0,0,0,0
1,0.1347,409.62,11.63539085,10.02,707,4169.958333,9.92627591416656,39.8,1,0,0,0,1,0,0,0,0,0,0
1,0.0963,256.76,10.71441777,1.28,777,2550.0,3.258096538021482,0.1,0,0,0,0,0,0,0,0,1,0,0
1,0.1568,87.51,10.3768605,23.88,667,1499.958333,8.996280439395015,92.8,1,0,0,1,0,0,0,1,0,0,0
1,0.1726,521.56,12.10071213,12.12,677,6961.0,11.121067360268281,61.0,0,1,0,0,0,0,1,0,0,0,0
1,0.1347,271.39,10.55093105,12.59,687,3420.958333,8.620832226175724,60.9,3,0,1,1,0,1,0,0,0,0,0
1,0.1347,106.01,10.81977828,21.62,682,11429.95833,9.505097358099926,30.0,0,0,0,0,0,0,1,0,0,0,0
1,0.1316,324.2,10.46310334,16.15,697,4204.0,9.605957144029533,79.4,0,0,0,0,0,0,1,0,0,0,0
1,0.0963,481.42,10.6666271,10.49,777,6329.958333,8.509967146324497,15.8,0,0,0,0,0,1,0,0,0,0,0
1,0.1379,67.3,11.33260191,13.42,677,5579.958333,9.340227632810604,55.0,2,2,1,0,1,0,0,0,0,0,0
1,0.0932,223.63,10.30895266,11.8,737,2160.0,8.672999642554437,30.9,1,0,0,0,0,0,1,0,0,0,0
1,0.1316,317.44,10.96812932,24.31,712,6359.958333,10.077566902136047,59.2,1,0,0,1,0,0,1,0,0,0,0
1,0.1158,594.25,11.49272276,5.08,752,3994.0,8.977398978181862,14.2,0,0,0,0,0,0,0,0,0,0,1
1,0.1474,55.26,9.210340372,18.12,667,1710.0,8.649098262296176,80.3,0,0,0,0,0,1,0,0,0,0,0
1,0.0963,224.66,10.77895629,10.35,757,5519.958333,7.653969180478774,10.9,1,0,0,0,1,0,0,0,0,0,0
1,0.1284,67.24,9.61580548,15.28,707,1290.0,7.343426229147367,18.6,1,0,0,0,1,0,0,0,0,0,0
1,0.1316,405.25,10.44278401,23.06,687,3719.958333,8.565030520830398,27.5,1,1,0,0,0,0,1,0,0,0,0
1,0.0932,383.37,10.89673933,6.58,787,5340.0,8.575650760987806,31.2,0,0,0,0,0,1,0,0,0,0,0
1,0.1347,678.46,10.6454249,19.89,722,4169.958333,9.931297253175396,97.0,0,0,0,0,0,0,1,0,0,0,0
1,0.0932,95.85,10.71441777,17.04,737,4950.0,7.605890001053122,14.3,0,0,0,0,1,0,0,0,0,0,0
1,0.1253,167.34,10.87804719,14.08,707,3809.958333,9.39715183404299,87.3,3,0,0,0,0,0,0,0,1,0,0
1,0.0932,239.61,10.858999,22.83,757,5010.0,7.277938572945661,6.9,3,0,0,0,0,0,0,0,1,0,0
1,0.0963,417.23,10.93310697,6.81,747,3719.958333,9.973806211445082,27.7,1,0,0,0,0,1,0,0,0,0,0
1,0.1095,327.14,11.08214255,11.72,737,2766.958333,7.097548850614793,3.5,2,0,0,0,0,0,0,0,0,0,1
1,0.16,878.94,12.06681058,15.43,687,5249.958333,10.463417576808427,65.7,1,0,1,0,0,1,0,0,0,0,0
1,0.1379,579.29,10.81977828,16.0,707,3210.0,9.776449319365405,76.6,2,0,0,0,0,0,1,0,0,0,0
1,0.16,158.21,10.37349118,17.48,672,1320.0,7.247792581767846,93.6,3,0,0,0,0,0,0,0,0,0,1
1,0.08,172.35,11.00874438,22.45,752,4234.0,9.54873932271967,51.4,0,0,0,0,0,1,0,0,0,0,0
1,0.0963,32.1,8.612503371,3.71,767,1650.0,6.340359303727752,8.6,0,0,0,0,1,0,0,0,0,0,0
1,0.1411,616.12,10.91508846,14.49,692,2580.958333,9.902336890778733,81.2,2,0,0,0,0,0,1,0,0,0,0
1,0.0963,96.29,10.30895266,0.68,717,2820.0,6.795705775173514,38.8,0,0,0,0,1,0,0,0,0,0,0
1,0.1379,170.38,10.79949394,0.73,687,8549.958333,8.002359546252707,49.8,0,0,0,0,1,0,0,0,0,0,0
1,0.1189,198.99,11.3736634,19.38,727,5609.958333,10.668676285961045,89.0,1,0,0,1,1,0,0,0,0,0,0
1,0.1726,629.81,11.17717297,11.65,667,4799.958333,10.236919457744461,88.6,0,2,0,0,0,0,1,0,0,0,0
1,0.08,101.85,10.59663473,10.26,747,7560.0,9.82379478362688,30.9,3,0,0,0,0,1,0,0,0,0,0
1,0.1537,348.47,11.23848862,12.55,667,1407.0,8.606485298894999,42.4,2,0,0,0,1,0,0,0,0,0,0
1,0.1316,324.2,11.6351431,0.0,737,8429.958333,9.771897132148531,95.8,0,0,0,0,1,0,0,0,0,0,0
1,0.0768,99.81,10.95960979,9.24,747,3120.0,8.063692634269517,22.7,1,0,0,0,1,0,0,0,0,0,0
1,0.1158,792.33,11.39184199,22.69,752,4889.958333,10.233043066543942,32.3,1,0,0,0,0,1,0,0,0,0,0
1,0.08,282.03,11.31208142,8.98,777,10019.95833,10.551035721777897,50.4,0,0,0,0,1,0,0,0,0,0,0
1,0.1287,807.2,12.10342002,15.35,722,2940.0,11.405707670081055,43.6,1,0,0,0,1,0,0,0,0,0,0
1,0.0932,185.3,10.6454249,9.97,712,5639.958333,7.9909154630913255,88.0,0,0,0,0,1,0,0,0,0,0,0
1,0.1126,690.13,12.50617724,7.26,757,7739.958333,11.773025629835935,62.0,2,0,0,0,0,0,0,0,1,0,0
1,0.1189,472.59,11.38452375,12.2,752,4889.958333,3.6888794541139363,0.3,3,0,0,0,0,0,0,0,0,0,1
1,0.0768,109.17,11.05089001,18.46,752,7799.958333,7.913521017283895,7.6,0,0,0,0,0,0,0,0,1,0,0
1,0.1253,359.77,10.12647109,14.74,697,1979.958333,9.62747051161485,53.2,3,0,0,0,0,0,1,0,0,0,0
1,0.1379,136.31,9.903487553,24.72,682,2579.958333,8.886270902072013,95.1,0,0,0,0,1,0,0,0,0,0,0
1,0.0768,46.79,10.04342339,4.33,747,4620.0,7.789040401657477,10.3,2,0,0,0,0,0,0,0,0,1,0
1,0.1221,99.95,10.30895266,9.88,702,5040.0,8.600062669238532,86.2,2,0,0,1,0,0,1,0,0,0,0
1,0.1426,140.66,10.30895266,15.84,667,4709.958333,8.249575150000199,83.2,3,0,0,0,0,0,1,0,0,0,0
1,0.0963,385.14,11.5228758,15.15,752,4350.0,9.869258360985468,25.0,2,0,0,0,0,0,1,0,0,0,0
1,0.1411,684.58,12.15477935,21.4,682,5430.0,9.436040652072082,30.1,2,0,0,0,0,0,1,0,0,0,0
1,0.0963,224.66,11.54334797,16.33,732,6218.0,10.252946523854552,44.7,1,0,0,0,0,1,0,0,0,0,0
1,0.1253,133.87,10.858999,1.34,742,1770.0,7.77779262633883,11.3,4,0,0,1,0,0,0,0,1,0,0
1,0.1221,359.81,10.30895266,0.4,762,1800.0,5.54907608489522,0.4,2,0,0,0,0,0,0,0,0,0,1
1,0.1218,319.68,10.71441777,3.84,752,1982.041667,0.0,0.0,5,0,0,0,0,0,1,0,0,0,0
1,0.1221,283.18,10.1266311,18.48,702,3313.0,7.734121303328305,4.7,2,2,0,1,1,0,0,0,0,0,0
1,0.1253,93.71,10.77895629,10.63,752,2070.0,5.225746673713202,1.3,1,0,0,0,0,0,0,0,1,0,0
1,0.0768,109.17,11.49272276,10.1,752,4414.0,11.264874277949835,44.1,0,0,0,0,0,1,0,0,0,0,0
1,0.1126,492.95,11.42954386,9.57,732,6090.0,9.48189306249808,11.8,0,0,0,0,0,0,0,0,0,0,1
1,0.1158,825.34,11.1844214,5.88,752,3480.0,9.093694189856862,29.1,1,0,0,1,1,0,0,0,0,0,0
1,0.1126,279.34,10.1266311,18.82,712,2850.0,9.26672070541229,47.2,1,0,0,0,0,0,1,0,0,0,0
1,0.0963,96.29,10.858999,6.83,722,5040.0,7.98514393119862,43.2,1,1,0,0,1,0,0,0,0,0,0
1,0.1284,268.95,11.08980542,17.11,702,5173.958333,8.867286523989415,54.6,2,0,0,0,0,0,1,0,0,0,0
1,0.16,281.26,11.15625052,17.21,752,4380.0,10.18855370645454,35.6,7,0,0,0,0,0,0,0,0,0,1
1,0.0932,95.85,10.37361617,2.92,732,6126.0,7.515889085215125,27.0,1,0,0,0,1,0,0,0,0,0,0
1,0.1158,792.33,10.75798798,14.53,747,5370.0,9.771383711902791,32.4,2,0,0,0,0,0,1,0,0,0,0
1,0.0963,192.57,11.22524339,18.67,732,5700.0,8.968268810776454,40.5,1,0,0,0,0,1,0,0,0,0,0
1,0.1126,65.73,10.51867319,0.91,742,1559.958333,7.106606137727303,10.3,2,0,0,0,0,0,0,0,0,0,1
1,0.1158,290.52,11.53566495,10.71,707,4680.0,10.86172604501804,73.3,1,0,0,0,0,0,0,1,0,0,0
1,0.1158,297.13,10.68510338,14.03,707,6090.0,8.94819608331224,72.6,3,0,0,1,0,0,1,0,0,0,0
1,0.0963,96.29,11.22524339,6.18,722,3600.0,10.128868598790529,78.1,1,0,0,0,0,1,0,0,0,0,0
1,0.0932,223.63,11.00209984,8.34,747,3960.0,8.11312710422178,20.2,1,0,0,0,0,0,1,0,0,0,0
1,0.1347,237.46,10.858999,9.65,692,3678.0,9.761347785375005,63.3,0,0,0,0,0,0,1,0,0,0,0
1,0.0963,80.24,10.49127422,22.1,717,3990.0,7.744136627627991,46.1,0,0,0,0,0,0,0,0,1,0,0
1,0.1537,871.16,11.16902571,17.69,697,5639.958333,10.154285180632154,92.2,0,0,0,0,0,0,1,0,0,0,0
1,0.1316,337.71,11.81303006,9.98,682,5760.0,10.119042382201663,71.3,3,1,0,0,0,0,1,0,0,0,0
1,0.1095,425.28,10.84099168,5.69,757,6810.0,9.519735011333614,41.2,0,0,0,0,0,0,1,0,0,0,0
1,0.1126,32.87,10.96819829,15.41,707,5279.958333,9.699104418939655,71.8,3,0,0,0,1,0,0,0,0,0,0
1,0.1095,163.57,11.35035948,6.54,712,1979.958333,7.311218384419629,17.2,2,0,0,0,0,0,0,0,1,0,0
1,0.0932,364.2,11.58988651,5.48,787,4499.958333,10.025837919813588,36.3,1,0,0,0,0,0,1,0,0,0,0
1,0.1158,99.05,10.81977828,3.89,732,1650.0,2.302585092994046,0.2,1,0,0,0,1,0,0,0,0,0,0
1,0.1253,184.07,10.34161344,15.21,687,1800.0,8.241703159729818,32.7,0,0,0,0,0,0,1,0,0,0,0
1,0.1221,283.18,10.91508846,23.26,697,3029.958333,8.721113147762688,37.6,0,0,0,0,0,0,0,0,0,0,1
1,0.1474,797.8,12.01370075,20.67,697,6719.958333,11.297291148645714,91.7,0,0,0,1,0,1,0,0,0,0,0
1,0.1379,681.51,11.65268741,16.57,687,3329.958333,11.171096908847732,51.7,0,0,0,0,0,0,0,0,1,0,0
1,0.1221,166.58,10.08580911,14.05,692,8769.0,8.541495483939203,73.2,0,0,1,1,0,0,1,0,0,0,0
1,0.1095,49.08,11.48242502,7.56,707,5130.0,9.20099685697303,46.1,0,0,0,0,1,0,0,0,0,0,0
1,0.1126,492.95,11.8493977,13.52,747,4919.958333,10.301961613455438,15.6,0,0,0,0,0,1,0,0,0,0,0
1,0.1221,299.84,10.46310334,23.17,697,4620.0,8.222553638396958,39.4,0,0,1,1,1,0,0,0,0,0,0
1,0.1221,333.15,10.93310697,12.64,702,7500.0,8.656259239539235,35.9,2,0,1,0,0,0,1,0,0,0,0
1,0.1253,334.67,10.97164063,22.95,697,2609.958333,9.683339510201717,78.7,0,0,0,0,0,1,0,0,0,0,0
1,0.1347,305.31,10.4392204,9.83,702,7290.0,8.406485069431817,87.7,3,0,1,0,0,0,0,0,0,0,1
1,0.08,313.37,10.81985828,1.03,807,3390.958333,7.6787889981991535,13.2,0,0,0,0,0,0,0,0,1,0,0
1,0.1316,121.58,10.1266311,9.79,697,1680.0,7.549082710812286,34.5,3,0,0,0,0,0,0,0,0,1,0
1,0.1158,429.18,10.96819829,9.43,722,4320.0,9.40713994795079,59.6,1,0,0,0,0,0,1,0,0,0,0
1,0.0963,385.14,11.19547123,9.26,752,2969.958333,8.31581113188354,23.4,0,0,0,1,1,0,0,0,0,0,0
1,0.08,188.02,10.91508846,13.11,787,4321.0,11.103919093985695,3.2,0,0,0,0,1,0,0,0,0,0,0
1,0.1253,259.37,10.71441777,11.01,767,2580.0,7.488293515159428,4.3,7,0,0,0,0,0,0,0,1,0,0
1,0.1221,233.21,9.61580548,2.4,717,1320.0,8.283241441385425,38.8,0,0,0,0,1,0,0,0,0,0,0
1,0.1126,607.98,11.21446552,8.73,742,3570.0,9.898123190036978,17.3,0,0,0,0,0,0,1,0,0,0,0
1,0.08,219.36,10.69098991,16.27,757,5249.958333,9.570529135214711,35.3,0,0,0,1,0,0,0,0,0,1,0
1,0.1095,327.14,10.40092394,24.88,727,3726.958333,9.255600503381046,33.9,1,0,0,0,0,0,1,0,0,0,0
1,0.1474,697.65,10.32127641,10.19,692,2940.0,9.911852468867755,89.6,0,0,0,0,0,0,1,0,0,0,0
1,0.0963,160.48,11.15619338,16.17,732,7680.0,9.170039075202657,38.1,0,1,0,0,1,0,0,0,0,0,0
1,0.1189,165.82,10.77895629,10.25,702,2940.0,6.584791392385716,30.1,3,0,1,0,1,0,0,0,0,0,0
1,0.1253,435.07,11.33857208,17.0,702,4950.0,9.599066156080049,66.1,1,0,0,0,0,0,1,0,0,0,0
1,0.0963,38.52,10.95080655,16.67,717,2190.0,7.093404625868766,14.9,3,0,0,1,0,0,1,0,0,0,0
1,0.1284,235.33,10.59653473,8.52,707,3150.0,5.7430031878094825,6.8,1,0,0,0,0,0,0,0,0,1,0
1,0.1189,414.55,11.1844214,0.25,767,7409.958333,5.267858159063328,0.5,2,0,0,0,0,1,0,0,0,0,0
1,0.1253,167.34,11.04285783,8.95,687,2790.0,8.224431573221159,66.6,1,0,0,0,1,0,0,0,0,0,0
1,0.0768,265.13,10.25765937,2.23,712,1499.958333,7.6984827878809465,19.2,0,0,0,0,1,0,0,0,0,0,0
1,0.1221,106.61,10.22557105,14.0,687,3981.0,8.084562415235304,24.0,2,0,0,0,0,0,1,0,0,0,0
1,0.0963,481.42,11.8493977,10.13,782,15089.95833,8.292047637431354,9.5,1,0,0,1,0,0,0,0,0,0,1
1,0.1158,396.17,10.59663473,11.07,717,7230.0,9.769727562356604,60.3,0,1,0,0,0,0,0,0,0,0,1
1,0.1221,266.52,10.97780715,4.94,692,4079.958333,9.015905747298426,42.4,3,0,0,0,0,0,1,0,0,0,0
1,0.1126,460.09,10.86650919,18.16,727,2910.0,9.773321917959331,52.7,0,0,0,0,1,0,0,0,0,0,0
1,0.0932,332.25,11.35040654,5.41,757,5549.958333,9.963876852548912,24.7,0,2,0,0,1,0,0,0,0,0,0
1,0.0963,104.31,8.987196821,13.8,722,4380.0,8.544224530467268,34.9,2,0,0,1,0,0,1,0,0,0,0
1,0.1126,410.8,10.858999,12.21,732,3180.0,9.438988743924838,57.7,2,0,0,0,0,1,0,0,0,0,0
1,0.1253,334.67,10.818177,3.37,717,2626.0,9.0068768914288,31.5,0,0,0,0,1,0,0,0,0,0,0
1,0.1253,281.12,10.77895629,17.95,687,4590.0,9.470008697972764,72.4,1,0,0,0,0,0,1,0,0,0,0
1,0.1537,296.2,10.29282328,20.65,682,4351.0,9.391661428436555,98.3,1,0,1,0,0,0,1,0,0,0,0
1,0.1126,295.77,10.08163374,13.76,722,5400.0,8.741296282225147,34.4,0,0,0,0,0,0,1,0,0,0,0
1,0.1095,261.71,10.04966366,14.46,727,3510.0,8.889032571874742,25.6,1,0,0,1,1,0,0,0,0,0,0
1,0.1221,106.61,9.61580548,16.88,692,2070.0,8.718663567048953,43.1,3,0,0,1,1,0,0,0,0,0,0
1,0.1284,605.13,11.20504069,7.69,717,3217.0,8.460622839927844,78.7,0,0,0,0,0,0,1,0,0,0,0
1,0.1316,229.64,11.69107165,3.07,692,9929.958333,8.480736654405622,67.9,1,0,1,0,0,0,0,0,1,0,0
1,0.1189,99.5,11.00209984,12.06,692,3749.958333,8.920389060080359,59.9,1,1,0,0,0,0,0,1,0,0,0
1,0.1221,666.3,11.15625052,18.46,737,9840.0,8.665957964681349,11.8,0,0,0,0,0,0,0,0,0,0,1
1,0.1284,336.18,11.03495418,19.49,692,5219.958333,9.295692039075686,57.0,2,0,0,0,0,0,1,0,0,0,0
1,0.1126,591.54,11.69524702,5.99,767,6689.958333,9.640302951684735,41.7,4,0,0,1,0,0,1,0,0,0,0
1,0.1411,855.73,12.07254125,17.75,707,4260.0,11.24161530503541,44.5,2,0,0,1,0,0,0,0,0,0,1
1,0.1284,53.79,10.56100756,2.46,682,3180.0,7.638679823876112,83.0,1,0,0,0,0,0,0,0,1,0,0
1,0.1253,209.17,11.69524702,6.73,687,7869.958333,9.010302809376448,65.0,2,3,0,0,0,0,0,1,0,0,0
1,0.08,156.69,11.68687877,15.76,767,11099.95833,10.91437912178165,24.4,3,0,0,0,0,1,0,0,0,0,0
1,0.1126,402.58,10.23981692,14.7,682,1619.958333,8.870803443982124,31.9,0,0,0,0,1,0,0,0,0,0,0
1,0.1537,501.79,10.70772878,12.59,722,6840.0,9.897871813750493,99.4,0,0,0,0,1,0,0,0,0,0,0
1,0.1392,408.79,11.00209984,23.14,702,7889.958333,9.647433337764658,96.1,1,0,0,0,0,0,1,0,0,0,0
1,0.1347,288.35,11.73606902,14.86,692,8010.0,10.227344839931181,95.5,0,0,0,0,0,1,0,0,0,0,0
1,0.1221,373.13,10.41930072,5.55,702,2130.0,9.581903928408666,33.4,1,0,0,0,0,0,1,0,0,0,0
1,0.1095,490.71,11.08214255,5.7,762,3809.958333,7.812782818577581,15.1,0,0,0,0,0,0,0,0,1,0,0
1,0.1126,262.91,10.12647109,0.34,747,6689.958333,5.860786223465865,1.7,1,0,0,1,1,0,0,0,0,0,0
1,0.1221,149.92,9.798127037,9.27,727,7560.0,7.670428522190693,85.7,1,0,0,0,0,0,0,0,0,1,0
1,0.1158,825.34,11.56171563,13.36,752,4980.0,9.686698766859926,36.9,2,0,0,0,0,0,0,0,1,0,0
1,0.1284,484.1,11.01856357,10.21,697,5310.0,8.30844552038576,28.4,0,0,0,0,0,0,1,0,0,0,0
1,0.1347,325.66,11.70006042,13.99,677,5817.0,9.87091270660395,31.4,2,0,0,0,0,0,0,0,1,0,0
1,0.0768,112.29,11.00209984,0.5,757,3029.958333,7.8632667240095735,9.9,2,0,0,0,0,0,0,0,1,0,0
1,0.1221,199.89,10.81134281,23.11,692,3540.0,10.03504199227643,59.9,1,0,0,1,0,1,0,0,0,0,0
1,0.1379,613.36,10.81977828,12.91,687,5430.0,8.711607995897575,83.2,3,0,1,0,0,0,1,0,0,0,0
1,0.0751,217.77,10.54534144,17.43,747,1681.041667,7.9017475185201445,9.1,0,0,0,0,0,0,0,1,0,0,0
1,0.1158,528.22,11.44678566,8.64,727,8789.958333,11.121304088682715,68.8,0,0,0,0,1,0,0,0,0,0,0
1,0.0963,256.76,11.15630766,7.56,737,3359.958333,9.129889247578555,58.0,1,0,0,0,1,0,0,0,0,0,0
1,0.1316,50.66,10.6454249,17.26,672,3457.958333,7.899153483343097,72.8,1,0,1,1,1,0,0,0,0,0,0
1,0.1284,268.95,10.49127422,8.8,692,1979.958333,8.231376045573969,85.4,0,0,0,0,0,0,1,0,0,0,0
1,0.0963,96.29,10.858999,12.0,742,4020.0,8.646465527120377,30.0,5,0,0,0,0,1,0,0,0,0,0
1,0.1253,174.03,10.1266311,12.34,697,4529.958333,8.929170383139624,53.9,1,0,0,0,0,0,1,0,0,0,0
1,0.1221,99.95,10.91501573,11.89,697,2651.958333,8.161660452056282,30.5,0,0,0,0,1,0,0,0,0,0,0
1,0.1158,396.17,10.82972862,17.8,717,3329.958333,8.840580188488795,51.9,1,0,0,0,0,0,1,0,0,0,0
1,0.1474,690.74,11.70501582,15.58,687,10619.95833,10.412952250662777,44.6,1,1,0,0,0,0,0,0,1,0,0
1,0.1189,636.75,11.46163217,7.58,732,3720.958333,9.547312483639047,20.3,0,0,0,0,1,0,0,0,0,0,0
1,0.1126,131.46,10.91508846,2.62,742,1537.958333,8.32117830749028,23.2,0,0,0,0,0,0,0,0,0,1,0
1,0.1189,397.97,11.07293102,0.41,742,3119.958333,6.021023349349527,1.9,1,0,0,0,1,0,0,0,0,0,0
1,0.0963,96.29,10.71441777,5.36,742,2279.958333,9.232395362757014,75.3,2,0,0,0,1,0,0,0,0,0,0
1,0.1221,183.24,10.4341158,18.0,697,1710.0,8.688116703257823,31.2,0,0,0,0,1,0,0,0,0,0,0
1,0.1095,91.6,10.08580911,4.15,737,2669.958333,6.990256500493881,4.1,2,0,0,0,0,0,0,1,0,0,0
1,0.1189,505.76,11.40756495,9.44,737,3029.958333,8.544419177669829,24.2,0,0,0,1,0,0,0,0,0,0,1
1,0.1126,476.52,11.28983191,10.18,732,4799.958333,10.15843980036499,48.1,0,0,0,0,0,0,1,0,0,0,0
1,0.16,84.38,8.476371197,5.0,702,1320.0,5.703782474656201,99.7,0,0,0,0,1,0,0,0,0,0,0
1,0.1221,692.95,11.15625052,16.94,752,6467.0,9.570668634412817,46.7,0,0,0,0,0,1,0,0,0,0,0
1,0.0932,89.46,10.1266311,23.28,742,2279.958333,7.794411205726601,21.3,1,0,0,0,1,0,0,0,0,0,0
1,0.1461,34.48,10.6593278,17.75,677,11217.95833,9.406071615680055,95.8,1,0,0,0,0,0,0,0,1,0,0
1,0.1253,184.07,10.91348718,17.55,682,7590.0,9.866823568164536,59.5,1,0,0,0,0,0,1,0,0,0,0
1,0.1189,306.77,11.08214255,16.28,747,5204.958333,9.221478116386638,23.7,6,1,0,0,0,0,1,0,0,0,0
1,0.1442,171.92,10.46310334,3.26,677,1229.958333,8.452334619067742,27.6,0,0,0,0,0,0,0,0,0,0,1
1,0.1505,69.39,9.67501734,20.51,687,2040.0,8.496786381638575,98.0,0,0,0,0,1,0,0,0,0,0,0
1,0.0963,96.29,10.95080655,8.21,727,6029.958333,7.7142311448490855,4.3,1,0,0,0,1,0,0,0,0,0,0
1,0.0768,155.96,11.69524702,7.03,782,5707.0,7.886457270977689,23.7,0,0,0,0,0,1,0,0,0,0,0
1,0.1411,367.97,10.3072846,14.98,672,3389.958333,10.17861615891629,77.2,0,0,0,0,0,0,0,0,0,0,1
1,0.1347,101.77,10.77895629,7.08,682,1320.0,7.886457270977689,66.5,0,0,0,0,0,1,0,0,0,0,0
1,0.1284,255.5,10.71441777,0.0,757,1410.0,0.0,0.0,0,0,0,1,1,0,0,0,0,0,0
1,0.1189,378.07,11.08214255,16.52,712,3150.0,7.751475318021456,16.4,3,1,0,0,1,0,0,0,0,0,0
1,0.1158,82.54,10.95080655,19.87,697,4590.0,9.748353055586138,39.1,3,0,0,0,0,0,0,0,1,0,0
1,0.1379,654.25,11.74799759,11.43,687,5310.0,9.309642573050045,55.8,0,2,0,0,0,1,0,0,0,0,0
1,0.08,125.35,11.46163217,5.99,777,11970.0,10.350446429473651,48.1,0,0,0,0,1,0,0,0,0,0,0
1,0.1379,170.38,10.91508846,19.11,672,2309.958333,9.970772299341725,87.6,1,0,0,0,1,0,0,0,0,0,0
1,0.1158,495.21,11.22524339,21.06,722,4919.958333,10.711769821588275,61.0,3,0,0,0,0,0,1,0,0,0,0
1,0.1189,716.35,10.98529272,6.69,747,2580.0,7.765569081097317,3.4,2,0,0,0,0,0,1,0,0,0,0
1,0.0932,319.47,10.59663473,5.37,767,4290.0,9.167537249650874,31.5,0,0,0,0,0,0,0,1,0,0,0
1,0.1158,118.85,10.40426284,23.6,712,1651.958333,9.212238569259263,48.2,2,0,0,0,0,0,0,0,0,1,0
1,0.0963,385.14,11.71993963,8.52,752,4079.958333,9.597845154707354,26.0,1,0,0,0,0,0,1,0,0,0,0
1,0.1158,396.17,11.46167427,3.57,717,2160.0,9.610993923087126,39.4,0,0,0,0,1,0,0,0,0,0,0
1,0.1158,184.88,10.5454467,17.78,712,2460.0,8.398634855292102,87.1,1,0,0,0,0,1,0,0,0,0,0
1,0.1379,306.68,10.74720759,6.76,672,10471.0,8.934586870389676,51.6,0,0,0,0,0,0,1,0,0,0,0
1,0.1126,407.51,10.69638957,7.96,722,3749.958333,9.44596570079245,71.9,0,0,0,0,0,0,1,0,0,0,0
1,0.1316,506.56,10.81977828,15.36,707,4559.958333,9.312806703520673,50.6,0,0,0,0,0,0,0,0,0,0,1
1,0.0768,212.1,10.54828447,22.98,772,3686.0,8.020270472819238,7.7,3,0,0,0,0,0,1,0,0,0,0
1,0.08,313.37,11.12197846,6.72,782,6299.958333,8.014004994779459,16.4,1,0,0,0,0,0,0,0,1,0,0
1,0.0768,112.29,10.71441777,2.0,762,2940.0,8.104703468371108,14.3,2,0,0,0,0,0,0,0,0,1,0
1,0.1095,98.15,10.30895266,13.32,707,3059.958333,8.867850063029406,36.0,0,0,0,0,1,0,0,0,0,0,0
1,0.0932,191.69,10.858999,12.48,742,3420.958333,9.170455438277267,26.8,0,0,0,0,1,0,0,0,0,0,0
1,0.1126,328.64,10.4341158,14.93,722,4980.0,9.162095059348188,35.8,1,0,0,0,0,0,0,0,1,0,0
1,0.0932,223.63,10.59653473,0.3,747,1649.958333,7.028201432058005,11.7,0,0,0,0,1,0,0,0,0,0,0
1,0.0932,204.46,10.59663473,24.0,737,5430.0,10.326825322178923,54.3,0,0,0,0,0,0,1,0,0,0,0
1,0.1158,297.13,11.00209984,15.72,732,1680.0,3.1780538303479458,0.1,1,0,0,0,1,0,0,0,0,0,0
1,0.1347,576.69,11.08214255,7.03,687,2880.0,9.8011225458581,40.6,2,0,0,0,0,0,1,0,0,0,0
1,0.08,206.82,10.59663473,12.39,757,7980.0,9.314069557738659,39.6,0,0,0,0,0,0,1,0,0,0,0
1,0.1635,254.37,11.31447453,8.97,662,6329.958333,9.21890360263667,33.5,3,0,0,0,0,0,0,0,1,0,0
1,0.1126,105.17,10.59653473,0.72,797,4949.958333,3.2188758248682006,8.0,5,0,0,0,0,0,1,0,0,0,0
1,0.1316,159.57,9.680344001,14.55,697,3449.958333,8.997889450200717,93.5,0,0,0,0,0,0,1,0,0,0,0
1,0.1411,308.06,10.81985828,8.21,672,3449.958333,9.888221618865694,86.8,1,0,0,1,0,0,1,0,0,0,0
1,0.0932,159.74,11.21182037,14.43,742,4590.0,6.9874902470009905,32.8,0,0,0,0,0,1,0,0,0,0,0
1,0.1253,234.27,11.13750448,6.2,722,4139.958333,0.0,0.0,0,1,0,0,1,0,0,0,0,0,0
1,0.1095,147.22,10.62132735,13.26,717,2190.0,8.187855443695623,33.0,3,0,0,0,1,0,0,0,0,0,0
1,0.1316,506.56,11.12732181,7.01,697,4650.0,9.57366316988638,48.9,1,0,0,0,0,0,1,0,0,0,0
1,0.1311,506.18,11.35040654,8.24,697,3205.041667,9.275285060616564,82.7,0,0,0,0,0,0,1,0,0,0,0
1,0.1411,684.58,11.1844214,23.62,687,2622.958333,10.333287485659087,76.8,0,0,0,0,0,1,0,0,0,0,0
1,0.1126,821.59,11.33857208,7.0,772,7170.0,8.703672758358856,39.9,3,0,0,1,0,0,0,0,1,0,0
1,0.1189,198.99,10.81977828,9.77,697,4590.0,9.640693195592126,50.6,1,0,0,0,0,0,1,0,0,0,0
1,0.1158,184.88,11.08214255,16.84,707,3749.958333,10.372991056740181,58.3,0,0,0,0,0,1,0,0,0,0,0
1,0.1189,663.28,10.78103746,10.55,792,5022.0,10.883466444093015,0.2,5,0,0,1,0,0,0,0,0,0,1
1,0.1126,315.49,10.59653473,23.52,717,3359.958333,9.036701015565063,42.6,2,0,0,1,1,0,0,0,0,0,0
1,0.1379,306.68,11.00209984,20.5,682,6810.0,9.8230906154641,83.9,1,0,0,0,0,0,1,0,0,0,0
1,0.1095,327.14,11.35035948,3.81,777,9420.0,0.0,0.0,1,0,0,0,1,0,0,0,0,0,0
1,0.1221,199.89,11.77528973,15.14,687,13140.0,6.90875477931522,71.4,2,3,0,0,0,1,0,0,0,0,0
1,0.1126,558.68,11.08220409,4.41,762,6570.0,7.538494999413465,7.2,0,0,0,0,0,0,1,0,0,0,0
1,0.1442,221.77,10.34174248,20.48,672,2070.0,9.801786997709788,87.7,0,0,0,0,0,0,0,1,0,0,0
1,0.1284,487.46,10.54534144,18.66,697,4921.958333,9.48562086171022,76.6,1,0,0,0,0,0,1,0,0,0,0
1,0.1189,530.63,11.12726298,4.29,712,3059.958333,9.268797941547751,75.7,2,0,0,0,0,1,0,0,0,0,0
1,0.1189,315.06,11.08214255,13.85,707,2190.0,9.256173788319355,52.3,1,0,0,0,1,0,0,0,0,0,0
1,0.1189,563.79,10.71441777,19.44,722,3660.0,9.16785032035523,38.5,3,0,0,0,0,0,1,0,0,0,0
1,0.0963,96.29,10.99036458,9.59,717,2969.958333,8.07775756373692,10.1,1,2,0,0,0,1,0,0,0,0,0
1,0.1126,591.54,11.95632841,7.34,762,3749.958333,11.163750894206132,14.3,1,0,0,0,0,0,0,1,0,0,0
1,0.0932,151.75,9.740968623,18.28,737,2430.0,6.736966958001855,6.4,2,0,0,0,0,0,0,1,0,0,0
1,0.08,156.69,11.08214255,3.77,752,4230.0,9.099073559547596,44.1,1,0,0,0,1,0,0,0,0,0,0
1,0.1316,108.07,10.75790288,11.0,672,3900.0,8.123261319121745,48.2,1,0,0,1,0,0,1,0,0,0,0
1,0.0963,385.14,10.49127422,15.0,752,5880.0,9.919803717021065,38.1,0,0,0,1,1,0,0,0,0,0,0
1,0.1253,117.14,10.49127422,16.23,692,1559.958333,8.054204897064407,40.3,2,0,0,0,0,0,0,1,0,0,0
1,0.1158,237.7,11.35040654,0.41,757,4770.0,7.335633981927201,16.3,2,0,0,0,0,0,0,0,0,0,1
1,0.1474,189.96,11.50962001,14.35,667,3330.0,9.834137474401334,91.0,0,0,0,0,0,1,0,0,0,0,0
1,0.1158,330.14,11.03488966,24.62,727,9091.0,10.02605910492431,57.4,0,0,0,0,0,0,1,0,0,0,0
1,0.0932,143.77,11.52682837,6.86,737,6031.958333,7.631431664576906,5.0,0,1,0,0,0,0,0,0,0,1,0
1,0.16,351.58,10.49127422,20.2,662,4169.958333,10.137571043888672,93.6,0,0,0,0,0,0,1,0,0,0,0
1,0.08,188.02,10.59663473,13.23,752,3960.0,9.389824573949976,58.9,0,0,0,0,1,0,0,0,0,0,0
1,0.0932,319.47,10.07323033,10.08,747,3540.0,9.059168584174444,29.7,0,0,0,0,0,0,1,0,0,0,0
1,0.1221,133.26,9.271999752,13.54,747,1289.958333,3.091042453358316,0.2,0,0,0,0,1,0,0,0,0,0,0
1,0.1411,444.98,11.06663836,19.03,687,4020.0,9.792723575551273,94.7,0,0,0,0,0,0,1,0,0,0,0
1,0.1126,394.36,11.44518181,15.38,727,5370.0,11.278265857694771,67.3,2,0,0,0,0,0,1,0,0,0,0
1,0.1158,132.06,10.89673933,3.44,707,3540.0,8.483429561263428,27.6,1,0,0,0,0,0,0,0,1,0,0
1,0.1632,346.08,10.81977828,12.41,677,2850.0,9.535390480896702,80.9,2,0,0,0,0,0,0,0,0,0,1
1,0.1189,596.96,11.3736634,19.71,717,3089.958333,10.147452819542636,58.4,0,0,0,0,0,0,1,0,0,0,0
1,0.0768,155.96,10.30895266,7.72,777,8250.0,9.565494159542977,21.0,0,0,0,0,0,0,1,0,0,0,0
1,0.1158,495.21,10.37349118,4.8,762,2369.958333,9.650657690851558,43.1,5,0,0,0,0,0,0,0,1,0,0
1,0.0932,287.53,11.56171563,20.33,762,5340.0,9.830432871630217,22.2,0,0,0,0,1,0,0,0,0,0,0
1,0.1095,327.14,12.34583459,5.4,727,11910.0,9.259320994197804,33.0,0,0,1,0,0,0,1,0,0,0,0
1,0.0963,449.32,11.59910316,13.06,762,7739.958333,10.736787903279478,9.4,3,1,0,0,0,0,1,0,0,0,0
1,0.1158,165.07,10.77895629,0.38,747,3510.0,6.285998094508865,7.8,3,0,0,0,1,0,0,0,0,0,0
1,0.1284,201.71,10.46310334,24.27,687,1619.958333,8.714239143608575,40.3,1,0,0,0,0,1,0,0,0,0,0
1,0.0768,187.15,10.73639668,16.43,777,3839.958333,8.809116258125274,8.7,2,0,0,0,1,0,0,0,0,0,0
1,0.0963,465.37,11.23321156,15.41,747,5669.958333,8.569975376855206,27.6,0,0,0,0,0,0,1,0,0,0,0
1,0.1284,403.42,11.56171563,9.77,687,5048.0,7.890208213109961,33.4,2,0,0,0,0,0,0,0,1,0,0
1,0.1726,465.2,10.81977828,16.08,662,3180.0,10.219465494142757,83.1,1,0,0,0,0,0,1,0,0,0,0
1,0.1379,102.23,11.00209984,2.18,697,8766.0,8.669914278433902,64.7,1,1,0,0,1,0,0,0,0,0,0
1,0.1347,542.77,11.60827201,21.82,687,5015.0,11.07229421282296,47.7,0,0,0,0,0,0,1,0,0,0,0
1,0.0932,204.46,11.60823564,0.0,802,7260.0,8.008698182988528,6.8,0,0,0,0,1,0,0,0,0,0,0
1,0.1221,666.3,11.00209984,23.44,717,4949.958333,10.711925777430809,82.1,1,0,0,0,0,0,1,0,0,0,0
1,0.1126,315.49,10.91508846,2.9,742,7019.958333,8.96610085736724,75.3,3,0,0,0,0,0,0,0,0,0,1
1,0.1284,672.36,11.91839057,10.18,707,6629.958333,10.005141206262628,43.8,1,0,0,0,0,0,0,0,1,0,0
1,0.1284,188.27,10.30895266,2.08,687,4139.958333,8.258422462458876,38.6,3,0,0,1,1,0,0,0,0,0,0
1,0.1158,396.17,12.52452638,8.2,717,7469.958333,11.179478647150702,73.3,0,0,0,0,0,0,0,0,0,0,1
1,0.0932,159.74,10.20359214,1.56,782,7829.958333,7.1731917424865985,23.7,0,0,0,0,1,0,0,0,0,0,0
1,0.1253,160.64,10.1266311,12.53,692,2850.0,9.900483043515829,69.7,2,0,0,0,0,0,0,0,0,1,0
1,0.1095,376.21,10.64026877,20.42,737,3119.958333,8.697846691109495,33.6,0,0,0,0,0,0,1,0,0,0,0
1,0.08,250.69,10.91508846,13.51,772,3089.958333,9.048762176320128,13.0,2,0,0,0,0,1,0,0,0,0,0
1,0.0963,128.38,11.46163217,7.87,722,7890.0,8.693161274238017,13.4,2,1,0,0,1,0,0,0,0,0,0
1,0.1316,607.87,10.71774556,18.82,692,1979.958333,9.788862026694824,66.1,1,0,0,0,1,0,0,0,0,0,0
1,0.1316,236.4,10.50506754,22.32,702,4859.958333,9.641798060358601,95.8,1,0,0,0,1,0,0,0,0,0,0
1,0.0894,222.41,9.621787552,12.17,757,4470.0,8.716699572964293,34.5,2,0,0,1,1,0,0,0,0,0,0
1,0.1537,348.47,10.59663473,24.21,662,1728.0,9.488956472414216,71.0,1,0,0,0,0,0,1,0,0,0,0
1,0.1189,66.33,10.06845099,1.27,702,2884.0,7.384610383176974,19.9,2,0,1,1,0,0,0,1,0,0,0
1,0.1442,82.52,12.07823927,9.69,662,7680.0,11.354632885975635,72.0,0,1,0,0,0,0,0,0,1,0,0
1,0.08,75.21,10.89673933,12.42,747,3059.958333,8.161089512845797,7.6,1,0,0,0,0,0,0,1,0,0,0
1,0.08,31.34,10.30895266,9.04,742,3449.958333,7.564757012905729,7.4,2,0,0,0,0,0,0,1,0,0,0
1,0.1316,506.56,12.3883942,0.94,742,8459.958333,9.621389858378247,45.7,2,0,0,0,0,0,0,0,1,0,0
1,0.1379,224.9,10.57131693,23.19,667,2279.958333,9.082507000466299,55.1,0,0,0,0,0,1,0,0,0,0,0
1,0.0932,89.46,11.00209984,10.1,782,5613.958333,8.066521490469993,2.9,1,0,0,0,0,0,0,0,1,0,0
1,0.1316,151.97,10.96819829,2.13,692,2040.0,8.481566013773087,38.3,0,0,0,0,0,0,0,0,0,0,1
1,0.1316,135.09,10.71441777,20.64,692,1440.0,9.5258078304359,76.6,1,0,0,0,1,0,0,0,0,0,0
1,0.1189,198.99,9.998797732,14.73,712,1619.958333,8.007034012193408,53.6,1,0,0,0,1,0,0,0,0,0,0
1,0.1158,759.31,11.19547123,6.38,752,5309.958333,10.128708943645304,30.1,0,0,0,0,0,0,1,0,0,0,0
1,0.1189,497.46,11.12431747,10.69,717,2880.0,9.117347505127018,27.4,2,0,0,0,0,0,0,0,0,1,0
1,0.1347,508.84,11.21753375,11.24,687,3270.0,8.913684824725294,53.9,0,0,0,0,0,0,1,0,0,0,0
1,0.1568,189.01,10.94130541,20.87,677,4050.0,9.235032984566555,96.7,0,0,0,0,0,0,1,0,0,0,0
1,0.1411,205.38,11.51292546,2.48,667,2999.958333,8.330622620332868,54.6,2,0,0,0,0,0,0,0,0,0,1
1,0.1158,726.3,11.35040654,19.82,742,5790.0,10.494408190299962,71.2,3,0,0,0,0,0,1,0,0,0,0
1,0.1568,533.78,11.02190247,10.98,717,9870.0,10.21005271198941,39.3,1,0,0,1,0,0,0,0,1,0,0
1,0.1189,198.99,10.91508846,6.81,697,4559.958333,9.18204377282107,40.3,0,0,0,0,0,0,1,0,0,0,0
1,0.1126,492.95,11.15625052,13.39,792,5669.958333,0.0,0.0,0,0,0,0,0,0,0,0,0,0,1
1,0.1379,408.91,10.79949394,18.64,682,4350.0,10.754023023344816,92.3,1,0,1,1,0,0,1,0,0,0,0
1,0.1126,59.16,10.08580911,8.6,722,1559.958333,7.739794458408701,26.1,1,0,0,0,0,0,0,1,0,0,0
1,0.1379,558.84,11.19670673,17.43,682,3839.958333,10.078784494393119,62.7,2,0,0,0,0,0,0,0,0,0,1
1,0.1189,431.14,11.40756495,2.64,727,3540.0,8.706324840138741,27.1,2,0,0,0,0,0,0,0,1,0,0
1,0.0963,189.36,10.04324949,8.19,727,2309.958333,8.682538124003075,57.8,0,0,0,0,0,0,1,0,0,0,0
1,0.1347,508.84,11.17049149,18.84,682,7920.0,10.452937557838887,61.0,0,0,0,0,0,0,0,0,1,0,0
1,0.1253,502.0,11.56171563,13.78,707,4410.0,9.985205778820985,46.7,3,0,0,0,0,0,0,0,1,0,0
1,0.1284,268.95,10.71441777,22.51,697,3540.0,9.506808731708581,82.0,1,0,0,0,0,0,1,0,0,0,0
1,0.08,225.62,10.66886237,9.55,752,3180.0,9.196951134857168,58.7,1,0,0,0,0,0,1,0,0,0,0
1,0.1095,163.57,10.08580911,13.45,742,9395.0,8.570733958344267,65.9,0,0,0,0,0,0,1,0,0,0,0
1,0.1316,337.71,10.91537933,15.94,697,5340.0,9.588023099071895,94.1,2,0,0,0,0,0,1,0,0,0,0
1,0.1253,100.4,11.00049856,7.97,682,5370.0,10.121698960804775,86.4,1,2,0,0,0,1,0,0,0,0,0
1,0.1426,686.12,11.40756495,22.81,687,4505.0,10.261861053110442,74.3,1,0,1,1,0,0,1,0,0,0,0
1,0.1126,328.64,11.19821472,6.94,737,6900.0,9.377717481384314,33.0,0,0,0,0,0,1,0,0,0,0,0
1,0.1347,101.77,10.62132735,5.21,697,5639.958333,8.666647144584575,80.6,0,0,1,0,0,0,1,0,0,0,0
1,0.1253,502.0,11.87059991,16.75,702,4799.958333,10.05418943494962,68.6,1,0,0,0,0,0,1,0,0,0,0
1,0.0932,159.74,12.14950229,7.69,742,5999.958333,9.663515696240424,38.0,1,0,0,0,0,0,0,0,0,1,0
1,0.1442,388.53,10.94150022,22.29,667,3270.0,9.721545923560459,72.5,0,0,0,0,0,1,0,0,0,0,0
1,0.1568,700.04,11.66992921,22.02,702,4889.958333,9.99305399589517,75.2,0,0,0,0,0,0,1,0,0,0,0
1,0.1158,396.17,10.46307477,15.39,712,3930.0,9.732877151670184,54.7,2,0,0,0,1,0,0,0,0,0,0
1,0.08,94.01,11.28978191,14.63,757,2040.0,7.713784616598755,3.0,2,0,0,0,0,0,1,0,0,0,0
1,0.1221,399.78,11.01856357,18.89,707,4109.958333,9.781941194456632,60.7,1,0,0,0,0,0,0,0,1,0,0
1,0.0963,160.48,11.60823564,11.81,732,5309.958333,10.071498871212288,46.8,2,0,0,0,0,0,0,1,0,0,0
1,0.0932,127.79,11.49272276,2.77,737,3479.958333,9.436359784035856,20.0,0,0,0,0,1,0,0,0,0,0,0
1,0.1095,327.14,9.903887473,0.0,742,11146.95833,0.0,0.0,1,1,0,0,1,0,0,0,0,0,0
1,0.0963,320.95,10.97678203,24.57,762,8849.958333,10.069340916622775,37.5,4,0,0,1,1,0,0,0,0,0,0
1,0.0963,102.71,9.811372264,20.26,772,1771.0,1.9459101490553132,0.3,0,0,0,0,0,0,0,1,0,0,0
1,0.1158,115.55,10.46310334,14.47,702,2160.0,9.073030421011577,51.0,0,0,0,0,0,1,0,0,0,0,0
1,0.1253,334.67,10.43399815,22.56,697,9629.958333,9.809890903798543,72.6,1,0,0,1,1,0,0,0,0,0,0
1,0.1095,130.86,10.51867319,6.36,722,3690.0,9.669725322073777,52.8,2,0,0,0,1,0,0,0,0,0,0
1,0.0932,319.47,10.6454249,22.18,762,9120.0,8.299783171949787,20.6,0,0,0,0,0,0,1,0,0,0,0
1,0.1095,327.14,11.10495723,19.87,732,3419.958333,9.93042155377621,43.2,2,0,0,0,1,0,0,0,0,0,0
1,0.1316,84.43,10.49127422,2.2,697,3570.0,7.69484807238461,35.4,1,0,0,1,1,0,0,0,0,0,0
1,0.0932,191.69,10.62132735,17.5,732,7049.958333,9.87261588886904,68.0,0,0,0,0,0,0,0,1,0,0,0
1,0.1347,678.46,11.69524702,12.8,697,5639.958333,10.469227407179512,81.0,2,0,0,0,0,0,1,0,0,0,0
1,0.1221,165.75,10.91508846,14.2,692,1830.0,8.572627898304338,60.0,0,0,0,0,1,0,0,0,0,0,0
1,0.1189,198.99,10.1266311,12.67,727,1710.0,8.759668671029939,23.1,1,0,0,0,1,0,0,0,0,0,0
1,0.0963,401.18,11.43820192,2.83,752,4799.958333,9.422544303252007,17.8,1,0,0,0,0,0,1,0,0,0,0
1,0.1221,533.04,11.69524702,7.0,757,5880.0,9.140347000155648,31.8,6,0,0,0,0,0,1,0,0,0,0
1,0.1284,319.38,11.25208005,8.57,692,2790.0,9.266153436795395,39.7,2,0,0,0,0,0,1,0,0,0,0
1,0.1189,281.9,11.06657586,18.06,702,3349.958333,8.28121766128665,11.2,3,0,0,0,1,0,0,0,0,0,0
1,0.1189,49.75,10.82972862,16.87,687,2314.958333,6.870053411798126,64.1,0,0,0,0,1,0,0,0,0,0,0
1,0.0932,319.47,11.09741002,13.73,752,4230.0,9.206031100388085,27.1,0,0,0,0,0,0,1,0,0,0,0
1,0.1158,59.43,10.73630972,17.3,712,2369.958333,8.940498217652733,89.8,0,0,0,0,0,0,0,0,0,1,0
1,0.1221,666.3,11.08214255,13.85,717,5730.0,8.540909718033554,17.7,1,2,0,0,0,0,0,0,1,0,0
1,0.1253,502.0,11.36214909,9.45,702,9360.0,10.380963196620565,55.5,0,1,0,0,0,0,1,0,0,0,0
1,0.1126,377.93,11.00209984,24.22,732,4933.958333,9.969041183275566,30.5,1,0,0,0,0,1,0,0,0,0,0
1,0.1253,836.66,13.45883561,9.64,727,6810.0,10.80242864607517,86.0,0,0,0,0,0,0,1,0,0,0,0
1,0.1505,60.71,9.210340372,15.84,677,2070.0,0.0,92.3,1,0,0,0,0,0,0,1,0,0,0
1,0.1126,492.95,11.00209984,14.86,732,4169.958333,9.70747266861017,57.9,0,0,0,0,0,0,1,0,0,0,0
1,0.0963,308.11,10.62132735,6.85,762,4499.958333,9.462343451970945,18.8,2,0,0,0,0,0,1,0,0,0,0
1,0.1411,82.15,9.998615898,10.47,672,4620.0,8.678291111758565,93.2,1,0,0,0,0,0,1,0,0,0,0
1,0.1442,247.56,10.87804719,13.86,662,2970.0,9.702900186935281,54.5,0,1,0,0,0,0,1,0,0,0,0
1,0.1316,357.97,10.6454249,19.49,692,3479.958333,10.337540117496205,60.1,0,0,0,0,0,1,0,0,0,0,0
1,0.1379,340.76,10.62132735,15.78,682,3180.0,9.085570485020233,86.3,0,0,0,0,0,0,1,0,0,0,0
1,0.1322,40.57,11.21182037,9.75,672,4457.0,9.035629778183564,55.2,0,1,0,0,1,0,0,0,0,0,0
1,0.1158,528.22,11.12136326,2.2,732,4740.0,8.776012719182917,40.7,1,0,0,0,1,0,0,0,0,0,0
1,0.1095,212.64,10.98529272,13.38,717,2070.0,8.806723554725636,48.4,1,0,0,0,0,1,0,0,0,0,0
1,0.1316,118.2,9.83734775,20.83,672,4199.958333,9.370842268630211,83.3,3,0,0,0,1,0,0,0,0,0,0
1,0.0932,319.47,10.6214249,7.43,752,4079.958333,9.333884558067638,37.1,2,0,0,0,0,0,1,0,0,0,0
1,0.1284,336.18,11.51292546,17.26,687,3243.0,8.769662508112274,23.0,2,0,1,0,0,0,0,1,0,0,0
1,0.1095,588.85,10.89302875,6.69,797,3690.0,4.356708826689592,0.7,0,0,0,1,0,0,0,0,1,0,0
1,0.1347,84.81,9.574983486,16.33,672,3150.0,7.05617528410041,38.6,1,0,0,0,0,0,0,1,0,0,0
1,0.1158,660.27,11.49935378,3.93,752,4229.958333,9.197660318818809,9.2,1,0,0,1,0,1,0,0,0,0,0
1,0.1189,182.41,10.84941475,18.45,697,3419.958333,9.37695589894852,67.9,1,0,0,0,1,0,0,0,0,0,0
1,0.0963,478.21,11.05089001,17.54,767,4589.958333,8.923324744067562,14.9,0,0,0,0,0,0,1,0,0,0,0
1,0.0963,115.54,10.91501573,1.24,722,6359.958333,7.560080465021827,19.8,2,0,1,0,0,0,1,0,0,0,0
1,0.1114,98.42,10.30895266,1.48,752,2010.041667,6.156978985585555,5.2,1,0,0,0,0,0,0,0,0,1,0
1,0.1474,207.23,11.35040654,15.02,667,5939.958333,10.494629692640487,91.2,1,0,0,0,0,0,1,0,0,0,0
1,0.1537,317.11,10.55581274,4.97,662,2639.958333,9.303101852057495,67.7,0,0,0,0,0,0,1,0,0,0,0
1,0.1253,257.69,11.47634446,13.43,692,3990.0,9.701616136497458,81.3,2,0,0,0,0,0,0,0,0,1,0
1,0.1095,471.08,11.28983191,12.4,762,3065.958333,2.302585092994046,0.0,1,0,0,0,0,0,0,0,0,0,1
1,0.1221,374.8,11.15619338,19.01,717,4949.958333,9.731690419198387,81.8,1,0,0,0,0,0,1,0,0,0,0
1,0.0963,417.23,10.95080655,20.74,777,6060.0,10.994487608202096,26.5,2,0,0,0,0,0,1,0,0,0,0
1,0.1189,278.58,11.98292909,10.78,702,6990.0,11.036243585771075,43.8,0,0,0,0,1,0,0,0,0,0,0
1,0.0932,191.69,11.00209984,11.32,777,3479.958333,0.0,0.0,1,0,0,0,0,0,1,0,0,0,0
1,0.1253,83.67,9.903487553,1.62,707,1740.0,7.22402480828583,21.4,2,0,0,0,0,0,0,1,0,0,0
1,0.1221,69.97,10.41930072,0.39,692,2312.958333,6.345636360828596,17.2,3,0,0,0,1,0,0,0,0,0,0
1,0.1379,190.83,10.46321762,12.89,687,1770.0,9.031811613420924,48.1,1,0,0,1,0,0,1,0,0,0,0
1,0.1189,215.57,10.58456215,8.47,702,2160.0,8.957252944288902,33.2,1,0,1,0,1,0,0,0,0,0,0
1,0.1253,267.73,10.4341158,21.85,687,2084.0,9.457747175426071,38.6,1,0,0,1,1,0,0,0,0,0,0
1,0.1095,130.86,10.4341158,9.0,772,5969.958333,9.689241798157529,38.1,0,0,0,0,1,0,0,0,0,0,0
1,0.1316,624.75,10.91508846,21.67,702,4229.958333,10.125990898962915,63.7,1,0,0,1,0,0,1,0,0,0,0
1,0.1095,229.0,10.51867319,9.76,717,2160.0,9.182455168486648,50.4,0,0,0,0,1,0,0,0,0,0,0
1,0.1126,39.44,11.00209984,5.38,717,5669.958333,10.22284996159088,94.3,1,0,0,0,1,0,0,0,0,0,0
1,0.0932,319.47,10.96819829,0.0,797,4559.958333,4.477336814478207,0.5,0,0,0,0,0,0,0,0,1,0,0
1,0.1357,679.37,11.49272276,7.8,702,7746.0,10.123385843685309,29.7,1,0,0,0,0,0,1,0,0,0,0
1,0.1189,82.91,11.65268741,8.86,687,11789.95833,10.398580057313119,48.3,0,0,0,0,0,1,0,0,0,0,0
1,0.1253,267.74,11.00209984,6.26,707,1776.0,0.0,0.0,0,0,0,0,1,0,0,0,0,0,0
1,0.1158,379.66,10.76308094,23.7,712,3330.0,9.396902923027392,63.1,1,0,0,1,0,0,1,0,0,0,0
1,0.08,219.36,9.917390458,8.64,767,4529.958333,8.753529336516431,24.3,0,0,0,0,0,0,0,0,1,0,0
1,0.1253,60.24,10.40571633,13.62,677,3150.0,6.826545223556594,51.2,1,0,0,0,0,0,0,1,0,0,0
1,0.1126,328.64,11.22524339,20.06,717,4529.958333,8.133000218583613,72.4,2,0,0,0,0,0,1,0,0,0,0
1,0.08,225.62,10.98529272,8.95,757,8819.958333,9.604070223865927,30.5,3,0,0,0,0,1,0,0,0,0,0
1,0.1221,299.84,11.28978191,11.4,692,2399.958333,9.999479318189854,51.9,0,0,0,0,0,0,1,0,0,0,0
1,0.1496,866.16,11.69524702,16.28,702,7020.0,11.201742735932854,60.0,0,0,0,0,0,0,0,0,1,0,0
1,0.0963,192.57,10.16585182,8.35,757,11297.0,9.783464509936397,23.6,0,0,0,0,0,0,1,0,0,0,0
1,0.0963,282.43,11.09358453,4.89,757,4620.0,8.708804795117285,31.9,0,0,0,0,1,0,0,0,0,0,0
1,0.1442,96.28,10.89673933,7.47,667,1492.0,8.251142139090751,58.0,2,0,0,0,0,0,1,0,0,0,0
1,0.1379,51.12,10.87812266,9.51,662,4949.958333,10.007397015926639,83.7,3,0,0,0,0,0,0,0,0,1,0
1,0.1221,333.15,10.77895629,18.35,707,3065.958333,9.340491056441229,80.8,0,0,0,0,0,0,1,0,0,0,0
1,0.1221,333.15,10.56885235,8.3,717,2759.958333,8.97221007835365,78.8,0,0,0,0,0,0,1,0,0,0,0
1,0.1221,519.72,10.81977828,4.06,707,3165.0,9.716856724154075,55.3,1,0,0,0,0,0,1,0,0,0,0
1,0.1126,328.64,11.22524339,12.16,722,7859.958333,8.592300663903043,28.1,0,0,1,0,0,0,1,0,0,0,0
1,0.1379,333.94,11.03488966,23.92,682,8969.958333,10.286400256173781,57.3,0,0,0,1,0,0,1,0,0,0,0
1,0.1347,72.94,11.33857208,15.01,667,4050.0,10.21778721289218,51.4,0,0,0,0,1,0,0,0,0,0,0
1,0.0932,255.58,11.60823564,0.46,792,6719.958333,7.772331575169614,4.1,0,0,0,0,0,0,1,0,0,0,0
1,0.1442,343.83,11.00209984,3.68,667,14133.0,8.761550139129644,30.1,1,2,0,0,0,0,1,0,0,0,0
1,0.1095,490.71,11.35040654,5.73,777,9240.958333,7.519149957669823,2.3,0,0,0,0,0,0,1,0,0,0,0
1,0.1189,119.4,10.858999,15.02,697,2460.0,8.453187861440325,47.4,3,0,0,0,1,0,0,0,0,0,0
1,0.1221,319.83,11.28978191,9.48,702,2399.958333,9.589666822474653,78.1,2,0,0,0,0,0,1,0,0,0,0
1,0.1392,491.58,11.22524339,16.24,682,4140.041667,9.205428327615163,58.9,3,0,0,0,0,0,1,0,0,0,0
1,0.1253,200.8,10.71441777,18.05,682,3210.0,8.664232934065552,39.1,0,0,0,0,0,0,1,0,0,0,0
1,0.1158,478.7,10.51867319,21.7,712,5382.0,9.936970683352676,25.5,0,0,0,1,0,0,1,0,0,0,0
1,0.1189,829.1,11.1844214,5.47,742,7200.0,9.053335623166017,17.4,0,0,0,0,0,0,1,0,0,0,0
1,0.1221,466.41,10.81985828,14.66,722,4139.958333,9.324829098460881,35.8,0,1,0,0,0,0,1,0,0,0,0
1,0.1284,430.31,10.83958091,8.85,697,3900.0,8.468002947225466,21.2,0,0,0,0,0,0,1,0,0,0,0
1,0.1284,84.05,10.27505111,17.17,692,2940.0,7.431299675155903,39.2,0,0,1,1,1,0,0,0,0,0,0
1,0.1347,468.14,10.40535315,13.98,697,3719.958333,9.659567149523216,80.8,0,0,0,1,0,0,1,0,0,0,0
1,0.1411,410.75,10.71441777,7.23,672,3900.0,9.474165107897397,81.4,3,1,0,1,0,1,0,0,0,0,0
1,0.1253,635.86,11.33499426,10.54,717,7739.958333,10.312047865551595,85.0,1,1,0,0,0,0,1,0,0,0,0
1,0.0768,187.15,11.09741002,8.04,777,11099.95833,10.889789304075094,13.4,0,0,0,0,0,0,1,0,0,0,0
1,0.1284,361.4,10.59663473,13.2,692,3822.958333,9.961614941212737,63.8,3,0,0,0,0,0,1,0,0,0,0
1,0.1189,198.99,11.15625052,7.15,692,2669.958333,8.559869465696673,44.6,3,0,0,0,0,0,1,0,0,0,0
1,0.1347,237.46,9.85198371,14.66,672,2070.0,9.093469420244768,80.1,0,0,0,0,0,0,1,0,0,0,0
1,0.1284,524.44,11.13201637,6.73,697,2199.0,9.662243674190131,84.3,0,0,0,0,0,1,0,0,0,0,0
1,0.1253,185.74,10.08580911,16.95,697,2759.958333,9.229456489168413,92.7,0,0,0,0,0,0,1,0,0,0,0
1,0.1379,204.46,10.81985828,17.59,707,2100.0,9.050640993218508,54.6,2,0,0,0,1,0,0,0,0,0,0
1,0.1189,497.46,11.15625052,19.61,717,3540.0,9.98483709823245,82.2,0,0,0,0,0,0,1,0,0,0,0
1,0.1537,871.16,11.9251416,23.85,677,6419.958333,10.615014780377503,50.3,3,0,0,1,0,0,0,0,0,1,0
1,0.1221,759.58,10.66895539,15.49,727,3330.0,9.864070820172337,70.9,1,1,0,0,0,0,1,0,0,0,0
1,0.0932,191.69,9.85198371,17.94,737,7262.0,9.100860271357362,40.7,1,0,0,0,0,0,0,0,1,0,0
1,0.1158,231.1,10.59663473,17.37,737,3029.958333,6.993932975223189,13.8,0,0,1,0,0,0,1,0,0,0,0
1,0.1095,261.71,11.8493977,10.91,732,4980.0,10.613639331911896,50.6,0,0,0,0,0,0,1,0,0,0,0
1,0.1158,280.62,11.50764153,18.87,747,8340.0,10.953767072413589,16.6,4,0,0,0,0,0,0,1,0,0,0
1,0.1158,165.07,10.30895266,19.96,712,1830.0,7.51425465281641,41.7,0,0,0,0,1,0,0,0,0,0,0
1,0.0963,320.95,11.00209984,15.7,742,5460.0,10.453918430894479,57.6,0,0,0,0,0,1,0,0,0,0,0
1,0.1095,556.14,10.96819829,8.13,797,4800.0,9.79823814181703,3.4,0,0,0,0,0,0,1,0,0,0,0
1,0.1189,145.93,10.6454249,14.09,707,2745.958333,7.9229859587111955,14.6,2,0,0,1,0,1,0,0,0,0,0
1,0.0963,231.08,11.30220443,9.17,762,6299.958333,7.780303087908373,47.8,2,0,0,0,0,0,1,0,0,0,0
1,0.1442,385.09,11.14186178,16.42,672,2430.0,9.826336493347712,82.3,0,0,0,0,0,1,0,0,0,0,0
1,0.1442,68.77,11.00209984,13.42,722,3930.0,10.193167627650581,99.4,1,0,0,0,1,0,0,0,0,0,0
1,0.1474,863.42,13.30468493,1.03,702,5669.958333,10.19828177359369,0.0,3,1,0,0,1,0,0,0,0,0,0
1,0.1316,303.94,11.28978191,12.71,682,1680.0,9.444779883032243,55.7,3,0,0,0,0,0,1,0,0,0,0
1,0.1284,309.29,10.81985828,20.69,707,2970.0,10.020114364467847,50.4,0,0,0,1,0,0,1,0,0,0,0
1,0.1189,99.5,10.34817337,7.35,687,2399.958333,7.8528278122817445,30.3,0,0,0,0,0,0,1,0,0,0,0
1,0.0737,46.57,10.91508846,13.57,787,4469.958333,9.554355517768125,18.8,0,0,0,0,0,0,0,0,1,0,0
1,0.1411,111.25,10.04324949,23.65,677,3510.0,6.302618975744905,90.8,2,0,2,0,1,0,0,0,0,0,0
1,0.1726,536.77,12.10071213,9.49,672,2520.0,9.401704256754366,57.1,0,0,0,1,0,0,1,0,0,0,0
1,0.0768,187.15,11.35035948,6.62,772,7200.0,9.908723819331374,29.6,0,0,0,0,0,0,0,0,1,0,0
1,0.1189,79.6,10.96812932,24.39,692,5279.958333,9.821789308551622,63.3,2,0,0,0,0,0,1,0,0,0,0
1,0.1095,314.06,11.03495418,15.21,732,4559.958333,8.760453046315272,18.9,1,0,1,0,0,0,1,0,0,0,0
1,0.1126,558.68,11.21446552,22.5,742,5850.0,10.647969276632866,56.3,3,0,0,0,0,0,1,0,0,0,0
1,0.1322,202.81,10.30895266,5.2,682,1684.958333,8.699848026000312,31.8,0,0,0,0,0,1,0,0,0,0,0
1,0.1442,859.57,12.61153775,1.48,702,5279.958333,10.25301702831399,66.5,2,1,0,0,0,0,0,0,1,0,0
1,0.0768,187.15,11.46163217,9.61,777,10200.0,10.471836523545772,28.2,2,0,0,0,1,0,0,0,0,0,0
1,0.1095,392.57,11.1844214,9.32,737,3669.0,10.027341014703126,67.6,0,0,0,0,0,0,1,0,0,0,0
1,0.1347,84.81,11.5228758,13.76,682,10742.95833,10.721172680656162,96.6,1,0,0,0,1,0,0,0,0,0,0
1,0.08,200.56,10.95416931,1.57,767,4020.0,8.416709652837914,10.1,0,0,0,0,0,0,0,0,0,1,0
1,0.1316,81.05,11.1844214,1.05,697,3630.0,7.114769448366463,30.0,1,0,3,0,0,1,0,0,0,0,0
1,0.1221,133.26,10.08580911,3.6,717,4139.958333,8.057060681965766,67.1,0,0,0,0,0,1,0,0,0,0,0
1,0.0963,224.66,10.62132735,13.79,732,2850.0,9.931686206894806,49.6,0,0,0,0,0,1,0,0,0,0,0
1,0.1316,337.71,10.66895539,24.47,682,3180.0,9.229554590899987,44.9,0,1,0,0,0,0,1,0,0,0,0
1,0.1474,207.23,11.13683468,12.57,682,7230.0,9.748820072523989,66.7,2,1,0,1,0,0,1,0,0,0,0
1,0.1316,67.55,10.27518903,15.39,722,1140.0,6.405228458030842,30.2,2,0,0,0,1,0,0,0,0,0,0
1,0.1126,447.77,10.30895266,16.8,727,3330.0,9.634758073001034,41.7,1,0,0,0,0,0,1,0,0,0,0
1,0.0932,159.74,11.54248427,6.56,737,8159.958333,10.211964406994612,49.8,0,0,0,0,0,0,0,0,1,0,0
1,0.1284,268.95,11.15619338,17.3,687,2502.0,9.767782370370753,61.1,2,0,0,0,0,0,1,0,0,0,0
1,0.1189,198.99,11.15625052,15.87,697,4499.958333,10.52242290939612,73.4,1,0,0,1,0,0,1,0,0,0,0
1,0.1189,143.44,10.71441777,13.73,737,7139.958333,8.379768515504566,87.1,0,0,0,0,0,1,0,0,0,0,0
1,0.1095,130.86,11.02679245,18.15,717,3210.0,9.993602441978389,34.0,1,0,0,0,0,0,0,0,0,1,0
1,0.1632,741.59,11.2771525,13.61,667,3389.958333,9.115040192121858,72.7,1,0,0,0,0,0,1,0,0,0,0
1,0.1442,275.07,10.858999,6.88,667,3960.0,9.186150133174966,66.8,0,0,0,1,0,0,1,0,0,0,0
1,0.0768,93.58,10.91508846,0.65,792,3479.958333,5.808142489980444,0.5,0,0,0,0,1,0,0,0,0,0,0
1,0.1189,198.99,11.40756495,22.03,692,11429.95833,10.981573952417511,75.1,0,0,0,0,1,0,0,0,0,0,0
1,0.1221,253.2,11.00209984,2.08,727,2820.0,7.475339236566737,25.2,1,0,0,0,0,0,1,0,0,0,0
1,0.1316,57.41,9.546812609,10.11,697,3660.0,7.717351272185329,97.7,2,0,0,0,0,0,0,1,0,0,0
1,0.1126,105.17,10.46310334,7.51,732,2070.0,6.905753276311464,24.3,0,0,0,0,0,0,0,0,0,0,1
1,0.1442,268.19,10.51856508,8.82,667,3240.0,9.136586183387521,56.3,1,0,0,0,0,0,0,0,1,0,0
1,0.1379,136.31,10.71441777,13.6,687,1380.0,8.3707791729607,86.4,3,0,0,0,0,0,1,0,0,0,0
1,0.0932,319.47,11.37600548,6.4,767,4380.0,7.322510433997394,5.2,2,0,0,0,1,0,0,0,0,0,0
1,0.1095,441.64,10.66895539,9.18,742,3690.0,10.242670397850311,57.8,1,0,0,0,0,1,0,0,0,0,0
1,0.08,188.02,11.13453063,3.63,757,2790.0,6.2324480165505225,6.1,0,0,0,0,1,0,0,0,0,0,0
1,0.1189,159.19,11.00209984,15.32,697,4949.958333,10.864292653716927,33.7,0,0,0,0,0,0,1,0,0,0,0
1,0.1189,198.99,10.46310334,9.81,762,1140.0,4.997212273764115,2.4,0,0,0,0,1,0,0,0,0,0,0
1,0.0932,230.02,10.59663473,15.56,737,3540.0,7.037905963447182,9.5,0,0,0,0,0,0,0,0,0,0,1
1,0.08,188.02,10.95080655,14.04,762,5609.958333,7.641084249174914,10.1,1,0,0,0,1,0,0,0,0,0,0
1,0.1221,199.89,11.29734077,21.17,687,4020.0,10.459296102128597,70.1,1,0,0,0,0,0,0,1,0,0,0
1,0.0932,319.47,10.30895266,2.56,782,2339.958333,6.161207321695077,1.9,0,0,0,0,0,0,0,0,1,0,0
1,0.1189,159.19,10.62861778,18.65,707,5579.958333,8.348774539791274,40.2,1,0,1,0,0,0,1,0,0,0,0
1,0.1221,666.3,11.1844214,14.63,727,4320.0,10.260672366469061,60.8,0,0,0,1,0,0,1,0,0,0,0
1,0.1411,102.69,10.44348355,1.22,662,3449.958333,6.095824562432225,15.8,1,1,0,0,0,0,1,0,0,0,0
1,0.1095,212.64,11.03488966,14.13,722,3089.958333,8.582980931954241,20.1,0,0,0,0,0,1,0,0,0,0,0
1,0.1505,346.92,12.07254125,5.99,662,3840.958333,8.733110697638708,27.8,1,0,0,0,0,1,0,0,0,0,0
1,0.1442,515.74,11.68687877,16.89,677,14191.0,11.179743808447082,83.2,2,0,0,0,0,1,0,0,0,0,0
1,0.0894,95.32,9.903487553,1.8,747,3252.0,7.643961949002529,50.9,1,0,0,0,0,0,1,0,0,0,0
1,0.0932,204.46,10.34894231,23.83,737,3960.0,8.814330422638774,64.7,0,0,0,0,0,0,1,0,0,0,0
1,0.1158,396.17,10.56212093,14.47,712,2759.958333,9.297801647746176,69.5,0,0,0,0,0,0,1,0,0,0,0
1,0.0768,155.96,11.69524702,1.27,772,4499.958333,8.53346016388011,5.1,3,0,0,0,1,0,0,0,0,0,0
1,0.1221,283.18,10.20359214,19.42,702,1800.0,9.46660917372222,72.2,0,0,0,0,0,1,0,0,0,0,0
1,0.1158,165.07,9.687816016,10.57,722,1710.0,8.57715877258367,40.2,0,0,0,0,1,0,0,0,0,0,0
1,0.1189,132.66,9.903487553,24.54,697,3029.958333,9.579210649614792,71.6,0,0,0,0,0,1,0,0,0,0,0
1,0.1316,337.71,9.952277717,3.89,697,1529.958333,9.219399216464529,29.7,1,0,0,0,0,0,1,0,0,0,0
1,0.1284,537.89,11.28978191,17.16,702,5490.0,9.868223003435817,70.2,2,0,1,0,0,0,1,0,0,0,0
1,0.0768,124.77,11.54481165,0.87,777,4410.0,8.560444233410552,12.7,3,0,0,0,0,0,0,0,1,0,0
1,0.1379,238.53,10.71441777,18.35,707,7170.0,9.409027282856401,95.3,1,0,0,1,0,1,0,0,0,0,0
1,0.0932,293.91,10.86902549,19.63,782,7079.958333,7.30854279753919,16.8,0,0,0,0,0,0,0,0,1,0,0
1,0.1095,235.54,11.46167427,7.01,717,12060.0,9.225031920719173,31.7,3,0,0,0,0,0,1,0,0,0,0
1,0.1189,132.66,9.546812609,8.23,697,2100.0,8.116118431609365,79.7,1,0,0,0,1,0,0,0,0,0,0
1,0.1379,136.31,11.16336799,8.19,712,4049.0,9.337237305164534,98.7,2,0,0,1,1,0,0,0,0,0,0
1,0.1095,209.37,10.08580911,6.15,742,8370.0,9.08375621986673,23.2,1,0,0,0,0,0,1,0,0,0,0
1,0.1357,154.56,11.77528973,17.46,682,4800.0,11.104385634744988,90.1,0,0,0,0,1,0,0,0,0,0,0
1,0.1221,166.58,10.89673933,12.84,722,13020.0,8.677269139262872,70.7,0,0,0,0,0,0,0,0,0,0,1
1,0.1221,113.28,11.89818787,22.56,702,4380.0,11.12496623099173,91.8,0,0,0,1,1,0,0,0,0,0,0
1,0.0932,159.74,11.69194156,8.45,762,5609.958333,9.920098818341325,25.5,4,0,0,0,0,0,0,0,1,0,0
1,0.1189,82.91,9.809396629,19.18,697,1830.0,6.182084906716632,4.6,1,1,0,0,0,0,0,1,0,0,0
1,0.0932,159.74,9.825526011,19.14,752,8640.0,9.314430080500564,10.4,0,1,0,0,0,0,0,1,0,0,0
1,0.1284,235.33,9.574983486,3.0,707,1199.958333,8.146129510025405,19.7,2,0,0,1,1,0,0,0,0,0,0
1,0.1474,552.59,10.81977828,18.53,672,4229.958333,8.121183242078828,44.9,1,1,0,1,0,0,0,0,0,0,1
1,0.1316,445.77,11.00209984,7.26,697,3792.958333,9.302554855963994,85.7,0,0,0,0,0,0,1,0,0,0,0
1,0.1347,441.0,10.69194491,13.88,692,2554.0,9.961756460660103,90.2,0,0,0,0,0,1,0,0,0,0,0
1,0.1632,130.66,10.51867319,13.07,662,1501.0,8.636929873018572,97.2,0,0,0,0,0,0,0,1,0,0,0
1,0.1316,309.0,10.66895539,21.66,692,3089.958333,9.568014816247999,79.4,0,0,0,0,0,1,0,0,0,0,0
1,0.0768,218.34,11.00209984,13.36,782,7739.958333,9.954893340596028,21.4,1,0,0,0,0,0,1,0,0,0,0
1,0.0932,383.37,10.81977828,6.84,777,7230.0,10.167811434160654,26.1,0,0,0,0,0,1,0,0,0,0,0
1,0.08,156.69,10.6454249,5.09,807,6511.0,4.727387818712341,1.1,0,0,0,0,0,0,0,0,0,1,0
1,0.1126,312.21,10.6933984,19.04,757,7049.958333,5.820082930352362,4.7,1,0,0,0,0,0,0,0,0,1,0
1,0.1189,149.24,10.81977828,4.37,702,3571.0,7.581719640125308,55.7,0,0,0,0,1,0,0,0,0,0,0
1,0.0963,320.95,11.51292546,18.23,737,4589.958333,9.979475898535465,68.5,1,0,0,0,0,0,1,0,0,0,0
1,0.1284,117.67,10.43998092,8.42,687,2399.958333,8.55159461813357,89.2,1,0,0,0,0,1,0,0,0,0,0
1,0.1189,305.11,10.71441777,22.37,712,1890.0,9.05473863988161,27.3,3,0,0,0,0,0,1,0,0,0,0
1,0.0932,223.63,11.42954386,7.12,732,4410.0,9.974784434418162,84.9,0,0,0,0,0,0,1,0,0,0,0
1,0.1221,666.3,11.00209984,20.54,717,3749.958333,9.72782378340624,63.3,0,0,0,0,0,0,1,0,0,0,0
1,0.0963,128.38,11.08201946,10.99,747,6689.958333,10.268755470892879,66.6,0,0,0,0,1,0,0,0,0,0,0
1,0.0963,320.95,11.09133097,1.04,742,5700.958333,8.397508348470257,36.2,2,0,0,0,0,0,0,0,0,0,1
1,0.1284,403.42,11.35040654,11.87,727,1559.958333,8.98117874833641,41.8,2,0,0,0,0,0,0,0,0,0,1
1,0.08,188.02,11.2515607,6.51,767,7799.958333,9.951896691743816,47.0,2,0,0,0,1,0,0,0,0,0,0
1,0.1183,364.48,11.81303006,19.67,717,11400.0,10.398762894953803,87.1,0,0,1,0,1,0,0,0,0,0,0
1,0.1379,340.76,10.37361617,15.49,677,2339.958333,9.678404621840867,47.8,3,0,0,1,1,0,0,0,0,0,0
1,0.1126,394.36,11.15625052,11.38,732,3660.0,8.823206220552741,16.3,1,1,0,0,0,0,1,0,0,0,0
1,0.1126,492.95,10.6454249,12.06,742,6059.958333,10.112613312082134,42.4,1,0,0,0,0,0,1,0,0,0,0
1,0.1189,278.58,10.30895266,5.4,717,6360.958333,8.747034264178168,81.7,1,0,0,0,1,0,0,0,0,0,0
1,0.1158,343.34,10.82009823,8.09,727,3960.0,9.22700081286929,89.2,0,0,0,0,0,0,1,0,0,0,0
1,0.0963,211.83,11.48246626,18.68,752,12810.0,10.013686344834204,40.2,1,0,0,0,0,1,0,0,0,0,0
1,0.1158,825.34,12.30138283,10.07,747,9810.0,10.42519376739833,51.5,2,1,0,0,0,1,0,0,0,0,0
1,0.1253,200.8,10.66895539,18.89,682,5130.0,8.75384509275524,68.1,2,0,1,1,0,0,1,0,0,0,0
1,0.1347,542.77,11.05980255,24.09,697,4469.958333,9.960859832393998,81.5,0,0,0,0,0,0,1,0,0,0,0
1,0.1221,266.52,11.00209984,19.23,702,3240.0,10.313641650130425,89.4,1,0,0,0,0,1,0,0,0,0,0
1,0.0859,379.33,11.06663836,9.45,792,8430.041667,7.976251943745623,5.8,1,0,0,0,1,0,0,0,0,0,0
1,0.0894,476.58,11.1844214,10.2,782,13334.95833,8.355850041007475,23.9,0,0,0,0,0,0,0,1,0,0,0
1,0.1843,363.7,11.81303006,21.85,682,3600.0,11.131328239212023,88.0,0,0,0,0,0,0,0,0,0,0,1
1,0.1284,672.36,11.19547123,9.92,712,4859.958333,9.344958673700944,27.7,1,0,0,0,0,0,0,0,1,0,0
1,0.1126,246.48,10.87993221,16.97,722,5189.958333,9.127067452782361,42.8,0,0,0,0,1,0,0,0,0,0,0
1,0.08,219.36,10.43399815,15.21,752,5880.0,9.774346508212899,36.3,0,0,0,1,1,0,0,0,0,0,0
1,0.0932,159.74,11.00209984,13.62,742,5910.0,9.966744002171144,35.4,0,0,0,0,1,0,0,0,0,0,0
1,0.1189,663.28,11.87409031,7.32,732,8370.0,10.205922760324748,79.6,0,0,0,0,0,0,1,0,0,0,0
1,0.1253,281.12,11.22524339,4.16,687,5699.958333,9.515911477263703,30.8,2,0,0,0,0,0,1,0,0,0,0
1,0.0768,93.58,10.66886237,3.77,807,4711.0,4.897839799950911,0.3,0,0,0,0,0,0,0,0,0,1,0
1,0.1221,499.73,10.7464331,7.88,717,2460.0,10.007757473711925,37.8,1,0,0,0,0,0,1,0,0,0,0
1,0.1189,139.29,10.95080655,12.32,702,2190.0,7.647308832356238,20.7,1,2,0,0,1,0,0,0,0,0,0
1,0.1695,748.17,11.44035477,14.76,662,7637.0,10.074874544277304,71.3,1,0,0,1,0,0,1,0,0,0,0
1,0.08,156.69,11.36210258,6.39,777,3509.958333,0.0,0.0,0,0,0,0,0,0,0,1,0,0,0
1,0.1221,666.3,12.02754389,1.56,747,3089.958333,9.188912424562563,52.3,1,0,0,0,0,0,0,0,1,0,0
1,0.0932,99.04,10.9331784,23.89,727,7439.958333,10.267262233590083,71.4,0,0,0,0,0,0,0,0,1,0,0
1,0.1505,402.42,11.79981723,16.79,682,11190.0,10.90034393224985,85.7,0,0,1,1,0,1,0,0,0,0,0
1,0.1284,403.42,10.87804719,22.85,702,2496.0,9.76342056363901,71.2,0,0,0,0,0,0,1,0,0,0,0
1,0.1189,116.08,11.46053683,16.46,697,5730.0,9.395408154438163,56.8,0,1,0,0,0,0,0,0,1,0,0
1,0.1284,295.84,10.73630972,12.58,732,5910.0,10.11139563120756,94.0,1,0,0,0,1,0,0,0,0,0,0
1,0.1158,825.34,11.40756495,0.13,787,2279.958333,6.974478911025045,3.1,3,0,0,0,0,0,0,0,0,0,1
1,0.0932,159.74,10.6454249,19.31,742,6719.958333,8.87640491500694,39.3,0,0,0,0,1,0,0,0,0,0,0
1,0.1253,836.66,12.36734079,11.73,717,7230.0,8.61431990214696,10.6,3,0,0,0,1,0,0,0,0,0,0
1,0.0932,255.58,11.73606902,3.35,752,7650.0,8.657476736863293,30.3,0,0,0,0,0,1,0,0,0,0,0
1,0.1189,397.97,10.71441777,22.77,717,2729.958333,10.498525639985754,67.1,1,0,0,0,0,1,0,0,0,0,0
1,0.1158,165.07,10.54534144,13.52,807,4589.958333,5.780743515792329,1.8,0,0,0,0,1,0,0,0,0,0,0
1,0.1316,405.25,11.17043516,7.42,682,3839.958333,10.570393421890847,79.4,1,0,0,0,0,0,1,0,0,0,0
1,0.1316,108.07,11.05089001,12.06,697,3509.958333,9.276034475171546,97.1,0,0,0,0,0,1,0,0,0,0,0
1,0.08,131.62,10.37349118,17.48,767,8222.958333,7.028201432058005,40.2,0,0,0,0,0,0,1,0,0,0,0
1,0.0894,381.26,11.01039864,7.78,762,12266.95833,9.464517365870565,14.1,1,0,0,0,0,1,0,0,0,0,0
1,0.1411,342.29,10.30895266,13.96,672,4620.0,9.394576760974909,20.0,3,0,0,0,0,0,1,0,0,0,0
1,0.1411,205.38,10.4341158,7.98,662,2009.958333,7.660585461703256,58.9,1,2,0,0,1,0,0,0,0,0,0
1,0.0932,383.37,11.35040654,9.15,787,7469.958333,9.192787212728593,24.3,0,0,0,0,0,0,0,0,1,0,0
1,0.1379,340.76,10.51867319,18.16,682,6659.958333,9.76846934085804,47.9,0,0,0,0,0,0,1,0,0,0,0
1,0.1126,98.59,10.81977828,9.05,707,2490.0,8.759668671029939,37.9,2,0,0,0,1,0,0,0,0,0,0
1,0.1158,297.13,11.15619338,14.52,722,3809.958333,7.483806687665835,88.9,1,0,0,0,0,0,1,0,0,0,0
1,0.1221,506.39,11.69524702,8.91,742,4453.958333,9.282754052485227,76.8,5,0,0,0,1,0,0,0,0,0,0
1,0.1284,94.14,10.81069718,2.35,697,3270.0,8.163940954755008,40.4,1,0,0,0,1,0,0,0,0,0,0
1,0.1253,267.73,10.71441777,11.17,687,3479.958333,7.048386408721883,13.9,0,0,0,0,0,0,0,1,0,0,0
1,0.1347,101.77,11.05089001,17.48,672,3479.958333,8.255568653283746,75.5,1,0,0,0,0,0,1,0,0,0,0
1,0.1284,188.27,9.680344001,10.2,722,1440.0,8.065893546964274,66.3,2,0,0,0,1,0,0,0,0,0,0
1,0.0768,40.55,10.83958091,19.19,757,3479.958333,7.829630389150193,9.6,1,0,0,0,0,0,1,0,0,0,0
1,0.1189,497.46,10.77895629,20.27,712,4020.0,8.776321456449958,35.2,0,0,0,0,0,0,1,0,0,0,0
1,0.0932,127.79,10.79949394,8.67,802,4050.0,3.5553480614894135,0.3,0,0,0,0,1,0,0,0,0,0,0
1,0.1379,327.13,11.59175513,5.39,697,6329.958333,10.293060377975431,95.6,0,0,0,0,0,0,1,0,0,0,0
1,0.0768,187.15,11.22524339,1.86,782,4109.958333,7.461065514354283,12.6,0,0,0,0,1,0,0,0,0,0,0
1,0.1126,427.23,10.77895629,17.43,742,3330.0,10.271458456216711,39.9,0,0,0,0,0,0,1,0,0,0,0
1,0.1221,266.52,11.1844214,21.73,692,5969.958333,10.144471021978669,69.3,0,0,0,0,0,0,1,0,0,0,0
1,0.0932,31.95,11.35040654,7.27,732,6510.0,8.646641258603124,21.5,0,0,0,0,1,0,0,0,0,0,0
1,0.1379,170.38,10.34174248,19.78,682,1229.958333,8.721113147762688,57.3,3,0,0,0,0,0,1,0,0,0,0
1,0.1379,211.27,10.71441777,17.42,677,4182.958333,9.205830216498297,95.7,0,0,0,0,0,0,1,0,0,0,0
1,0.1253,133.87,10.47728798,10.41,687,2639.958333,9.405989388981,80.5,0,0,0,0,1,0,0,0,0,0,0
1,0.1916,58.78,10.6454249,14.6,662,3779.958333,5.375278407684165,71.7,1,0,0,0,0,0,0,0,0,0,1
1,0.0932,399.34,10.81977828,11.71,782,4800.0,6.959398512133975,8.6,0,0,0,0,0,0,0,0,1,0,0
1,0.1316,270.17,12.1547583,17.03,687,4320.0,11.639240884974443,92.8,0,0,0,0,0,0,0,1,0,0,0
1,0.0768,112.29,10.74343705,8.96,757,8519.958333,9.515985144802135,24.2,1,0,0,0,0,0,0,0,0,0,1
1,0.1442,137.54,10.54534144,4.61,662,5490.0,8.317277766221235,80.3,1,0,0,0,1,0,0,0,0,0,0
1,0.0963,513.51,12.61153775,0.16,787,5460.0,7.9247959139564355,10.7,1,0,0,0,0,0,0,0,1,0,0
1,0.1095,162.76,10.83879629,12.69,762,5969.958333,9.740556773534106,44.5,5,0,0,1,1,0,0,0,0,0,0
1,0.1221,333.15,11.32215229,11.91,702,3779.958333,7.60887062919126,31.0,1,0,0,0,1,0,0,0,0,0,0
1,0.1189,397.97,10.93310697,15.26,712,4620.0,8.63141433550626,80.1,3,0,0,0,0,0,1,0,0,0,0
1,0.1126,394.36,11.22524339,13.01,722,2971.0,9.445412494155667,67.3,0,0,0,1,0,0,0,0,0,0,1
1,0.1347,508.84,10.68281243,13.13,687,9840.0,9.63390731544833,24.9,2,1,0,1,0,0,0,0,1,0,0
1,0.1284,90.77,10.29809392,16.09,707,1830.0,6.720220155135295,92.0,3,0,0,0,1,0,0,0,0,0,0
1,0.1095,327.14,11.1844214,13.2,722,4919.958333,9.891516180754907,41.5,2,0,0,0,1,0,0,0,0,0,0
1,0.0932,142.17,10.6501755,17.77,737,2910.0,8.601166625192416,23.4,1,0,0,0,0,1,0,0,0,0,0
1,0.1461,241.33,10.65725935,10.64,682,1800.0,9.054621796976763,77.1,1,0,0,0,0,0,1,0,0,0,0
1,0.1114,393.65,11.03488966,5.52,757,3899.958333,9.568993358298544,46.2,2,0,0,0,1,0,0,0,0,0,0
1,0.0963,102.71,10.50506754,0.33,732,4290.0,6.208590026096629,4.1,1,0,1,0,1,0,0,0,0,0,0
1,0.0963,296.88,10.73413325,0.0,807,7320.0,7.282761179605593,4.0,2,0,0,1,0,0,0,0,1,0,0
1,0.1474,345.37,10.81977828,12.72,712,5130.0,8.402231172946555,22.6,0,0,1,0,1,0,0,0,0,0,0
1,0.0963,417.23,11.02353512,8.03,747,4562.958333,9.042513261332681,27.0,2,0,0,0,0,0,1,0,0,0,0
1,0.1189,397.97,11.91839057,17.84,707,5699.958333,6.421622267806518,17.5,2,0,1,0,0,0,0,0,1,0,0
1,0.0932,383.37,10.4744671,2.34,797,8189.958333,8.437283808187935,6.5,0,0,0,1,0,1,0,0,0,0,0
1,0.1126,525.82,11.40756495,8.83,742,7499.958333,9.858699369745993,53.0,1,0,0,0,0,0,1,0,0,0,0
1,0.1114,451.05,10.89821971,16.09,737,6180.0,10.067729995930177,70.8,0,0,0,0,0,0,1,0,0,0,0
1,0.1505,603.63,11.22524339,18.82,687,2580.0,10.490023435536594,82.8,0,0,0,0,0,0,1,0,0,0,0
1,0.0768,218.34,11.34687088,23.21,777,8430.0,10.498718660901549,32.9,2,0,0,1,0,0,0,0,1,0,0
1,0.1695,213.77,11.27090486,18.05,662,3119.958333,4.418840607796598,1.3,1,1,0,0,0,0,0,0,0,1,0
1,0.0932,102.23,9.680344001,0.0,737,2100.0,0.0,0.0,0,0,0,0,1,0,0,0,0,0,0
1,0.1253,200.8,11.03650127,10.18,682,6749.958333,8.937743936942443,82.7,2,0,0,0,0,0,0,0,1,0,0
1,0.1316,621.37,10.79728725,14.24,707,4290.0,10.18686035339981,70.1,0,0,0,0,0,0,1,0,0,0,0
1,0.1347,212.02,10.27518903,23.54,687,2820.0,9.340315448397929,90.4,1,0,0,0,0,0,1,0,0,0,0
1,0.1158,775.0,11.40756495,15.03,752,10019.95833,10.704142940811359,59.8,0,0,0,0,0,0,1,0,0,0,0
1,0.1474,138.15,10.34794899,0.0,692,1350.0,0.0,0.0,2,0,0,0,1,0,0,0,0,0,0
1,0.1189,225.52,10.0302964,15.43,712,3419.958333,8.397508348470257,16.6,2,0,0,0,1,0,0,0,0,0,0
1,0.1095,654.28,11.47820979,13.62,792,7439.958333,10.531215824531195,30.9,1,0,0,0,1,0,0,0,0,0,0
1,0.0932,223.63,10.52406404,20.06,747,5699.958333,8.08825472712243,30.2,0,0,0,0,1,0,0,0,0,0,0
1,0.1126,525.82,11.12732181,9.3,747,3300.0,7.767687277186908,7.9,1,0,0,0,1,0,0,0,0,0,0
1,0.1095,183.2,10.30895266,10.56,722,3330.0,6.57507584059962,5.4,3,0,0,1,0,0,0,1,0,0,0
1,0.1347,542.77,11.08214255,12.0,707,6689.958333,9.581490049669227,88.9,0,0,0,0,0,0,1,0,0,0,0
1,0.1189,53.07,11.31447453,18.13,702,5639.958333,10.161496191176417,94.1,1,1,0,0,0,0,1,0,0,0,0
1,0.1253,334.67,10.73630972,8.9,692,2009.958333,9.122492281402987,52.3,2,0,0,0,0,0,1,0,0,0,0
1,0.1189,643.39,11.57115664,15.44,727,7680.0,11.028352212348304,51.6,0,0,0,0,0,0,1,0,0,0,0
1,0.1884,438.93,10.81977828,12.6,712,3690.0,9.38915578944085,43.5,2,0,0,0,0,0,0,0,0,0,1
1,0.0963,343.41,10.77895629,10.86,737,3660.0,7.480428306074208,7.4,2,1,0,0,0,0,0,1,0,0,0
1,0.1158,660.27,12.61153775,6.93,762,10679.95833,0.0,0.0,1,0,0,0,1,0,0,0,0,0,0
1,0.1916,352.67,10.45737267,5.93,667,5820.0,9.364862411412354,81.6,1,0,1,0,0,0,0,0,0,0,1
1,0.0932,127.79,10.91508846,12.0,752,2856.0,7.014814351275545,2.7,1,0,0,0,1,0,0,0,0,0,0
1,0.1126,236.62,11.53272809,0.61,717,5699.958333,8.401333305321703,45.4,0,0,1,0,0,0,0,0,1,0,0
1,0.1158,79.24,10.16585182,15.05,692,3450.958333,6.595780513961311,5.8,3,1,0,1,0,0,0,1,0,0,0
1,0.1062,364.67,10.63585545,15.92,722,8833.0,8.604471199523298,83.9,0,0,0,0,0,0,1,0,0,0,0
1,0.1442,240.68,11.69524702,14.65,662,4589.958333,10.447409403791308,70.7,3,0,0,0,1,0,0,0,0,0,0
1,0.08,125.35,9.68009397,12.6,762,6032.958333,6.906754778648554,6.0,1,0,0,0,1,0,0,0,0,0,0
1,0.1221,333.15,11.40756495,22.47,737,7740.0,11.024757865096822,61.8,2,0,0,0,0,1,0,0,0,0,0
1,0.1884,914.42,11.51292546,6.76,712,8190.958333,10.568723822335235,80.5,3,1,0,0,0,0,0,0,0,0,1
1,0.1411,34.23,11.15257234,3.63,672,3930.0,9.189729418072059,95.1,2,0,1,0,0,0,1,0,0,0,0
1,0.1505,173.46,10.20359214,4.31,687,1440.0,8.110727582974489,95.1,0,0,0,1,0,0,1,0,0,0,0
1,0.1916,183.69,10.858999,22.59,662,3300.0,10.012924747234504,81.1,0,0,0,1,0,0,0,0,0,0,1
1,0.0963,160.48,10.87237073,21.81,727,2460.0,7.7706452341291765,36.4,1,0,0,0,1,0,0,0,0,0,0
1,0.1221,99.95,11.73606902,10.29,697,2850.0,8.752265313595721,79.0,0,0,1,0,1,0,0,0,0,0,0
1,0.1158,594.25,11.15625052,16.78,727,3509.958333,10.321309334853664,56.1,0,0,0,1,0,0,0,0,0,0,1
1,0.0963,320.95,10.67359577,8.94,742,7950.0,9.596758567164112,38.4,0,0,0,0,0,0,0,0,1,0,0
1,0.08,200.56,11.06657586,0.0,807,3960.0,0.0,0.0,1,0,0,0,0,0,0,0,1,0,0
1,0.1347,162.83,10.30895266,22.84,672,1710.0,6.910750787961936,83.5,0,0,0,0,1,0,0,0,0,0,0
1,0.0932,319.47,10.87812266,9.26,762,2160.0,8.129174996911793,9.2,1,0,0,0,0,0,0,0,1,0,0
1,0.1158,660.27,12.03528432,19.27,742,4199.958333,11.915238945246013,72.6,0,0,0,0,0,1,0,0,0,0,0
1,0.1253,301.2,11.03812636,14.1,697,3000.041667,8.008698182988528,30.7,3,0,0,0,0,0,1,0,0,0,0
1,0.1221,266.52,11.3736634,0.07,722,4949.958333,1.791759469228055,0.0,0,0,0,0,0,0,0,0,0,1,0
1,0.1411,205.38,10.49127422,21.3,662,2550.0,9.072341873818893,23.9,0,1,0,1,0,0,1,0,0,0,0
1,0.1568,87.51,10.41930072,14.29,667,3809.958333,5.659482215759621,95.3,0,2,0,0,0,0,1,0,0,0,0
1,0.0932,383.37,10.30895266,13.88,777,3449.958333,7.317212408359839,12.5,0,0,0,0,0,0,0,1,0,0,0
1,0.0963,385.14,10.90593763,7.46,752,5219.958333,8.643825842349603,9.5,0,0,0,0,0,0,0,0,1,0,0
1,0.1632,706.27,11.23321156,11.81,677,2820.0,10.085767441795337,91.2,1,0,0,0,0,0,1,0,0,0,0
1,0.1632,261.32,10.77895629,3.85,662,1140.0,8.760296220470051,70.8,0,0,0,0,0,0,1,0,0,0,0
1,0.1158,264.11,11.55214618,18.25,707,5160.0,10.95539250643891,84.6,1,0,0,0,1,0,0,0,0,0,0
1,0.1095,98.15,10.1266311,17.57,717,2316.958333,6.3818160174060985,36.9,3,0,0,0,0,0,1,0,0,0,0
1,0.0932,127.79,10.6214249,12.99,747,2009.958333,7.911324018963353,12.8,2,0,0,0,0,0,1,0,0,0,0
1,0.1821,90.65,10.91508846,12.07,667,2460.0,9.869775638050593,79.6,0,0,0,0,0,0,0,0,0,0,1
1,0.1442,343.83,11.00209984,8.0,677,3059.958333,7.344719054149673,20.9,3,0,0,0,0,0,1,0,0,0,0
1,0.1189,66.33,9.392661929,5.7,707,2970.0,7.388327859577107,52.1,1,0,0,0,1,0,0,0,0,0,0
1,0.1158,66.03,11.00209984,6.46,692,3812.958333,9.123910643977796,25.5,0,0,0,0,0,0,0,0,1,0,0
1,0.0932,223.63,10.26479176,24.54,737,2429.958333,8.739216115061744,16.1,3,0,0,0,0,0,1,0,0,0,0
1,0.1322,473.21,10.91508846,9.19,697,2310.041667,9.019542996701185,54.7,3,0,1,0,0,0,1,0,0,0,0
1,0.1126,328.64,11.62625415,16.29,717,5999.958333,8.655737000864297,43.8,0,0,0,0,1,0,0,0,0,0,0
1,0.1411,547.67,10.71441777,11.55,682,9420.0,9.597777277564957,86.1,0,0,0,0,0,0,1,0,0,0,0
1,0.1095,314.06,11.26446411,8.74,727,7740.0,9.305104948420606,20.5,0,1,0,0,0,0,0,0,1,0,0
1,0.1158,495.21,10.6454249,10.4,742,3660.0,9.660205067381032,44.7,0,0,0,0,0,0,1,0,0,0,0
1,0.1126,295.77,12.30517562,9.11,712,4619.958333,9.465370112152714,66.9,0,0,0,0,0,0,1,0,0,0,0
1,0.08,344.7,11.75981679,4.13,802,7980.0,8.57035473953047,7.4,0,0,0,0,0,0,1,0,0,0,0
1,0.1189,331.64,11.22524339,15.25,727,5130.0,8.941545475242885,28.2,1,0,0,0,0,0,1,0,0,0,0
1,0.08,188.02,11.44678566,13.27,752,2250.0,8.922924930641832,26.8,0,0,0,0,0,1,0,0,0,0,0
1,0.1253,334.67,10.51867319,18.49,707,2460.0,8.54188580400661,51.2,2,0,0,0,1,0,0,0,0,0,0
1,0.08,313.37,10.66895539,12.56,782,7560.0,8.536407410340042,21.5,1,0,0,0,0,0,1,0,0,0,0
1,0.0963,160.48,11.88454419,15.07,727,8939.958333,9.88608703785596,77.4,0,0,0,0,1,0,0,0,0,0,0
1,0.1442,144.41,9.680344001,11.1,677,1140.0,8.25088114470065,64.9,0,0,0,0,0,0,1,0,0,0,0
1,0.1505,424.97,11.39639165,23.8,662,5292.958333,9.859378912910065,69.1,1,1,0,0,0,0,1,0,0,0,0
1,0.1095,163.57,10.93310697,12.24,717,6090.0,10.08601742096504,75.5,2,0,0,0,1,0,0,0,0,0,0
1,0.1158,561.23,10.858999,16.94,762,4949.958333,9.34731582700326,39.1,0,0,0,0,0,0,1,0,0,0,0
1,0.1284,840.45,11.35040654,12.44,742,4800.0,8.555259392222693,49.5,4,0,0,0,1,0,0,0,0,0,0
1,0.1316,607.87,11.38509209,8.71,697,4199.958333,9.616405300156314,44.8,0,1,0,0,0,0,1,0,0,0,0
1,0.1347,508.84,11.12726298,10.69,692,1710.0,9.550092936718967,85.6,1,0,0,0,0,0,1,0,0,0,0
1,0.08,156.69,10.89673933,20.6,762,4290.0,8.592115117933497,26.9,0,0,0,0,1,0,0,0,0,0,0
1,0.1218,279.72,10.55236932,14.05,707,3929.958333,6.19644412779452,9.6,2,0,0,0,1,0,0,0,0,0,0
1,0.1189,636.75,11.39639165,12.09,727,4829.958333,9.471396088360253,32.1,1,0,0,0,0,0,1,0,0,0,0
1,0.1253,180.72,11.15625052,6.65,687,3660.0,9.188708071849069,59.3,1,0,0,0,0,0,0,0,0,1,0
1,0.1095,523.42,11.39315045,3.68,752,4096.0,8.1101268019411,10.7,0,0,0,1,0,0,0,1,0,0,0
1,0.0932,319.47,11.45301621,12.29,782,7236.0,0.0,0.0,0,0,0,0,0,0,0,0,1,0,0
1,0.1253,133.87,11.1193494,11.92,682,10890.0,10.407771828258696,55.6,1,0,0,1,1,0,0,0,0,0,0
1,0.0932,111.82,9.862665558,7.25,767,9662.958333,8.333510708982942,40.8,0,0,0,0,0,0,0,0,0,0,1
1,0.1347,169.62,10.46390302,24.94,677,4979.958333,9.48402493478411,78.3,0,0,0,0,0,0,1,0,0,0,0
1,0.08,300.83,11.69524702,5.93,777,5850.0,8.696510239189893,14.5,1,0,0,0,0,0,0,0,0,1,0
1,0.1607,457.52,10.95954023,23.85,662,3240.0,9.032886946579088,57.0,0,1,0,1,0,0,1,0,0,0,0
1,0.2011,623.4,11.45105006,5.36,667,4169.958333,8.674025985443025,24.3,3,3,0,1,0,0,0,0,0,0,1
1,0.1284,262.22,11.1844214,16.77,697,5850.0,9.53502917005706,87.9,0,0,0,0,0,0,1,0,0,0,0
1,0.1316,182.36,10.83417416,5.49,687,1979.958333,7.055312843339752,27.6,1,1,0,0,1,0,0,0,0,0,0
1,0.1411,855.73,11.40756495,11.67,707,4109.958333,9.795846661018736,55.3,0,0,0,0,0,0,1,0,0,0,0
1,0.0932,95.85,10.81977828,8.33,732,6930.0,9.55831760021172,46.9,0,0,0,0,1,0,0,0,0,0,0
1,0.1821,319.08,11.20775808,21.85,672,4680.0,10.10528488583074,74.5,2,0,0,0,0,1,0,0,0,0,0
1,0.08,156.69,10.71441777,17.84,772,6240.0,8.592857095337227,9.4,4,0,0,0,0,0,0,0,0,0,1
1,0.1126,821.59,12.4874851,5.53,787,10860.0,8.049427057110695,8.9,2,0,0,0,0,0,0,0,1,0,0
1,0.1218,333.0,11.00209984,24.7,712,2217.0,9.787515376283707,46.4,1,0,0,0,1,0,0,0,0,0,0
1,0.1158,165.07,11.08220409,12.42,707,5969.958333,0.0,7.28,2,1,0,0,0,0,0,0,1,0,0
1,0.1411,239.61,12.34583459,7.57,662,4080.0,8.534443544822764,57.8,1,0,1,1,0,1,0,0,0,0,0
1,0.1474,103.62,10.62132735,16.77,662,2729.958333,8.739055922830724,90.4,0,0,0,0,1,0,0,0,0,0,0
1,0.1284,302.57,11.21182037,19.09,692,2789.958333,10.10242037513528,88.4,0,0,0,0,1,0,0,0,0,0,0
1,0.1379,211.27,10.59653473,9.0,682,5400.0,8.407601514786142,81.5,3,0,0,0,0,0,1,0,0,0,0
1,0.1095,98.15,10.40426284,7.42,712,5562.0,8.799510901368867,39.2,3,0,0,0,0,0,1,0,0,0,0
1,0.1284,63.88,10.44348355,23.29,672,3000.0,10.094521049932105,54.9,2,0,0,0,0,0,0,0,1,0,0
1,0.1095,245.36,11.08214255,11.65,742,11039.95833,11.042393696283407,58.8,4,0,0,0,1,0,0,0,0,0,0
1,0.08,94.01,9.903487553,13.56,747,2022.958333,8.959825623865841,17.7,1,0,0,0,1,0,0,0,0,0,0
1,0.0932,95.85,12.32385568,11.77,732,6029.958333,9.407304205507007,36.1,1,0,0,0,0,0,1,0,0,0,0
1,0.0963,154.06,10.23981692,7.67,732,2190.0,8.73985662749357,54.8,2,0,0,1,1,0,0,0,0,0,0
1,0.1442,51.58,11.00209984,20.0,697,4380.0,10.051390182459624,99.1,2,0,0,0,1,0,0,0,0,0,0
1,0.08,188.02,10.59653473,14.58,767,5309.958333,8.246171559857563,16.8,0,0,0,0,0,0,1,0,0,0,0
1,0.0963,57.77,10.59653473,8.52,727,1772.0,6.598509028614515,30.4,1,0,0,0,1,0,0,0,0,0,0
1,0.179,902.5,11.35040654,4.93,722,3749.958333,7.619233416226805,10.1,2,0,1,1,0,0,0,0,0,0,1
1,0.1158,165.07,11.35040654,18.48,702,3809.958333,7.860185057472165,74.0,1,1,0,0,0,0,1,0,0,0,0
1,0.1284,282.4,11.45105006,22.54,682,3990.0,11.091666284563281,81.5,1,0,0,1,0,0,0,1,0,0,0
1,0.1126,164.32,11.0744205,7.72,717,5699.958333,7.2868764117507,38.4,2,0,0,0,0,0,0,1,0,0,0
1,0.0963,128.38,11.33857208,8.6,732,2039.958333,8.09437844497296,14.7,0,0,0,0,0,0,1,0,0,0,0
1,0.0963,385.14,11.22524339,9.12,747,2759.958333,8.558910784768106,8.4,2,0,0,0,1,0,0,0,0,0,0
1,0.1158,396.17,11.21182037,4.3,717,8460.0,9.416866617466955,20.6,1,1,0,0,0,0,0,0,1,0,0
1,0.08,188.02,11.28983191,7.41,807,6630.0,7.014814351275545,1.2,1,0,0,0,0,0,0,0,1,0,0
1,0.1114,328.04,9.980448594,8.28,727,2031.958333,8.37309184744198,10.3,2,0,0,0,1,0,0,0,0,0,0
1,0.16,421.89,10.77895629,13.26,667,1710.0,7.87359778968554,61.1,3,0,0,0,0,0,0,1,0,0,0
1,0.0932,118.21,9.61580548,5.52,742,2429.958333,0.0,0.0,0,0,0,0,1,0,0,0,0,0,0
1,0.1411,410.75,11.04285783,15.55,677,2250.0,8.400884069015854,37.1,1,0,0,0,1,0,0,0,0,0,0
1,0.1347,237.46,10.89673933,17.69,672,2100.0,8.70996000607173,55.6,0,0,0,0,0,0,1,0,0,0,0
1,0.1347,305.31,11.68687877,22.61,682,7230.0,11.2348504301298,92.9,2,0,0,0,0,0,1,0,0,0,0
1,0.0963,205.41,11.49272276,16.44,742,5460.0,9.546955455537143,34.7,4,0,0,0,0,0,1,0,0,0,0
1,0.1347,576.69,10.67533038,13.03,697,4595.958333,9.746190260646909,73.7,2,0,0,0,0,0,1,0,0,0,0
1,0.0932,319.47,11.1123882,3.33,797,4800.0,0.0,0.0,0,0,0,0,0,1,0,0,0,0,0
1,0.0963,346.62,10.46310334,8.85,732,3149.958333,9.299815378403785,52.1,0,0,0,1,0,0,1,0,0,0,0
1,0.1379,681.51,11.54248427,19.76,692,6960.0,10.021848199120974,65.2,0,0,0,0,0,0,1,0,0,0,0
1,0.1189,33.17,11.3736634,5.57,697,8519.958333,8.655737000864297,55.2,0,1,0,0,1,0,0,0,0,0,0
1,0.1158,165.07,10.51867319,7.36,762,2250.0,0.0,0.0,1,0,0,0,1,0,0,0,0,0,0
1,0.0932,191.69,10.46310334,7.85,737,3210.0,9.151969458649853,47.2,2,0,0,0,0,0,1,0,0,0,0
1,0.1632,176.57,11.15625052,16.75,662,1560.0,8.269244521183056,95.1,0,0,0,0,0,0,1,0,0,0,0
1,0.1287,538.14,10.54534144,22.34,722,3965.958333,0.0,0.0,0,0,0,0,1,0,0,0,0,0,0
1,0.1347,678.46,10.83958091,17.46,697,2850.0,9.044049632254756,26.7,1,0,0,0,1,0,0,0,0,0,0
1,0.1284,285.76,10.81977828,24.43,732,9349.958333,9.031213706078747,91.9,1,0,0,0,0,0,1,0,0,0,0
1,0.1442,481.36,10.66895539,7.67,672,4380.0,8.868835492826895,67.7,0,0,0,0,0,0,1,0,0,0,0
1,0.1379,374.84,10.69194491,14.97,692,1620.958333,9.200391041122515,60.0,1,0,0,0,0,1,0,0,0,0,0
1,0.0932,319.47,10.73639668,20.92,767,4692.0,10.107407508882579,37.9,0,0,0,0,1,0,0,0,0,0,0
1,0.1347,339.23,11.3736634,22.65,692,10439.95833,9.612065160468624,54.3,0,1,0,0,0,0,1,0,0,0,0
1,0.0932,95.85,10.29775689,13.91,757,3540.0,0.0,0.0,1,0,0,0,0,0,1,0,0,0,0
1,0.1253,167.34,10.91508846,7.53,717,3240.0,7.69484807238461,39.9,1,0,0,0,1,0,0,0,0,0,0
1,0.1095,386.03,10.46310334,1.99,762,3540.0,8.563122123304638,11.4,3,0,0,0,0,0,0,0,0,1,0
1,0.08,235.03,11.90494053,0.92,802,9299.958333,8.976514972315112,6.5,1,0,0,0,0,0,0,0,0,1,0
1,0.1695,320.65,12.37581542,11.67,667,3869.958333,10.014760554945557,99.3,0,0,1,1,0,0,1,0,0,0,0
1,0.1126,394.36,10.96819829,6.33,782,3631.0,5.062595033026967,0.6,0,0,0,0,0,0,0,0,0,0,1
1,0.1758,122.21,10.96812932,7.35,697,1679.958333,8.433159195806228,51.6,0,0,0,0,0,0,0,0,0,0,1
1,0.1316,33.78,10.6454249,19.63,672,3869.958333,9.322775801305971,86.7,2,1,0,0,1,0,0,0,0,0,0
1,0.1189,39.8,9.472704636,24.09,707,1387.0,6.650279048587422,25.7,0,0,0,0,0,0,0,1,0,0,0
1,0.1347,529.2,10.87804719,18.66,697,3119.958333,9.511555458710548,92.6,2,0,0,0,0,0,1,0,0,0,0
1,0.1347,203.54,10.34174248,20.25,702,1199.958333,7.747164966520335,32.1,1,0,0,0,1,0,0,0,0,0,0
1,0.1253,53.55,10.1266311,2.98,712,1113.0,8.124446855715847,51.1,0,0,0,0,0,0,1,0,0,0,0
1,0.1568,322.02,10.81977828,12.98,662,5160.0,9.720285608314866,63.3,0,0,0,0,0,0,1,0,0,0,0
1,0.1126,402.58,11.6127708,9.38,747,5669.958333,10.592476097947214,86.1,1,0,0,0,0,0,1,0,0,0,0
1,0.1158,363.15,11.3736634,9.32,722,3749.958333,9.894850359140465,90.9,0,0,0,0,0,0,1,0,0,0,0
1,0.0932,319.47,12.2010601,8.36,802,11685.0,11.882583759267089,3.3,0,0,0,0,0,1,0,0,0,0,0
1,0.1253,167.34,10.54534144,19.14,682,2220.0,9.897318563390598,77.0,0,0,0,0,0,0,1,0,0,0,0
1,0.0963,224.66,10.71441777,24.59,727,4469.958333,9.218606116393214,56.3,0,0,0,0,0,1,0,0,0,0,0
1,0.1158,198.09,9.798127037,18.07,707,1770.0,9.214431989879436,32.1,0,0,0,0,0,0,0,0,0,0,1
1,0.1253,133.87,10.75798798,1.07,732,1140.0,7.195187320178709,19.9,0,0,0,0,1,0,0,0,0,0,0
1,0.1126,328.64,10.81977828,12.24,722,4984.958333,9.580799870885532,36.5,1,0,0,0,0,0,1,0,0,0,0
1,0.1126,328.64,11.3736634,10.41,747,3900.958333,9.575469478561473,37.1,3,0,0,0,1,0,0,0,0,0,0
1,0.1663,886.75,11.6784399,2.84,742,6749.958333,8.829958044235482,13.2,1,0,0,1,0,0,0,0,0,0,1
1,0.1884,914.42,11.73606902,19.3,707,6809.958333,10.178843975297273,49.0,2,0,0,0,0,0,0,0,0,0,1
1,0.0768,93.58,11.15625052,8.78,762,3630.0,7.701652362642226,6.2,0,0,0,0,0,0,1,0,0,0,0
1,0.0932,76.68,10.59663473,9.0,737,2610.0,9.24763615671988,69.2,0,0,0,0,0,1,0,0,0,0,0
1,0.1189,132.66,10.89673933,12.91,692,4290.0,10.113424276363055,66.0,1,1,0,0,1,0,0,0,0,0,0
1,0.1411,684.58,11.8913071,13.1,692,5370.0,0.0,0.0,1,0,0,0,0,0,1,0,0,0,0
1,0.1253,669.33,10.59663473,17.76,722,3267.0,9.834083882397248,66.9,0,0,0,0,0,0,1,0,0,0,0
1,0.08,108.11,10.27505111,21.6,737,6809.958333,10.009917496151974,44.5,1,0,0,0,0,1,0,0,0,0,0
1,0.1505,208.15,11.07702177,11.58,717,4529.958333,8.615951963439501,98.3,0,0,0,0,0,0,0,0,0,1,0
1,0.0963,96.29,11.33857208,16.86,717,7350.0,10.344641503052799,78.1,1,0,0,0,1,0,0,0,0,0,0
1,0.0932,191.69,11.15310271,4.06,747,2250.0,8.576970395452099,12.8,1,0,0,0,0,0,1,0,0,0,0
1,0.1221,453.09,11.15625052,22.18,712,3990.0,10.450481157684562,84.9,2,0,0,0,0,1,0,0,0,0,0
1,0.1221,69.97,10.08580911,19.35,687,13410.0,0.0,0.0,0,0,0,0,0,0,0,1,0,0,0
1,0.0932,287.53,11.35035948,0.0,812,4800.0,7.203405521083095,3.1,1,0,0,0,1,0,0,0,0,0,0
1,0.0932,332.25,11.48965684,6.3,762,5400.0,10.652731472447943,38.0,1,0,0,0,0,0,1,0,0,0,0
1,0.08,137.88,10.40426284,10.76,747,3300.0,6.073044534100405,7.3,0,0,0,0,0,0,1,0,0,0,0
1,0.1189,318.38,10.4744671,21.15,707,3575.0,10.319991507759509,44.4,3,0,0,0,1,0,0,0,0,0,0
1,0.1218,666.0,11.96527416,8.95,727,7157.958333,10.352682423505618,61.3,3,0,0,0,0,0,0,1,0,0,0
1,0.1126,492.95,11.03495418,5.46,787,5820.0,9.79322615827859,32.6,2,0,0,1,0,0,1,0,0,0,0
1,0.1347,101.77,10.81977828,19.75,672,6960.0,9.741909356880074,53.8,1,0,0,0,1,0,0,0,0,0,0
1,0.1284,50.43,10.92233487,23.09,672,4560.958333,10.36404041362647,79.2,3,0,0,0,0,0,1,0,0,0,0
1,0.0963,471.79,11.31447453,4.71,762,6809.958333,8.196987927258897,17.9,0,1,0,0,0,0,0,0,0,0,1
1,0.1158,825.34,11.47874801,19.57,752,4229.958333,9.746365796763916,38.8,1,0,0,0,0,0,1,0,0,0,0
1,0.1158,594.25,11.53272809,11.35,727,5550.0,10.399158928530442,66.6,1,0,0,1,1,0,0,0,0,0,0
1,0.1221,333.15,10.71441777,0.0,707,2640.0,8.502079553606189,23.8,0,1,0,0,1,0,0,0,0,0,0
1,0.0932,159.74,10.81985828,1.39,777,6930.0,7.738488122494646,6.1,0,0,0,0,0,0,0,0,1,0,0
1,0.1411,479.21,11.00209984,22.14,677,5699.958333,9.559658319461347,58.6,1,0,0,0,0,1,0,0,0,0,0
1,0.1221,832.88,11.35040654,17.59,727,3330.0,10.438693545027498,45.5,0,0,0,0,0,1,0,0,0,0,0
1,0.0768,124.77,10.84480255,18.07,797,5520.0,8.251403065380556,6.6,0,0,0,0,0,0,0,0,1,0,0
1,0.0932,111.82,11.00209984,16.92,727,2069.958333,8.058643712215618,33.3,1,0,0,0,0,0,1,0,0,0,0
1,0.1379,681.51,12.4292162,5.4,687,6779.958333,9.337589572891646,78.7,1,0,0,0,0,0,1,0,0,0,0
1,0.1095,229.0,10.22990945,13.68,717,2100.0,8.441607204459642,60.2,3,0,0,0,0,0,1,0,0,0,0
1,0.1316,101.32,10.80242865,0.56,717,1259.958333,7.422373700986824,53.9,2,0,0,0,0,0,0,0,1,0,0
1,0.1095,163.57,11.60367983,15.75,717,4680.0,10.441967253083934,67.5,2,0,0,0,1,0,0,0,0,0,0
1,0.1158,429.18,10.63585545,17.37,717,3630.0,9.574427775630369,34.4,2,0,0,0,0,0,1,0,0,0,0
1,0.1379,477.06,10.89673933,6.71,687,4800.0,9.730740018176446,81.3,2,0,0,1,0,0,0,0,0,1,0
1,0.1253,259.37,11.70645498,24.54,702,6270.0,11.191962337949786,93.6,0,0,0,0,0,1,0,0,0,0,0
1,0.1221,333.15,10.59663473,4.59,742,4020.0,8.663023639627777,52.6,1,0,0,0,0,0,1,0,0,0,0
1,0.1537,261.35,11.22524339,7.09,667,5850.0,10.162345677674331,97.4,1,0,1,0,0,0,1,0,0,0,0
1,0.1158,396.17,10.95080655,13.89,722,2759.958333,8.940760134888384,26.9,1,0,0,1,0,0,1,0,0,0,0
1,0.1221,666.3,11.51292546,8.89,722,5400.0,9.934840860194123,22.6,2,1,0,0,0,0,1,0,0,0,0
1,0.1221,499.73,11.51292546,9.19,712,2309.958333,10.094314502373795,30.0,2,0,0,0,0,0,0,0,1,0,0
1,0.1316,506.56,10.87161143,6.52,692,3630.0,9.246961555431827,50.1,0,0,0,0,0,0,1,0,0,0,0
1,0.0963,205.41,10.66895539,21.01,727,3720.0,7.701200180857446,11.9,1,0,0,0,1,0,0,0,0,0,0
1,0.08,112.81,10.46321762,2.23,737,4589.958333,8.520388082312756,8.2,1,0,0,0,0,0,0,0,0,1,0
1,0.0894,301.83,11.35627165,6.27,747,3449.958333,8.761393485256058,9.4,0,0,0,0,0,0,0,0,1,0,0
1,0.0932,191.69,10.33475035,5.57,752,4949.958333,9.005036738790304,18.4,0,0,0,0,0,0,1,0,0,0,0
1,0.1565,419.84,11.08214255,11.94,712,6897.0,9.516647908551128,26.6,0,0,0,1,0,0,0,0,0,0,1
1,0.1221,259.86,10.98529272,11.69,692,2069.958333,8.872627365918836,63.7,1,0,0,0,0,0,1,0,0,0,0
1,0.1253,167.34,10.30895266,0.0,697,1860.0,0.0,0.0,1,1,0,1,0,0,0,1,0,0,0
1,0.1474,86.35,9.798127037,6.93,662,2520.0,8.366370301681654,17.1,1,0,0,1,0,1,0,0,0,0,0
1,0.0932,159.74,11.05089001,13.79,737,3630.0,8.549466751966532,28.1,1,0,0,0,0,1,0,0,0,0,0
1,0.1158,99.05,11.55214618,15.18,712,7139.958333,9.955747879197213,94.6,1,0,0,0,1,0,0,0,0,0,0
1,0.0932,127.79,10.62132735,17.82,747,3990.0,10.117186645022338,32.0,0,0,0,1,0,0,1,0,0,0,0
1,0.1221,133.26,10.59663473,13.26,692,3630.0,8.727940222393896,22.2,0,0,0,0,0,0,1,0,0,0,0
1,0.1316,148.59,10.84894866,6.69,707,6419.958333,9.33917324381915,68.1,1,1,0,1,0,0,1,0,0,0,0
1,0.08,156.69,9.472704636,16.8,762,3660.0,7.58629630715272,7.5,0,0,0,0,0,0,0,0,0,0,1
1,0.0963,152.45,10.30895266,12.52,727,2550.0,8.711278615130434,30.3,3,0,0,1,1,0,0,0,0,0,0
1,0.1695,178.14,10.81977828,21.7,687,4619.958333,8.665785595466064,66.7,2,1,0,1,0,0,0,0,0,0,1
1,0.1316,344.46,10.6454249,14.57,697,2850.0,9.048409504829962,87.7,2,0,0,0,0,0,1,0,0,0,0
1,0.1253,301.2,11.34805082,21.4,692,5040.0,8.910315776326016,45.4,1,0,0,0,1,0,0,0,0,0,0
1,0.08,156.69,11.45495731,16.21,747,8969.958333,11.271274197600277,36.9,3,0,0,0,0,0,1,0,0,0,0
1,0.1148,494.53,11.28978191,0.66,752,2789.958333,6.2422232654551655,7.0,3,0,0,0,0,0,0,0,0,1,0
1,0.1221,283.18,10.49559819,9.23,722,1487.0,5.8998973535824915,12.1,1,0,0,0,1,0,0,0,0,0,0
1,0.0932,319.47,10.9331784,12.62,777,3330.0,6.683360945766275,4.9,0,0,0,0,0,0,0,0,1,0,0
1,0.0932,332.25,10.61643736,14.47,752,2970.0,8.227375506834035,10.2,1,0,0,0,0,0,0,1,0,0,0
1,0.0963,288.85,11.42954386,15.85,732,4589.958333,10.220449262052888,63.4,0,0,0,0,0,0,0,0,0,0,1
1,0.1632,565.02,10.95080655,5.64,662,4770.0,9.88369292520795,76.9,0,0,0,0,0,0,1,0,0,0,0
1,0.1221,499.73,10.71441777,14.51,712,5699.958333,8.663369301573839,48.6,3,0,1,1,0,0,0,0,1,0,0
1,0.1505,312.23,11.03488966,23.75,677,3570.0,9.625755810937516,92.9,1,0,0,0,0,0,1,0,0,0,0
1,0.1126,262.91,11.41564334,8.04,722,6300.0,8.945202263959297,57.7,1,0,0,0,0,0,1,0,0,0,0
1,0.1379,681.51,11.32242576,14.94,692,4499.958333,10.503696737436805,45.1,0,0,0,1,0,0,1,0,0,0,0
1,0.0932,47.93,11.08214255,5.94,742,5880.0,7.711101251840158,38.5,0,0,0,0,0,0,0,1,0,0,0
1,0.1284,403.42,10.46321762,11.21,687,8100.0,9.055906318669118,48.1,1,4,0,1,0,1,0,0,0,0,0
1,0.0932,223.63,10.51867319,23.42,737,4680.0,10.019090435608215,52.9,1,0,0,0,0,1,0,0,0,0,0
1,0.1411,273.84,10.71441777,8.8,702,1410.0,0.0,0.0,2,0,0,0,0,0,0,0,0,1,0
1,0.1126,328.64,11.42954386,2.54,717,6749.958333,9.45798139489078,26.3,3,0,1,0,0,0,1,0,0,0,0
1,0.1537,871.16,13.01700286,0.13,687,2520.0,8.487558386286548,14.8,2,0,0,0,0,0,0,0,1,0,0
1,0.1505,346.92,10.71441777,11.92,667,4020.0,10.291569105033412,80.3,1,0,0,1,0,0,1,0,0,0,0
1,0.1253,200.8,10.62132735,11.24,682,1890.0,9.155884186180124,65.8,0,1,0,0,0,1,0,0,0,0,0
1,0.1221,333.15,11.42958733,10.45,702,3419.958333,9.760136677640245,45.7,0,0,0,1,1,0,0,0,0,0,0
1,0.1379,817.82,11.81303006,5.72,707,6060.958333,10.091915427761844,58.9,0,0,0,0,0,0,1,0,0,0,0
1,0.1347,508.84,11.41090381,3.77,682,4800.0,10.108304187157454,66.9,0,0,0,0,0,1,0,0,0,0,0
1,0.1284,90.77,10.71441777,9.17,697,6600.0,7.957877358489813,92.2,0,0,0,0,0,0,1,0,0,0,0
1,0.1758,215.66,10.77895629,5.03,697,1740.0,8.264105763728956,55.4,0,0,0,0,0,0,0,0,0,0,1
1,0.1253,100.4,11.00209984,12.98,682,4800.0,9.022684613591526,83.7,0,0,0,0,1,0,0,0,0,0,0
1,0.1758,539.13,11.26446411,9.18,692,5981.958333,9.215924750270084,37.5,0,0,0,0,0,0,0,0,0,0,1
1,0.0894,349.49,11.66134547,7.14,742,8490.0,10.006179510759674,17.5,0,0,0,0,0,1,0,0,0,0,0
1,0.1221,159.92,11.22524339,9.41,697,3750.0,9.955605506798234,87.8,0,0,0,0,1,0,0,0,0,0,0
1,0.08,156.69,10.23995979,2.36,752,2192.0,7.857093864902493,31.5,1,0,0,0,0,0,0,0,0,1,0
1,0.08,188.02,10.73639668,10.64,762,11700.0,11.2220382615695,13.9,0,0,0,0,0,0,1,0,0,0,0
1,0.16,175.79,10.3859137,16.3,662,3616.0,0.0,0.0,0,1,0,1,0,0,1,0,0,0,0
1,0.1357,271.75,9.680344001,7.35,692,1514.0,8.376090350438238,31.2,0,0,0,0,0,1,0,0,0,0,0
1,0.1189,215.57,11.33857208,18.1,702,5490.0,9.58713161949974,36.4,1,0,0,0,1,0,0,0,0,0,0
1,0.0963,449.32,11.26446411,11.88,802,4290.0,7.1204443723924875,3.9,1,0,0,0,0,0,0,0,0,1,0
1,0.1316,128.33,10.71441777,17.01,702,2550.0,8.545780648268149,29.1,0,0,0,0,0,0,0,1,0,0,0
1,0.1316,364.72,10.73630972,19.05,692,3990.0,9.477921772720961,89.5,1,0,0,0,0,0,1,0,0,0,0
1,0.1095,57.25,9.740968623,23.65,712,12629.95833,9.574010790427302,25.6,3,0,0,0,1,0,0,0,0,0,0
1,0.1095,98.15,10.98026315,7.4,722,5040.0,9.380589347535867,76.0,2,1,0,1,0,0,0,0,0,1,0
1,0.1632,882.84,12.56024446,14.67,687,7320.0,11.465047384725764,96.4,0,0,0,0,0,1,0,0,0,0,0
1,0.0963,160.48,11.05879518,22.37,727,2669.958333,8.202482446576537,28.5,1,0,0,0,1,0,0,0,0,0,0
1,0.1158,660.27,10.81985828,12.46,772,4140.958333,0.0,0.0,1,0,0,0,0,0,1,0,0,0,0
1,0.08,175.49,11.08214255,17.13,757,6150.0,8.461469042643875,18.8,1,0,0,0,1,0,0,0,0,0,0
1,0.1253,133.87,10.59663473,18.39,687,4050.0,8.885717651712119,70.9,0,0,0,0,0,0,1,0,0,0,0
1,0.1505,86.73,11.1844214,16.3,667,3600.0,9.695417325719395,95.5,0,0,0,0,0,1,0,0,0,0,0
1,0.0963,385.14,10.46310334,15.94,767,7139.958333,9.392911897525345,29.4,1,0,0,0,0,0,1,0,0,0,0
1,0.1189,331.64,11.40756495,13.95,712,6809.958333,10.394487948750555,75.8,0,0,1,0,0,0,1,0,0,0,0
1,0.1284,268.95,10.65140697,16.73,682,3600.0,8.312871394342615,20.4,0,0,0,0,1,0,0,0,0,0,0
1,0.1461,379.23,11.14186178,12.7,682,10820.95833,9.974877548622802,82.3,0,0,0,0,0,0,1,0,0,0,0
1,0.1189,530.63,11.45105006,13.93,717,7079.958333,9.197052477649247,24.1,1,0,0,0,0,0,1,0,0,0,0
1,0.1221,299.84,10.89049766,24.35,702,3600.0,10.686292605026608,86.3,0,0,0,0,0,0,0,0,0,1,0
1,0.1095,327.14,11.15625052,0.82,722,5984.958333,7.784057002639929,8.1,0,0,0,0,1,0,0,0,0,0,0
1,0.1379,204.46,11.69524702,9.74,672,5521.0,10.622375576588224,82.1,2,0,0,0,0,0,1,0,0,0,0
1,0.1126,460.09,10.49127422,22.83,722,3570.0,9.249657234353133,40.2,2,0,0,0,0,0,1,0,0,0,0
1,0.0932,115.01,10.69194491,2.1,797,5161.0,0.0,0.0,0,0,0,0,1,0,0,0,0,0,0
1,0.0963,112.33,10.59663473,5.31,717,3270.0,8.34283980427146,27.6,1,0,0,0,0,0,0,0,1,0,0
1,0.1537,139.39,9.61580548,15.04,787,3869.958333,7.3613754289773485,3.5,1,0,0,0,0,0,0,0,0,0,1
1,0.1316,489.67,10.71441777,24.91,687,3899.958333,9.624765221455819,74.6,0,0,0,0,0,0,1,0,0,0,0
1,0.1126,591.54,11.1051978,10.93,742,5550.0,10.295428283824405,30.8,0,0,0,1,0,0,1,0,0,0,0
1,0.0788,187.69,10.78931908,18.09,722,3870.041667,10.082470208064567,67.6,2,0,0,0,0,0,1,0,0,0,0
1,0.1284,134.48,9.340403256,11.7,687,1709.958333,8.240121298076472,75.8,0,0,0,0,0,0,1,0,0,0,0
1,0.1474,172.69,10.08580911,15.05,672,1380.0,9.190443740261726,63.6,2,1,0,0,0,0,1,0,0,0,0
1,0.1253,133.87,11.09930217,3.26,712,1740.0,8.213652703029998,73.8,0,0,0,0,0,0,1,0,0,0,0
1,0.1347,463.05,10.89673933,23.29,682,3300.0,9.838949031398556,61.1,3,1,0,0,0,0,1,0,0,0,0
1,0.1095,196.29,10.04324949,8.82,742,7320.0,6.3835066348840055,29.5,0,0,0,0,0,0,1,0,0,0,0
1,0.1221,199.89,10.18111929,11.05,687,4589.958333,9.574149804815514,68.5,0,0,0,1,0,0,1,0,0,0,0
1,0.1379,681.51,11.69524702,15.0,687,7680.0,10.12310489407378,27.2,1,2,0,0,0,0,1,0,0,0,0
1,0.0963,231.08,11.3736634,3.61,777,4499.958333,0.0,0.0,0,0,0,0,0,0,0,0,1,0,0
1,0.1221,116.61,10.59663473,8.28,687,5249.958333,8.268988209506656,43.7,0,1,0,0,0,1,0,0,0,0,0
1,0.1287,235.44,10.81977828,16.06,692,2940.0,9.883794919190391,73.7,2,0,0,0,0,1,0,0,0,0,0
1,0.0963,320.95,10.81977828,21.89,747,6389.958333,10.431052292306395,33.3,0,0,0,0,0,0,1,0,0,0,0
1,0.08,125.35,11.12726298,14.19,772,2339.958333,6.156978985585555,2.6,2,0,0,0,0,0,0,0,0,1,0
1,0.0932,191.69,11.46468015,9.51,742,4680.0,10.34525244536991,34.9,0,0,0,1,0,0,0,0,0,1,0
1,0.1758,251.6,10.30895266,13.16,712,2100.0,9.394160804893874,73.7,1,0,0,0,0,0,0,0,0,0,1
1,0.1284,403.42,10.4341158,23.05,687,5070.0,9.088963385809583,28.2,2,2,1,0,0,0,1,0,0,0,0
1,0.1221,449.76,11.12726298,18.72,707,3180.958333,10.265174913298397,53.1,0,0,0,0,0,0,1,0,0,0,0
1,0.1411,201.1,9.862665558,0.56,682,6540.0,0.0,0.0,2,0,0,0,0,0,0,1,0,0,0
1,0.0894,142.98,11.51292546,9.6,752,3893.958333,10.82546210087858,32.6,3,0,0,0,1,0,0,0,0,0,0
1,0.0932,111.82,10.79409118,8.94,767,2069.958333,5.638354669333745,2.1,0,0,0,0,0,0,0,0,0,1,0
1,0.08,203.69,11.72800459,8.79,752,7439.958333,8.965590066907914,13.2,3,0,0,0,0,0,0,0,1,0,0
1,0.1442,206.3,10.77895629,4.88,662,2100.0,8.624431942085836,43.1,0,0,0,0,0,0,1,0,0,0,0
1,0.1347,122.13,9.61580548,15.28,682,1410.0,5.918893854273146,37.1,1,0,0,0,1,0,0,0,0,0,0
1,0.1379,238.53,11.19134184,13.41,682,4619.958333,10.023135514802023,57.1,1,0,0,0,0,0,1,0,0,0,0
1,0.1221,299.84,11.51791301,8.6,697,5639.958333,9.952039593118293,75.8,1,0,0,0,0,0,1,0,0,0,0
1,0.0932,255.58,10.30895266,16.8,772,5969.958333,8.934718614016768,25.7,0,0,0,0,0,0,0,1,0,0,0
1,0.1253,227.58,11.08214255,4.1,747,2789.958333,5.049856007249537,1.2,6,0,0,1,0,0,0,0,1,0,0
1,0.1189,328.33,10.62869042,18.19,707,3607.0,9.075436609511382,70.5,0,0,0,0,0,0,1,0,0,0,0
1,0.1348,447.8,10.46310334,22.25,687,3955.041667,10.0731881321402,78.7,0,0,0,0,0,0,1,0,0,0,0
1,0.1126,87.09,10.77895629,20.8,702,15419.95833,9.003316202541857,63.0,1,0,0,0,0,1,0,0,0,0,0
1,0.1158,495.21,11.19821472,10.22,752,8400.0,9.733766277717912,54.4,1,0,0,0,0,0,1,0,0,0,0
1,0.1726,751.47,10.77895629,13.38,667,5646.958333,0.0,0.0,1,3,0,0,1,0,0,0,0,0,0
1,0.08,156.69,10.98860925,7.12,752,5669.958333,9.51332968849511,48.9,3,0,0,0,1,0,0,0,0,0,0
1,0.08,100.28,10.30895266,2.84,762,2550.0,5.19295685089021,0.5,1,0,0,0,1,0,0,0,0,0,0
1,0.1284,268.95,9.472704636,0.0,717,1440.0,0.0,0.0,3,0,0,1,0,0,0,1,0,0,0
1,0.0768,124.77,10.81985828,17.06,782,4290.0,7.576097340623111,18.7,3,0,0,0,0,0,1,0,0,0,0
1,0.1189,265.32,9.903487553,8.46,712,4169.958333,9.569901147893372,75.4,0,0,0,0,0,0,1,0,0,0,0
1,0.1221,59.97,11.00209984,19.82,732,3720.0,9.732402627668161,96.3,0,0,0,0,1,0,0,0,0,0,0
1,0.1316,337.71,10.73639668,15.47,687,1679.958333,8.378390788535778,33.7,0,0,0,1,0,0,1,0,0,0,0
1,0.1442,275.07,10.89673933,7.0,662,1949.958333,9.606966531417143,57.6,2,0,0,0,0,0,1,0,0,0,0
1,0.0963,288.85,11.35045359,7.19,757,2759.958333,2.4849066497880004,0.1,1,0,0,1,1,0,0,0,0,0,0
1,0.1505,173.46,11.35040654,14.04,672,5490.0,9.205629292246064,97.6,1,0,0,0,1,0,0,0,0,0,0
1,0.1221,283.18,11.08214255,9.18,692,1979.958333,9.136047767394327,72.5,0,0,0,0,0,0,1,0,0,0,0
1,0.1284,268.95,10.71441777,8.32,712,2100.0,9.166701914946353,76.6,0,0,0,0,0,0,1,0,0,0,0
1,0.1568,700.04,11.69524702,16.77,677,2280.0,10.302263672493496,53.0,3,0,0,0,0,1,0,0,0,0,0
1,0.1284,282.4,11.9381932,0.39,712,8159.958333,8.65084957622891,28.4,3,0,0,0,0,0,0,0,1,0,0
1,0.08,94.01,10.30895266,10.4,742,3809.958333,9.001222992395064,18.2,0,0,0,0,0,0,1,0,0,0,0
1,0.1253,351.4,10.84941475,23.49,697,2850.0,9.836813419268136,63.9,1,0,0,0,0,1,0,0,0,0,0
1,0.1442,120.34,10.22441096,14.67,672,5249.958333,9.254931255304058,95.3,3,1,0,1,1,0,0,0,0,0,0
1,0.1062,162.8,10.08580911,21.6,707,4800.0,8.701346403039162,41.4,0,1,0,0,0,1,0,0,0,0,0
1,0.1095,523.42,10.6214249,17.0,752,4290.0,7.523481312573497,7.6,1,0,0,0,0,0,1,0,0,0,0
1,0.1126,262.91,11.00209984,4.46,742,2550.0,8.481566013773087,47.8,2,0,0,0,0,0,0,0,0,1,0
1,0.1126,427.23,11.21187442,15.31,742,5580.0,6.86484777797086,16.8,2,0,0,0,0,0,0,0,1,0,0
1,0.1126,657.27,11.40756495,12.15,757,3779.958333,8.690978417187905,56.6,0,0,0,0,0,0,1,0,0,0,0
1,0.0963,385.14,11.08214255,11.76,752,7650.0,10.909765230001442,50.6,2,0,0,1,0,0,1,0,0,0,0
1,0.1284,470.66,11.88448902,8.88,717,1110.0,7.793586803371584,15.6,1,0,0,0,0,0,1,0,0,0,0
1,0.1284,141.2,10.23466006,10.21,682,4020.0,8.294799358992574,61.6,2,0,0,1,1,0,0,0,0,0,0
1,0.167,497.02,11.15625052,12.75,707,5088.0,11.087298465038112,66.9,1,0,0,0,0,0,1,0,0,0,0
1,0.1253,284.47,11.14739716,22.05,692,7020.0,10.413973118489015,83.5,1,0,0,0,0,0,1,0,0,0,0
1,0.0963,320.95,11.22524339,13.79,737,3059.958333,9.953610161939338,17.7,1,0,0,0,0,0,1,0,0,0,0
1,0.1284,571.51,10.16585182,7.8,752,13140.0,11.263566266837607,8.3,7,0,0,1,1,0,0,0,0,0,0
1,0.0932,188.49,10.96819829,5.07,737,5341.958333,8.411832675758411,17.8,1,0,0,0,0,1,0,0,0,0,0
1,0.1537,418.16,10.91508846,8.51,672,4410.0,8.921991410536698,94.9,1,0,0,0,0,0,1,0,0,0,0
1,0.1474,207.23,9.85198371,12.32,662,1770.0,8.67008593751938,48.5,0,0,0,0,1,0,0,0,0,0,0
1,0.1158,495.21,11.71177632,4.34,727,4740.0,9.50383054471094,20.0,0,0,0,0,1,0,0,0,0,0,0
1,0.1568,490.03,11.66992921,6.02,687,3240.0,8.956222016362542,90.2,1,0,0,0,1,0,0,0,0,0,0
1,0.1158,351.6,10.91508846,9.25,717,7199.958333,9.787459226476006,58.0,2,0,0,0,0,1,0,0,0,0,0
1,0.1253,234.27,11.00209984,6.64,697,5729.958333,9.340666633651757,67.0,1,0,0,0,0,0,1,0,0,0,0
1,0.0768,155.96,10.48793532,3.65,797,9420.0,8.473868066677865,10.8,0,0,0,0,1,0,0,0,0,0,0
1,0.1474,518.06,11.08214255,6.79,687,2130.0,9.333884558067638,87.0,2,0,0,0,0,1,0,0,0,0,0
1,0.1316,709.18,11.77528973,8.23,702,10590.0,9.38907215991958,71.1,2,0,1,0,0,0,1,0,0,0,0
1,0.1347,254.42,10.77687078,13.23,677,3179.958333,9.084323531392696,51.0,1,0,0,0,0,0,1,0,0,0,0
1,0.1284,47.07,8.494538501,17.68,722,2100.0,0.0,2.5,3,0,0,0,1,0,0,0,0,0,0
1,0.1316,135.09,10.30895266,4.28,752,8279.958333,7.6255950721324535,9.1,8,0,0,0,0,0,0,1,0,0,0
1,0.1316,337.71,11.35040654,18.31,702,3240.0,9.712871692917354,22.9,1,0,0,0,0,0,1,0,0,0,0
1,0.1253,602.4,11.53272809,16.42,707,7859.958333,9.33423800863242,35.3,0,0,0,0,0,1,0,0,0,0,0
1,0.1221,266.52,10.51604813,6.21,717,1589.958333,8.83695515733143,65.6,0,0,0,0,1,0,0,0,0,0,0
1,0.1357,203.82,10.30895266,10.84,677,2670.0,8.284756593190435,56.6,1,0,0,0,0,0,0,1,0,0,0
1,0.1221,399.78,10.85892207,17.12,702,4169.958333,9.65020690680168,29.0,0,0,0,0,0,0,1,0,0,0,0
1,0.0963,288.85,10.68051622,8.77,737,3210.0,9.63095678385169,60.4,1,0,0,0,0,0,1,0,0,0,0
1,0.1316,371.48,10.91501573,7.62,682,2669.958333,9.283311984432006,69.8,0,0,0,0,0,0,1,0,0,0,0
1,0.1537,261.35,10.71441777,15.84,662,3210.0,8.520388082312756,85.0,0,0,0,0,0,0,1,0,0,0,0
1,0.1218,266.4,10.75790288,2.32,762,4474.0,8.918784137975802,38.3,1,0,0,0,0,0,0,0,0,1,0
1,0.0932,153.35,11.27720313,17.26,742,5160.0,10.003423381148728,26.8,0,0,0,0,0,1,0,0,0,0,0
1,0.2011,623.4,11.00209984,21.34,662,3960.0,9.498372383192251,59.0,0,1,1,1,0,0,0,0,0,0,1
1,0.1379,391.87,10.6454249,10.89,687,3660.0,9.362030885216615,91.6,1,0,0,0,0,0,1,0,0,0,0
1,0.1126,394.36,10.71441777,17.39,722,2699.958333,8.533066540572527,14.8,2,0,0,0,0,1,0,0,0,0,0
1,0.1095,327.14,10.81977828,22.46,727,4169.958333,9.268043082104471,37.2,0,0,0,0,0,0,1,0,0,0,0
1,0.1411,328.6,11.40756495,12.72,667,5309.958333,9.329544619454659,39.0,0,2,0,0,0,0,0,0,0,1,0
1,0.1126,230.05,10.98778115,18.2,712,7469.958333,10.64917974375984,86.6,1,0,0,0,0,0,1,0,0,0,0
1,0.0963,224.66,10.81977828,12.77,727,7320.0,9.513403546466266,68.7,0,0,0,0,0,0,1,0,0,0,0
1,0.0963,365.88,11.8277362,4.21,807,4259.958333,10.977106766813073,0.0,1,0,0,0,0,0,0,0,1,0,0
1,0.1095,327.14,10.81977828,8.9,727,3179.958333,8.707648248106914,26.8,1,0,0,0,0,0,1,0,0,0,0
1,0.1505,312.23,11.0390102,11.3,662,1770.0,9.460554194813056,61.7,2,0,0,0,0,0,1,0,0,0,0
1,0.1474,690.74,12.00150548,10.2,712,3960.0,11.572909881899239,94.1,0,1,0,0,0,0,1,0,0,0,0
1,0.1531,417.79,11.20582949,10.39,742,2785.958333,7.8547691834991324,6.3,1,0,0,0,0,0,0,0,0,0,1
1,0.1095,314.06,11.94475983,8.75,732,3119.958333,10.408737661968933,34.9,2,0,0,0,0,0,1,0,0,0,0
1,0.16,351.58,11.35040654,8.6,672,5220.0,9.11964950669168,36.5,2,0,0,0,0,0,1,0,0,0,0
1,0.1189,182.41,10.66895539,17.94,697,2819.958333,8.642768014324304,76.6,3,1,0,0,0,1,0,0,0,0,0
1,0.0963,353.04,10.83958091,19.48,737,2910.0,7.00397413672268,7.7,1,0,0,0,1,0,0,0,0,0,0
1,0.1126,427.23,11.3736634,18.36,732,2069.958333,8.653645314551737,10.8,1,0,0,0,1,0,0,0,0,0,0
1,0.1189,782.67,10.91501573,16.21,737,5009.958333,10.284557503809571,71.5,0,0,0,0,0,0,1,0,0,0,0
1,0.1189,265.32,10.59663473,15.69,717,2640.0,8.872346978983032,93.8,0,0,0,0,0,0,1,0,0,0,0
1,0.074,139.77,11.37198383,14.18,797,4939.958333,8.566935283311052,11.6,0,0,0,0,0,0,1,0,0,0,0
1,0.1189,497.46,11.18996158,11.85,752,2160.0,7.156176637480615,2.3,4,0,0,0,1,0,0,0,0,0,0
1,0.1114,173.86,11.51292546,8.47,742,4896.0,11.201756386225993,89.9,1,0,0,0,0,0,1,0,0,0,0
1,0.0963,481.42,10.87812266,10.87,782,6540.0,9.743377484107393,39.4,2,0,0,0,0,0,1,0,0,0,0
1,0.1411,444.98,11.09741002,17.51,682,5669.958333,10.016325045799498,91.3,3,2,0,0,0,0,1,0,0,0,0
1,0.1316,439.02,10.81977828,9.53,687,1860.0,9.508442961755847,80.7,0,0,0,0,0,0,1,0,0,0,0
1,0.1253,589.01,11.05564061,10.05,737,6029.958333,10.840658761989639,58.8,1,0,0,0,0,0,1,0,0,0,0
1,0.1316,351.21,11.35040654,6.73,682,4290.0,8.436416881388949,30.7,0,1,0,0,0,0,1,0,0,0,0
1,0.0932,47.93,10.81552927,18.2,722,3720.0,7.312553498102598,6.7,1,0,0,0,1,0,0,0,0,0,0
1,0.1853,910.44,11.69524702,24.97,672,4290.0,11.477981991372026,88.9,0,0,0,0,0,1,0,0,0,0,0
1,0.1316,405.25,11.2185544,18.22,697,4560.958333,9.22601685136119,63.9,1,0,0,1,0,0,1,0,0,0,0
1,0.1183,308.15,11.40756495,4.12,722,3149.958333,6.97354301952014,46.4,1,0,0,0,0,0,1,0,0,0,0
1,0.1158,445.69,10.84450992,15.34,717,2819.958333,9.51657428982249,51.1,2,0,0,0,0,0,1,0,0,0,0
1,0.1189,663.28,11.1844214,14.12,727,3210.0,9.951324881950288,68.6,0,0,0,0,0,0,1,0,0,0,0
1,0.1632,529.71,11.60823564,10.37,662,3360.0,9.583144537844786,91.3,2,0,1,0,0,0,1,0,0,0,0
1,0.1253,167.34,10.37349118,11.81,682,5130.0,7.153833801578843,63.9,1,1,0,0,0,0,0,1,0,0,0
1,0.1426,171.53,10.81985828,18.57,667,4619.958333,9.295049099903137,27.2,2,0,0,0,0,0,1,0,0,0,0
1,0.1095,323.87,10.57131693,14.65,727,2399.958333,9.239899174217728,39.9,0,0,0,0,0,0,1,0,0,0,0
1,0.1411,136.92,11.15619338,2.43,682,1110.0,8.33758794211651,41.4,2,0,0,0,0,0,1,0,0,0,0
1,0.1189,198.99,10.77895629,23.55,712,1890.0,8.446770727119691,41.6,0,0,0,0,0,0,1,0,0,0,0
1,0.1853,538.98,11.00209984,1.58,717,3390.0,9.045111892608405,66.7,1,0,0,1,0,0,0,0,0,0,1
1,0.1095,196.29,11.12732181,21.33,717,5639.958333,10.218736152705715,42.4,2,0,0,0,1,0,0,0,0,0,0
1,0.1537,174.24,11.08214255,4.23,677,3869.958333,8.564076777315087,22.6,1,1,0,0,1,0,0,0,0,0,0
1,0.1114,519.94,11.2697195,9.5,762,7721.0,9.503457646917903,23.7,3,0,0,1,0,0,1,0,0,0,0
1,0.1505,104.08,10.81977828,14.93,687,5639.958333,8.055157731819678,98.4,0,0,0,0,0,0,0,0,0,1,0
1,0.1221,333.15,10.54534144,7.14,702,3180.958333,8.616314282284044,13.6,1,0,0,0,0,0,1,0,0,0,0
1,0.1253,334.67,11.17071681,9.8,707,5130.0,9.344696424475261,35.4,2,1,0,0,0,0,1,0,0,0,0
1,0.1695,356.27,10.83958091,23.53,702,4410.0,9.864278839310847,44.4,3,0,0,0,0,0,0,0,0,0,1
1,0.16,703.15,11.23843599,23.57,697,4649.958333,10.000523515047723,99.3,1,0,0,0,0,0,1,0,0,0,0
1,0.1221,399.78,11.55214618,8.75,707,6600.0,8.556413904569519,12.5,1,1,0,0,0,0,0,1,0,0,0
1,0.0737,108.66,10.70315458,13.89,787,5339.958333,8.572627898304338,7.0,2,0,0,0,1,0,0,0,0,0,0
1,0.0963,449.32,11.15016059,14.57,762,15119.95833,9.615338704494903,34.6,0,0,0,0,0,0,1,0,0,0,0
1,0.1114,164.02,11.15625052,14.52,717,3669.0,8.317277766221235,17.1,2,0,0,0,0,0,0,1,0,0,0
1,0.1253,284.47,10.1266311,18.72,687,1979.958333,9.518192651217346,52.5,0,0,0,0,0,0,1,0,0,0,0
1,0.1158,561.23,11.12198437,11.82,727,6540.0,9.984007069594924,62.1,0,0,0,0,0,0,1,0,0,0,0
1,0.0932,460.04,11.32055357,4.29,772,5760.0,8.423980809694058,9.4,2,0,0,0,0,0,1,0,0,0,0
1,0.0768,109.17,10.96819829,15.89,752,15360.0,9.785379464055799,37.2,0,0,0,0,0,0,0,0,0,1,0
1,0.1158,429.18,11.15619338,18.22,712,4529.958333,10.122382089560922,69.9,1,0,0,0,0,0,1,0,0,0,0
1,0.1284,268.95,10.30895266,4.28,687,4949.958333,7.3796321526095525,76.3,0,0,0,0,1,0,0,0,0,0,0
1,0.1126,709.85,11.40756495,7.91,752,4800.0,9.695848187757884,72.5,1,0,0,1,0,0,1,0,0,0,0
1,0.1347,67.85,10.14643373,14.64,667,6809.958333,9.377717481384314,33.7,0,1,0,0,0,0,1,0,0,0,0
1,0.1095,32.72,10.37967204,15.43,717,3899.958333,0.0,0.0,0,0,0,0,1,0,0,0,0,0,0
1,0.1411,189.98,10.81977828,21.58,667,3119.958333,9.51745735706657,63.5,2,0,0,0,0,1,0,0,0,0,0
1,0.1183,424.12,10.7063856,10.65,717,3965.0,9.137231900155545,19.3,2,0,0,0,0,1,0,0,0,0,0
1,0.1148,327.22,10.71441777,12.67,732,2913.0,6.546785410760524,2.7,3,1,0,0,1,0,0,0,0,0,0
1,0.1284,363.08,10.77895629,22.45,687,8219.958333,9.633055833490875,77.9,0,0,1,0,0,1,0,0,0,0,0
1,0.1316,42.22,9.574983486,21.33,667,2039.958333,7.40184157874383,71.2,1,1,0,1,1,0,0,0,0,0,0
1,0.08,313.37,11.40756495,4.07,777,5160.0,7.966239776559467,14.2,0,0,0,0,0,0,0,0,1,0,0
1,0.08,313.37,11.32659589,8.79,777,6120.0,7.112327444710911,6.8,3,0,0,0,0,1,0,0,0,0,0
1,0.0932,351.42,11.56171563,4.33,747,4619.958333,8.575084669832014,20.2,1,0,0,0,0,0,1,0,0,0,0
1,0.1183,463.88,10.96819829,8.23,742,2153.0,0.0,0.0,2,0,0,0,0,0,0,0,1,0,0
1,0.1221,133.26,10.57131693,24.98,692,1860.0,8.812099108957337,57.9,1,0,0,1,0,1,0,0,0,0,0
1,0.1322,243.37,10.59663473,22.77,692,1751.0,9.140561477368266,63.9,1,0,0,0,0,0,1,0,0,0,0
1,0.0963,385.14,11.15625052,8.86,757,4859.958333,9.598727138549595,34.6,2,0,0,0,0,0,1,0,0,0,0
1,0.1979,287.2,10.87804719,15.26,692,3509.958333,9.3789010135201,98.6,1,0,0,1,0,0,0,0,0,0,1
1,0.0963,144.43,11.05089001,13.33,732,2130.0,8.29529885950246,17.8,3,0,0,0,0,0,1,0,0,0,0
1,0.1189,165.82,10.30895266,18.2,732,1800.0,7.59337419312129,24.8,0,0,0,1,0,0,0,1,0,0,0
1,0.1411,316.62,10.34174248,19.9,667,4949.958333,6.88653164253051,27.2,0,3,0,0,0,0,1,0,0,0,0
1,0.1379,204.46,11.15625052,7.99,672,8159.958333,8.940629184845639,88.8,1,0,1,0,0,0,1,0,0,0,0
1,0.0737,99.35,10.50506754,18.15,797,7620.0,9.884202791124261,24.0,0,0,0,0,1,0,0,0,0,0,0
1,0.08,219.36,11.08521475,10.25,757,3990.0,9.630628408975985,25.8,1,0,0,0,0,1,0,0,0,0,0
1,0.0963,320.95,10.68510338,1.35,737,7559.958333,7.537430036586509,12.3,2,0,0,1,1,0,0,0,0,0,0
1,0.1284,504.27,11.46163217,9.75,697,7919.958333,10.433586251645703,77.1,0,0,1,1,0,1,0,0,0,0,0
1,0.0932,281.14,10.07744086,2.37,782,4229.958333,7.302496423727326,5.3,2,0,0,0,0,0,0,0,0,1,0
1,0.0963,256.76,10.77895629,9.2,762,2309.958333,8.529319371214077,19.5,0,0,0,0,1,0,0,0,0,0,0
1,0.1357,628.42,11.27720313,10.68,707,4466.0,8.778941881841513,42.7,1,1,0,0,1,0,0,0,0,0,0
1,0.1095,278.07,10.6454249,0.43,817,4979.958333,4.442651256490317,0.5,0,0,0,0,0,0,0,0,1,0,0
1,0.08,47.01,11.05089001,16.9,732,2550.0,8.674025985443025,44.6,1,0,0,0,1,0,0,0,0,0,0
1,0.1189,165.82,10.81977828,2.5,772,3149.958333,8.538758969330798,33.6,0,0,0,0,0,0,1,0,0,0,0
1,0.0932,297.11,10.91501573,12.15,752,4470.0,7.823645930834952,24.7,1,0,0,0,0,0,1,0,0,0,0
1,0.1148,494.53,10.77895629,7.35,742,4199.958333,9.683837890476173,50.5,0,0,0,0,0,0,1,0,0,0,0
1,0.1284,430.31,11.00209984,11.62,697,2160.0,9.543808099577097,46.1,0,0,0,0,0,0,1,0,0,0,0
1,0.16,527.36,11.15625052,7.83,662,6329.958333,9.825742203911275,86.5,0,0,0,0,0,0,1,0,0,0,0
1,0.1158,825.34,11.51292546,21.05,762,6990.0,8.59062950948942,12.4,2,0,0,0,1,0,0,0,0,0,0
1,0.0768,37.43,10.37349118,14.93,757,9689.958333,9.493411831870281,16.2,1,0,0,0,0,0,0,0,1,0,0
1,0.1253,334.67,10.73639668,12.83,702,1709.958333,8.972463821059907,29.0,0,0,0,0,0,0,1,0,0,0,0
1,0.0932,223.63,10.59663473,15.03,742,3869.958333,9.971846890049472,46.0,0,0,0,0,0,0,1,0,0,0,0
1,0.1379,265.79,10.4341158,21.18,672,4229.958333,8.434246270595311,32.0,2,0,0,1,0,0,1,0,0,0,0
1,0.1316,713.4,12.08168787,11.47,707,3779.958333,11.6376532190386,81.2,2,0,0,0,0,0,1,0,0,0,0
1,0.0963,385.14,11.00209984,19.4,762,12000.0,9.522227133124781,22.0,0,0,0,0,0,1,0,0,0,0,0
1,0.1221,259.03,11.05089001,14.86,697,3750.0,9.211739392889891,38.7,3,0,0,0,0,0,1,0,0,0,0
1,0.1316,675.41,11.22524339,6.75,702,5100.0,9.89822372286103,78.6,0,0,1,0,0,0,1,0,0,0,0
1,0.1189,132.66,11.12732181,19.76,707,3990.0,10.118719892579001,86.4,3,0,0,1,0,0,0,1,0,0,0
1,0.1322,169.01,10.49127422,9.37,692,2769.958333,7.8168199657645525,50.6,1,2,0,0,0,0,0,0,0,1,0
1,0.1411,855.73,11.66767025,15.53,712,2789.958333,10.18259547176777,48.7,1,0,0,1,1,0,0,0,0,0,0
1,0.0859,221.28,11.35040654,3.92,762,1896.0,9.763708110007842,86.1,1,0,0,0,1,0,0,0,0,0,0
1,0.1189,530.63,11.26446411,5.23,742,3600.0,9.715892113239466,44.8,0,0,0,0,0,0,0,0,0,1,0
1,0.1537,209.08,11.1844214,3.3,707,4979.958333,9.732758541777981,99.2,3,0,0,0,0,0,0,0,1,0,0
1,0.1148,464.04,10.23981692,16.33,727,3619.0,9.82536383575455,42.6,1,0,0,1,0,0,1,0,0,0,0
1,0.1663,248.29,10.34161344,8.32,667,2760.958333,8.713253274320705,96.5,1,2,0,0,0,0,1,0,0,0,0
1,0.1568,875.04,11.58988651,15.73,682,3570.0,10.491718563146513,88.5,1,0,0,1,0,0,1,0,0,0,0
1,0.1284,365.6,10.63344871,13.76,697,3809.958333,9.038721338315364,81.8,0,0,0,1,0,1,0,0,0,0,0
1,0.1316,270.17,10.81977828,9.96,682,5279.958333,8.28374674710613,39.6,3,0,0,0,0,0,1,0,0,0,0
1,0.0932,255.58,10.66895539,16.02,752,3779.958333,8.596189197642735,34.9,3,0,0,0,0,0,0,0,1,0,0
1,0.1253,251.0,10.77895629,20.51,692,4710.0,9.408371222475317,69.3,0,0,0,0,1,0,0,0,0,0,0
1,0.074,124.24,9.852194258,4.93,787,4195.958333,7.754481547470383,7.7,2,0,0,0,1,0,0,0,0,0,0
1,0.0932,223.63,10.79957558,19.64,737,4110.0,9.958969561995133,79.8,3,0,0,0,0,1,0,0,0,0,0
1,0.1126,98.59,11.08521475,17.21,702,5760.0,9.704426671737876,58.1,0,0,0,0,1,0,0,0,0,0,0
1,0.0894,285.95,11.69524702,12.44,742,6375.958333,10.680263311535647,68.3,3,0,0,0,0,0,1,0,0,0,0
1,0.1284,221.88,11.15625052,5.26,742,2850.0,6.901737206656574,24.8,0,0,0,0,1,0,0,0,0,0,0
1,0.1392,170.69,9.61580548,4.0,692,1470.0,0.0,0.0,2,1,0,0,0,0,0,1,0,0,0
1,0.1221,79.96,10.49127422,7.0,692,5790.0,8.803273982501045,74.8,1,0,0,0,1,0,0,0,0,0,0
1,0.16,70.32,11.27720313,12.58,682,3293.0,8.305978210967302,30.7,2,0,0,0,0,0,0,0,0,0,1
1,0.08,231.89,10.51867319,13.43,752,5790.0,8.844912950899548,24.1,2,0,0,0,0,0,1,0,0,0,0
1,0.1531,163.64,9.862665558,8.56,677,1920.0,6.993932975223189,90.7,0,1,0,0,0,0,1,0,0,0,0
1,0.1284,268.95,10.75790288,14.76,692,2009.958333,9.375770061099919,88.7,1,0,0,1,0,0,1,0,0,0,0
1,0.1347,50.89,9.798127037,21.47,707,1289.958333,6.763884908562435,86.5,0,0,0,0,1,0,0,0,0,0,0
1,0.1496,297.95,10.50506754,18.58,682,1110.0,9.054855469135788,41.0,1,0,0,0,1,0,0,0,0,0,0
1,0.08,109.68,10.30895266,2.24,747,1709.958333,7.740229524763182,18.5,3,0,0,0,0,0,1,0,0,0,0
1,0.1183,231.94,10.34884622,5.69,712,2460.958333,8.847359875474174,63.8,1,0,0,0,0,0,1,0,0,0,0
1,0.1253,669.33,11.58988651,15.77,717,12120.0,10.431199791458543,56.4,1,0,0,0,0,1,0,0,0,0,0
1,0.0894,317.72,11.00791623,4.24,742,2160.0,9.560222295507314,27.3,2,0,0,0,0,1,0,0,0,0,0
1,0.1426,247.01,11.22524339,18.13,667,1835.0,10.577375458157261,63.4,1,0,0,0,1,0,0,0,0,0,0
1,0.1148,82.43,10.46310334,18.62,702,5190.0,9.068546366358296,57.8,2,0,0,0,0,0,0,1,0,0,0
1,0.1322,162.25,10.6454249,15.6,677,2013.958333,9.115040192121858,58.3,0,0,0,0,0,0,1,0,0,0,0
1,0.1287,151.35,10.46310334,19.78,682,2490.0,8.461046030793236,73.8,1,0,0,0,0,1,0,0,0,0,0
1,0.1287,605.4,10.67442876,13.27,707,5430.0,8.138564737261632,15.2,0,0,0,0,1,0,0,0,0,0,0
1,0.0894,201.75,10.49127422,21.6,732,3303.0,8.413830678421084,18.6,0,0,0,0,0,1,0,0,0,0,0
1,0.0894,312.95,10.37349118,16.95,737,2313.958333,8.232440158470336,20.5,0,0,0,0,0,0,1,0,0,0,0
1,0.1739,645.26,12.40901349,15.67,672,6094.958333,11.889387349807599,96.2,0,1,0,0,0,1,0,0,0,0,0
1,0.1218,163.17,11.15625052,17.5,697,3360.0,8.525359754082631,67.2,0,0,0,0,0,0,1,0,0,0,0
1,0.1183,41.42,10.29214554,21.4,697,4110.0,9.336091577281744,78.7,0,0,0,0,1,0,0,0,0,0,0
1,0.0894,182.69,10.7342204,20.94,727,3210.0,8.497602541651233,47.1,0,0,0,0,0,0,1,0,0,0,0
1,0.1392,652.87,11.40978471,10.28,697,5190.0,9.356516482133785,61.9,1,0,0,0,0,1,0,0,0,0,0
1,0.1322,101.41,10.82778673,11.45,692,5553.0,9.956364592136895,36.8,0,0,0,0,0,1,0,0,0,0,0
1,0.1253,83.67,10.54691914,10.97,682,4410.0,8.926384681265215,56.6,0,0,0,0,1,0,0,0,0,0,0
1,0.1426,34.31,8.853665428,13.54,677,8099.0,7.720017940432244,86.6,1,0,0,0,1,0,0,0,0,0,0
1,0.1114,360.84,10.76130135,19.52,727,3570.0,9.621522440413576,70.5,2,0,0,0,0,1,0,0,0,0,0
1,0.1392,256.03,10.81977828,13.9,677,5460.0,8.209852481301272,70.5,0,0,0,1,0,0,1,0,0,0,0
1,0.1114,393.65,10.37349118,18.0,737,6483.958333,9.816894269951032,67.9,1,0,0,0,0,0,1,0,0,0,0
1,0.0894,381.26,10.59653473,13.68,767,5850.0,9.306831672164943,30.5,0,0,0,0,0,0,1,0,0,0,0
1,0.1392,273.1,11.28978191,13.38,677,3994.0,9.143880005275912,50.0,2,0,1,0,0,0,1,0,0,0,0
1,0.1565,160.07,10.12647109,23.62,712,2880.0,9.201602306032898,99.1,0,0,0,0,0,0,1,0,0,0,0
1,0.1357,195.32,10.6454249,13.19,677,3660.0,9.251290358305138,91.4,0,1,0,0,1,0,0,0,0,0,0
1,0.1183,579.85,11.27654469,0.3,752,4351.0,5.3471075307174685,1.2,4,0,0,0,1,0,0,0,0,0,0
1,0.1322,219.71,11.04292184,9.23,682,4259.958333,8.488176242345745,44.6,0,0,0,0,1,0,0,0,0,0,0
1,0.1148,659.37,11.56171563,7.23,767,5400.0,8.216358332386156,51.4,2,0,0,0,0,0,1,0,0,0,0
1,0.1218,666.0,12.15477935,24.04,722,9692.958333,11.704867265141173,74.3,0,0,0,0,0,1,0,0,0,0,0
1,0.1114,157.46,10.46310334,23.66,722,3570.0,9.580592724328602,56.7,0,0,0,0,0,1,0,0,0,0,0
1,0.0774,202.93,10.81977828,16.54,747,3899.958333,8.94767606249969,43.0,0,0,0,0,0,1,0,0,0,0,0
1,0.1322,365.05,10.95080655,19.03,692,3660.0,10.36916935613284,76.0,1,0,0,0,0,1,0,0,0,0,0
1,0.1287,269.07,10.16585182,5.72,707,3240.0,8.021584533455107,47.6,0,0,0,0,0,0,1,0,0,0,0
1,0.0894,362.2,10.66895539,24.78,752,3036.041667,8.709134991587183,11.6,1,0,0,0,1,0,0,0,0,0,0
1,0.1287,232.07,10.57131693,4.65,692,4080.0,6.806829360392176,19.6,1,0,0,0,0,0,0,0,1,0,0
1,0.1253,73.63,10.22194128,23.26,682,6857.958333,9.630759771866158,55.0,0,1,0,0,0,0,1,0,0,0,0
1,0.0894,317.72,10.91501573,12.76,742,3240.0,9.21453157659465,47.8,2,0,0,0,0,1,0,0,0,0,0
1,0.0859,189.67,10.96812932,8.61,732,5850.0,9.872925246953487,38.3,1,0,0,0,1,0,0,0,0,0,0
1,0.1426,514.59,10.858999,19.68,687,3313.0,10.039721539859407,90.9,1,0,0,0,0,0,1,0,0,0,0
1,0.1148,494.53,11.35035948,10.02,742,4770.0,9.555772349968867,40.2,1,0,0,0,0,0,1,0,0,0,0
1,0.0859,221.28,11.40756495,4.88,737,8939.958333,9.492054672648171,20.2,1,0,0,0,1,0,0,0,0,0,0
1,0.1322,676.02,12.01370075,16.83,712,7199.958333,11.878720692397813,64.9,0,0,0,0,0,1,0,0,0,0,0
1,0.0894,114.38,11.22524339,18.3,712,4715.0,10.790122877502657,53.0,1,0,0,0,0,1,0,0,0,0,0
1,0.167,177.51,10.61888534,20.39,702,4139.958333,8.533656917446903,31.6,0,0,0,0,0,0,0,0,0,0,1
1,0.0859,252.89,10.59663473,17.7,757,6180.0,10.170494867496725,32.7,1,0,0,0,0,0,1,0,0,0,0
1,0.1253,80.32,10.46310334,21.79,707,2910.0,9.68178046900788,97.7,0,0,0,0,1,0,0,0,0,0,0
1,0.1392,102.42,10.76231865,3.05,677,2490.0,8.375629627094451,51.5,3,0,0,0,0,0,1,0,0,0,0
1,0.1183,530.15,11.08214255,4.91,742,3991.0,9.165656764349542,70.4,2,0,0,0,0,0,0,0,1,0,0
1,0.1148,362.66,10.21464198,12.84,712,7859.958333,9.353141170607854,66.7,1,0,0,0,0,0,1,0,0,0,0
1,0.1253,112.95,9.798127037,24.2,687,2880.0,9.668650902630873,79.1,0,0,0,0,0,0,1,0,0,0,0
1,0.0774,312.19,11.81303006,7.7,787,5639.958333,8.343077871169383,5.8,1,0,0,0,0,0,1,0,0,0,0
1,0.1496,277.16,11.06663836,8.91,697,1830.0,8.840580188488795,94.6,0,0,0,0,0,0,1,0,0,0,0
1,0.1114,423.17,11.00209984,6.24,742,3990.0,9.42706335548747,34.8,0,0,0,0,0,0,1,0,0,0,0
1,0.1148,494.53,11.08214255,12.02,742,3240.0,9.665103451805633,64.6,0,0,0,0,0,0,1,0,0,0,0
1,0.0774,156.1,9.61580548,15.6,757,6870.0,9.359018964347545,37.9,2,0,0,0,0,0,1,0,0,0,0
1,0.1183,662.68,11.56171563,3.69,757,1679.958333,7.293697720601438,14.7,0,0,0,0,0,0,1,0,0,0,0
1,0.0859,284.5,11.22524339,4.83,792,3089.958333,7.849323818040561,9.1,0,0,0,0,0,0,0,0,0,1,0
1,0.1218,399.6,11.51292546,17.09,712,7559.958333,9.751326558637025,46.4,2,0,0,0,0,0,0,0,1,0,0
1,0.1461,689.51,11.35223181,15.15,697,5550.0,10.40289827348682,90.0,0,0,0,0,0,1,0,0,0,0,0
1,0.1287,437.24,11.26446411,6.26,702,5249.958333,7.486613313139955,59.4,2,0,0,0,0,0,1,0,0,0,0
1,0.0774,287.22,11.02640213,1.78,792,7050.0,8.434028950155469,18.4,0,0,0,0,0,0,1,0,0,0,0
1,0.1148,626.41,12.07254125,12.73,747,8219.958333,10.297520899681873,42.2,1,0,0,0,0,1,0,0,0,0,0
1,0.0859,158.06,10.40438405,2.29,737,3570.0,7.962415680121064,11.4,0,0,0,0,1,0,0,0,0,0,0
1,0.1531,626.68,11.46163217,17.38,727,4710.0,10.483270047141055,51.9,3,0,0,0,0,0,0,0,0,0,1
1,0.0774,312.19,11.15625052,15.1,797,9029.958333,9.117127990254003,73.2,1,0,0,0,0,0,0,0,1,0,0
1,0.1287,94.18,10.72161404,3.52,682,4289.958333,7.779885115070522,30.7,1,0,0,1,1,0,0,0,0,0,0
1,0.1322,162.25,10.81977828,11.98,677,1949.958333,7.8336002236611035,40.0,0,0,0,0,0,0,0,1,0,0,0
1,0.0774,234.14,10.34817337,3.08,797,6089.958333,7.045776576879511,8.8,1,0,0,0,0,0,0,0,1,0,0
1,0.0774,218.54,10.858999,2.58,767,3419.958333,8.32845106681936,15.6,0,0,0,0,0,0,1,0,0,0,0
1,0.1287,201.8,11.08220409,13.09,682,3960.0,9.2237500588861,38.5,1,0,0,0,1,0,0,0,0,0,0
1,0.0859,316.11,11.19821472,6.87,767,3509.958333,9.318387276059317,13.0,0,0,0,0,0,0,0,0,0,1,0
1,0.1218,666.0,11.1123882,20.11,727,2940.0,10.179602988616443,67.6,1,0,0,0,0,0,1,0,0,0,0
1,0.16,492.21,11.22524339,16.32,662,3929.958333,9.468464892185638,65.0,3,0,0,0,0,0,1,0,0,0,0
1,0.0859,151.73,10.96812932,8.07,737,2880.0,8.111928063310739,20.1,1,0,0,0,1,0,0,0,0,0,0
1,0.0859,158.06,10.59663473,6.87,737,3149.958333,9.09549053029724,74.9,1,0,0,0,0,0,0,0,0,1,0
1,0.1253,160.64,11.05405958,11.94,687,3390.0,7.453561871643373,33.8,1,2,0,0,0,0,0,0,0,1,0
1,0.1316,261.72,10.16585182,17.54,677,2721.958333,8.302761580704049,67.2,0,0,0,0,0,1,0,0,0,0,0
1,0.1392,682.74,11.33857208,20.03,707,9359.958333,10.22502742570653,54.8,1,0,0,0,0,1,0,0,0,0,0
1,0.1357,33.97,9.392661929,14.0,682,1380.0,8.378620541552298,62.2,1,0,0,1,1,0,0,0,0,0,0
1,0.16,703.15,11.00209984,15.9,747,5700.958333,9.61707134520558,42.9,2,0,0,0,0,0,0,0,0,0,1
1,0.0774,140.49,10.69203582,15.3,752,3119.958333,8.882530508433623,31.3,0,0,0,0,1,0,0,0,0,0,0
1,0.1531,522.23,11.00209984,21.36,677,2161.0,9.29403793099775,86.3,0,0,0,0,0,0,1,0,0,0,0
1,0.1531,696.31,11.26446411,20.52,722,3300.0,9.993419660036736,21.8,2,0,0,0,0,0,1,0,0,0,0
1,0.1357,407.63,11.26446411,23.72,682,4649.958333,10.26965727803665,84.8,1,0,0,0,0,0,1,0,0,0,0
1,0.1218,166.5,11.1844214,24.73,692,5160.0,10.019402177132484,81.7,0,0,0,0,0,0,1,0,0,0,0
1,0.0774,93.66,11.06975849,1.27,762,1890.0,8.3774712482411,7.4,0,0,0,0,1,0,0,0,0,0,0
1,0.1704,713.49,11.51292546,12.65,702,4110.0,8.84505705350085,31.4,3,0,0,0,0,0,0,0,0,0,1
1,0.1253,133.87,10.46321762,2.3,692,3539.958333,7.237778191923443,27.8,1,0,0,0,0,0,1,0,0,0,0
1,0.1148,115.39,10.46310334,7.58,707,8370.0,8.374938143835367,12.5,1,0,0,0,0,0,0,0,0,1,0
1,0.1183,662.68,11.22524339,5.66,737,6075.958333,10.158865933983696,53.5,0,0,0,0,1,0,0,0,0,0,0
1,0.1114,65.61,10.6454249,13.49,712,5369.958333,9.37737907190562,15.7,0,0,0,0,0,0,0,1,0,0,0
1,0.1322,87.89,10.20359214,9.51,692,1619.958333,3.871201010907891,0.5,3,1,0,0,0,1,0,0,0,0,0
1,0.1183,99.41,10.6454249,24.75,697,3119.958333,9.38437770918244,62.6,0,0,0,0,0,0,1,0,0,0,0
1,0.1739,143.39,10.8704714,13.19,662,3030.0,10.113221596940404,99.1,0,0,0,0,1,0,0,0,0,0,0
1,0.1357,366.86,10.91508846,19.85,702,3030.0,9.409846753524238,70.6,1,0,0,0,0,0,1,0,0,0,0
1,0.1183,132.54,10.71441777,23.95,762,4199.958333,0.0,0.0,0,0,0,0,1,0,0,0,0,0,0
1,0.1392,177.52,10.46310334,8.09,677,3720.0,8.731497794063243,53.4,0,0,0,0,0,0,1,0,0,0,0
1,0.0859,316.11,10.59653473,4.71,772,2130.0,5.438079308923196,2.6,0,0,0,0,0,0,0,1,0,0,0
1,0.1148,395.63,10.9560559,16.27,732,3960.0,9.977156142461329,64.3,1,0,0,0,0,0,0,0,0,1,0
1,0.1357,407.63,10.858999,15.48,682,3929.958333,9.073259831427816,45.6,0,0,0,0,0,0,1,0,0,0,0
1,0.1114,262.43,11.03488966,9.54,732,2520.0,7.9966538754626075,6.0,0,0,0,0,0,0,1,0,0,0,0
1,0.1253,33.47,10.19054443,21.12,682,5969.958333,9.74572201363806,44.1,0,2,0,0,0,1,0,0,0,0,0
1,0.1148,247.27,10.94022444,9.68,737,3779.958333,8.90136656405678,68.6,0,0,0,0,1,0,0,0,0,0,0
1,0.1183,298.21,11.15625052,10.83,712,2459.958333,9.13108069099055,41.4,1,0,0,0,0,1,0,0,0,0,0
1,0.1565,227.41,10.65725935,13.16,662,4320.0,7.341483852363161,90.7,1,0,0,1,1,0,0,0,0,0,0
1,0.1496,242.52,11.1844214,12.59,662,2130.0,8.989569004807029,29.8,1,0,0,0,0,1,0,0,0,0,0
1,0.1114,492.06,11.09741002,13.98,752,7260.0,9.759212943379076,68.4,2,0,0,0,0,0,0,0,1,0,0
1,0.1496,692.9,11.5228758,14.48,767,5400.0,9.955937677537047,48.1,1,0,0,0,0,0,0,0,0,0,1
1,0.1392,682.74,10.71441777,7.95,697,8130.0,9.818365299119293,79.9,1,0,0,0,0,0,1,0,0,0,0
1,0.1218,399.6,11.40756495,16.27,707,2820.958333,10.455387938873837,52.6,0,0,0,0,0,0,1,0,0,0,0
1,0.1114,164.02,11.00209984,13.72,717,9450.0,8.791486026749002,15.8,2,0,0,0,1,0,0,0,0,0,0
1,0.1392,358.44,11.16336799,22.21,757,3690.0,9.164505835632383,29.2,0,0,0,1,0,0,0,0,0,0,1
1,0.1426,480.29,11.60823564,20.04,682,4080.0,10.785331756675916,86.8,0,0,0,1,0,0,1,0,0,0,0
1,0.1114,328.04,11.49679608,12.45,732,4890.041667,10.409913511957432,57.8,3,0,0,0,0,1,0,0,0,0,0
1,0.1253,167.34,9.862665558,12.06,687,2190.0,7.768956044538332,60.6,0,0,0,0,0,0,1,0,0,0,0
1,0.0894,397.15,10.6454249,14.86,762,3990.0,9.276876895776427,30.9,0,0,0,0,0,0,1,0,0,0,0
1,0.0894,317.72,11.71177632,14.5,737,5850.0,10.361165532091226,81.0,3,0,0,0,0,0,1,0,0,0,0
1,0.1531,530.94,11.98292909,19.72,727,5940.0,8.789355452209982,17.9,1,0,0,0,0,0,0,0,0,0,1
1,0.0894,444.81,10.858999,10.89,762,4807.0,9.041685005946043,50.9,0,0,0,0,0,1,0,0,0,0,0
1,0.0859,410.94,10.9331784,17.96,777,5669.958333,9.500693872983122,34.7,2,0,0,0,0,1,0,0,0,0,0
1,0.0859,395.13,11.82038075,5.87,772,4080.0,8.53089883847235,16.6,3,0,0,0,1,0,0,0,0,0,0
1,0.1253,348.05,10.6214249,11.5,712,2130.0,7.6236419465115715,14.4,3,0,0,0,1,0,0,0,0,0,0
1,0.1183,424.12,11.56171563,9.71,717,8446.0,10.350766163457703,51.2,1,0,0,0,1,0,0,0,0,0,0
1,0.0774,237.27,10.69666105,5.67,772,5609.958333,8.797397374012059,24.4,1,0,0,0,0,1,0,0,0,0,0
1,0.1322,676.02,11.40756495,18.03,812,3929.958333,10.386623326480455,95.6,1,0,0,0,0,0,1,0,0,0,0
1,0.0859,173.86,10.65282601,12.11,782,2280.0,3.6888794541139363,0.3,0,0,0,0,1,0,0,0,0,0,0
1,0.0859,316.11,11.71180911,2.85,792,5639.958333,2.833213344056216,0.0,3,0,0,0,0,0,0,0,0,1,0
1,0.1287,622.22,11.88448902,1.62,712,4080.0,10.129187832632027,53.3,0,0,0,0,0,0,1,0,0,0,0
1,0.0774,156.1,10.58405595,10.27,797,5490.0,7.874739125171811,8.8,2,0,0,0,0,0,0,0,0,1,0
1,0.0859,63.23,12.14421852,8.55,722,4979.958333,10.19253119762704,75.0,0,0,0,0,1,0,0,0,0,0,0
1,0.1287,336.34,11.51292546,15.67,692,4380.0,10.38186229603161,73.0,3,0,0,0,0,0,0,0,1,0,0
1,0.1253,411.64,10.34817337,22.12,702,2280.0,9.584521190044581,77.3,0,0,0,0,0,0,1,0,0,0,0
1,0.1218,499.5,10.858999,8.88,747,11129.95833,9.125326997649227,50.5,0,0,0,0,0,0,1,0,0,0,0
1,0.1635,229.64,9.99149843,8.74,677,1259.958333,8.774622220696997,82.9,3,0,0,0,1,0,0,0,0,0,0
1,0.1496,34.65,10.51867319,18.26,667,1410.0,8.055475141757274,54.3,0,0,0,0,0,0,0,0,0,1,0
1,0.1148,652.78,11.66134547,1.29,767,5970.0,8.321421586897879,34.5,0,0,0,0,0,0,1,0,0,0,0
1,0.1322,676.02,11.35040654,16.63,707,4529.958333,10.138559674715612,58.2,2,0,0,0,0,0,1,0,0,0,0
1,0.0774,312.19,10.77895629,2.38,797,5400.0,8.444837529224097,14.1,0,0,0,0,0,0,1,0,0,0,0
1,0.1183,662.68,10.81985828,21.48,737,3960.0,10.39074767827941,82.0,0,0,0,0,0,1,0,0,0,0,0
1,0.1253,200.8,11.73606902,11.11,687,5190.0,9.855294709934643,41.8,0,0,0,0,1,0,0,0,0,0,0
1,0.1183,662.68,11.40756495,14.55,737,6119.958333,10.120210536047415,81.2,0,0,0,0,0,1,0,0,0,0,0
1,0.1357,271.75,11.1844214,14.28,682,4740.0,9.009569671513699,88.1,1,0,0,0,0,1,0,0,0,0,0
1,0.1531,409.08,10.81985828,22.51,667,3878.958333,10.388102662282032,87.5,3,0,0,0,0,0,1,0,0,0,0
1,0.0894,508.35,11.73606902,13.16,772,7320.0,11.265233040734605,28.3,0,0,0,0,0,1,0,0,0,0,0
1,0.1183,497.01,10.34817337,13.04,727,6359.958333,9.715168043938537,43.0,0,0,0,0,0,1,0,0,0,0,0
1,0.16,105.48,9.998797732,6.71,697,3929.958333,7.69484807238461,99.8,0,0,0,1,1,0,0,0,0,0,0
1,0.0774,218.54,10.76848499,17.81,752,4770.0,8.871505346165781,34.4,1,0,0,0,0,0,1,0,0,0,0
1,0.1218,290.55,10.27518903,20.31,702,2950.0,8.670943791222156,36.9,0,0,0,0,0,0,1,0,0,0,0
1,0.1461,689.51,11.73606902,14.19,687,9930.0,10.344223274726211,79.7,0,0,0,0,0,0,1,0,0,0,0
1,0.1148,659.37,11.18266986,11.37,747,7380.0,10.202406256913896,63.0,0,0,0,0,0,0,1,0,0,0,0
1,0.0859,113.8,10.59663473,10.32,727,3809.958333,8.124743020385568,49.3,0,2,0,0,1,0,0,0,0,0,0
1,0.1461,172.38,11.46163217,0.25,697,3300.0,6.257667587882639,57.9,0,1,0,1,0,0,1,0,0,0,0
1,0.1426,54.89,10.77895629,16.15,667,2670.0,7.370230641807081,41.8,2,0,0,0,0,0,1,0,0,0,0
1,0.1148,138.47,11.08214255,11.11,722,4380.0,8.378390788535778,76.3,0,0,0,0,1,0,0,0,0,0,0
1,0.1392,160.45,10.22194128,21.6,667,5550.0,7.993282328101591,82.2,0,0,1,0,0,0,1,0,0,0,0
1,0.1392,211.65,10.65725935,24.04,747,4110.0,6.501289670540389,10.6,3,0,0,0,0,0,0,0,0,0,1
1,0.0774,218.54,12.10071213,4.31,787,8730.0,5.327876168789581,0.6,3,0,0,0,0,0,0,0,0,1,0
1,0.0894,381.26,11.51292546,11.27,747,4649.958333,10.05496322915898,41.0,1,0,0,0,0,0,0,0,0,1,0
1,0.1531,226.3,10.59913161,23.64,672,3419.958333,9.770698741272664,90.3,0,0,0,0,0,0,1,0,0,0,0
1,0.1253,502.0,11.28978191,0.13,802,7102.0,2.302585092994046,0.1,0,0,0,0,0,0,0,0,1,0,0
1,0.1218,499.5,11.41861479,0.01,782,2789.958333,8.751790892775563,12.3,4,0,0,1,1,0,0,0,0,0,0
1,0.074,86.97,8.987196821,15.15,752,2190.0,7.671826797878781,20.2,0,0,0,0,1,0,0,0,0,0,0
1,0.1218,499.5,11.26968124,18.26,717,7320.0,10.379970147879572,61.7,3,0,0,0,0,0,1,0,0,0,0
1,0.1322,338.01,10.37349118,3.6,777,1800.0,0.0,0.04,0,0,0,0,0,0,0,0,1,0,0
1,0.1704,713.49,12.13598274,12.5,702,6510.0,9.954608332043842,58.1,0,0,0,1,0,0,0,0,0,0,1
1,0.1426,229.85,10.34817337,10.08,677,4860.0,8.700847193443972,34.1,0,1,0,0,0,0,0,0,1,0,0
1,0.1357,169.85,10.83036208,14.75,687,3899.958333,0.0,0.0,0,1,0,0,1,0,0,0,0,0,0
1,0.1253,522.08,11.35035948,9.05,717,1770.0,8.658866349732383,22.5,0,0,0,1,0,0,1,0,0,0,0
1,0.16,467.6,10.59350484,4.6,667,1709.958333,9.313528529772352,79.2,0,0,0,0,0,1,0,0,0,0,0
1,0.1392,682.74,11.28603741,17.09,697,4684.0,10.180361426271306,79.9,0,0,0,0,0,0,1,0,0,0,0
1,0.1253,167.34,9.903687533,11.04,707,1739.958333,8.758098072309089,34.7,0,0,0,0,0,0,1,0,0,0,0
1,0.1253,401.6,11.21182037,8.29,707,8969.958333,8.379997952238393,46.4,2,0,0,0,0,0,0,0,1,0,0
1,0.0774,191.22,11.23056255,12.86,757,6029.958333,8.627660644442209,12.5,1,0,0,0,1,0,0,0,0,0,0
1,0.1148,659.37,12.4292162,6.89,762,5729.958333,9.801953041711831,42.7,1,0,0,0,0,0,0,0,1,0,0
1,0.1253,669.33,11.72803684,1.61,772,3449.958333,7.922261058353247,0.0,4,0,0,1,1,0,0,0,0,0,0
1,0.0894,190.63,11.00209984,22.48,742,5190.0,8.86177531100083,27.9,4,0,0,0,0,0,1,0,0,0,0
1,0.1114,164.02,10.30895266,14.48,762,2940.0,4.912654885736052,1.8,0,0,0,0,0,0,0,1,0,0,0
1,0.1183,231.94,11.08214255,23.39,712,2940.0,9.576787413063618,41.9,1,0,0,0,1,0,0,0,0,0,0
1,0.0894,317.72,12.10071213,4.33,742,4259.958333,7.201916317531627,12.1,3,0,0,1,0,0,1,0,0,0,0
1,0.167,619.5,11.03488966,22.06,672,4649.958333,10.125510476181635,61.4,1,0,0,0,0,0,1,0,0,0,0
1,0.1114,295.24,11.1844214,9.87,732,4020.0,10.054318442238712,45.1,3,0,0,0,0,0,1,0,0,0,0
1,0.1148,395.63,10.81977828,13.87,727,3839.958333,9.660460120624778,42.4,2,0,0,0,0,1,0,0,0,0,0
1,0.1565,524.8,12.68354829,15.58,672,10200.0,9.744374580879056,82.4,1,0,0,0,0,0,1,0,0,0,0
1,0.1422,219.42,10.59663473,0.57,687,1860.0,6.802394763324311,13.2,1,0,0,1,0,0,1,0,0,0,0
1,0.1426,543.75,10.81977828,22.66,682,2369.958333,9.719805070102831,63.8,3,0,0,0,0,0,1,0,0,0,0
1,0.0894,317.72,11.03488966,13.28,747,5550.0,8.868976189274543,20.0,2,0,0,0,0,0,1,0,0,0,0
1,0.1218,399.6,10.6214249,5.24,712,1899.0,9.222071294851881,36.3,2,0,0,0,0,0,0,0,1,0,0
1,0.1148,337.93,11.28978191,11.13,752,3600.0,8.891374009484636,24.9,1,0,0,1,0,0,1,0,0,0,0
1,0.16,351.58,11.11016619,10.3,662,3059.958333,9.663706360068895,87.8,1,1,0,0,0,0,1,0,0,0,0
1,0.16,140.63,11.1124479,14.61,677,4919.958333,7.2991214627108,73.9,1,0,0,0,0,0,1,0,0,0,0
1,0.1843,363.7,11.35040654,12.51,667,2580.0,9.420439209769585,96.4,0,0,0,0,0,0,1,0,0,0,0
1,0.0894,333.61,10.30895266,2.84,762,4380.0,8.08886878916199,15.1,1,0,0,0,0,0,0,0,1,0,0
1,0.1148,329.69,11.22524339,21.81,717,6749.958333,9.428993858017527,42.6,3,0,1,0,0,1,0,0,0,0,0
1,0.1461,689.51,11.51292546,22.55,677,5699.958333,10.162808729968926,36.8,0,2,0,0,0,0,1,0,0,0,0
1,0.1148,118.69,9.903687533,3.6,722,1530.0,8.153637486385282,21.6,2,0,0,0,0,0,0,1,0,0,0
1,0.1496,519.68,12.0552265,10.49,677,3364.0,7.640123172695364,36.5,2,0,0,0,0,0,0,0,0,1,0
1,0.1322,676.02,11.56171563,24.89,707,5820.0,11.064479784287597,65.1,0,0,0,1,0,0,1,0,0,0,0
1,0.1739,716.95,10.71441777,0.32,712,2729.958333,6.380122536899765,3.8,0,0,0,0,0,0,0,0,0,0,1
1,0.0894,381.26,11.73606902,8.85,757,5729.958333,10.04107321548869,46.7,0,0,0,0,0,0,1,0,0,0,0
1,0.0894,381.26,11.60823564,7.3,807,4979.958333,0.6931471805599453,0.1,0,0,0,0,1,0,0,0,0,0,0
1,0.1183,662.68,11.35040654,24.27,737,5610.0,10.689191124703777,66.6,3,0,0,1,0,1,0,0,0,0,0
1,0.1426,411.67,11.22524339,24.77,677,6180.0,9.738553945343401,92.2,0,0,0,0,0,0,1,0,0,0,0
1,0.1461,189.62,11.27456675,8.04,672,1830.0,8.967249182852276,94.5,1,0,0,0,0,0,1,0,0,0,0
1,0.0894,127.09,11.08214255,12.24,742,11190.95833,9.080573313917117,38.3,4,0,0,1,1,0,0,0,0,0,0
1,0.1114,160.74,10.89851552,24.38,712,3869.958333,9.24753981296529,49.2,1,0,0,0,0,1,0,0,0,0,0
1,0.0774,124.88,10.4341158,15.6,772,5639.958333,6.7650389767805414,2.4,1,0,0,0,0,0,1,0,0,0,0
1,0.0894,317.72,11.22524339,23.64,737,6900.0,10.579107016227857,33.9,0,0,0,0,0,1,0,0,0,0,0
1,0.1148,659.37,10.81977828,23.52,747,11939.95833,10.090962474570878,58.1,1,0,0,0,0,0,1,0,0,0,0
1,0.1392,143.38,9.852194258,23.05,682,1590.0,8.40827078419205,83.0,1,0,0,0,1,0,0,0,0,0,0
1,0.1704,89.19,11.15247196,0.0,697,8370.0,0.0,0.0,0,1,0,0,0,0,0,0,0,0,1
1,0.1322,67.61,8.29404964,6.0,697,1140.0,6.395261598115449,54.4,2,0,0,0,0,0,0,1,0,0,0
1,0.0859,309.78,10.77895629,13.5,757,4803.0,9.231808278591423,20.9,0,0,0,0,0,1,0,0,0,0,0
1,0.1218,249.75,11.28978191,9.04,742,6089.958333,8.913550280493675,50.5,1,0,0,0,0,1,0,0,0,0,0
1,0.1704,713.49,11.00209984,17.4,672,5190.0,10.068832485122966,86.7,2,0,0,0,0,1,0,0,0,0,0
1,0.0859,442.55,11.03495418,11.11,802,6930.0,9.6580983922746,11.3,2,0,0,0,0,0,1,0,0,0,0
1,0.1287,588.59,11.69524702,14.98,712,2759.958333,9.258082367961604,45.0,2,0,0,0,0,1,0,0,0,0,0
1,0.0774,234.14,10.23995979,22.37,782,13049.95833,9.19023970026918,17.7,0,0,0,0,0,1,0,0,0,0,0
1,0.0859,94.84,10.81985828,3.72,767,9989.958333,8.864322722511439,28.3,0,0,0,0,1,0,0,0,0,0,0
1,0.1218,283.05,11.30713055,6.8,707,7859.958333,10.983732183846053,58.7,0,1,0,0,0,0,1,0,0,0,0
1,0.1183,132.54,11.00209984,8.44,707,5249.958333,9.04310445260027,63.1,0,1,0,0,0,0,0,0,0,1,0
1,0.1253,200.8,10.49127422,19.0,687,2880.0,8.900276348631271,34.7,0,1,0,0,0,1,0,0,0,0,0
1,0.1183,662.68,10.89673933,5.0,757,4230.958333,10.037712454627359,66.9,0,0,0,0,0,1,0,0,0,0,0
1,0.1148,659.37,12.20607265,6.97,777,7829.958333,7.450079569807499,2.8,2,0,0,0,0,0,0,0,1,0,0
1,0.1114,623.27,11.08846101,21.56,787,5460.0,8.168202930236053,7.8,0,0,0,0,0,0,1,0,0,0,0
1,0.0774,249.75,10.81977828,12.58,782,9692.958333,8.311889558230359,8.7,1,0,0,0,1,0,0,0,0,0,0
1,0.1392,648.61,11.35040654,12.9,692,7140.958333,8.928242677818302,82.0,2,0,0,0,0,0,1,0,0,0,0
1,0.1704,249.72,10.59663473,6.9,702,4320.0,8.524367395164237,76.0,1,1,0,1,0,0,0,0,0,0,1
1,0.1357,679.37,11.1844214,23.22,702,7980.0,10.755389085456933,62.9,1,0,0,0,0,0,1,0,0,0,0
1,0.1183,430.75,10.54006438,16.25,772,2250.0,8.159374736775426,26.3,0,0,0,0,0,0,1,0,0,0,0
1,0.0894,111.21,10.23995979,1.71,727,2099.958333,7.900266036767701,69.2,1,0,0,0,1,0,0,0,0,0,0
1,0.1322,676.02,11.19674789,20.31,707,7529.958333,11.117554241767293,58.6,0,0,0,0,0,0,1,0,0,0,0
1,0.1496,207.87,10.59663473,8.49,662,4043.0,8.00603417874901,19.1,0,0,0,1,0,0,0,0,0,1,0
1,0.1148,494.53,11.91839057,6.42,732,4830.0,9.289059126687574,50.8,0,0,0,0,0,0,0,0,1,0,0
1,0.0894,460.69,11.49272276,17.2,762,5108.0,8.624252263709645,20.7,0,0,0,0,0,0,1,0,0,0,0
1,0.1357,169.85,11.03488966,17.79,707,3921.958333,8.745761999375512,55.6,3,0,0,0,0,0,1,0,0,0,0
1,0.1114,262.43,10.91508846,18.89,722,5639.958333,10.498746232276948,41.6,1,1,0,0,0,1,0,0,0,0,0
1,0.1148,435.19,10.6501755,13.79,747,5970.0,10.509086848575649,32.5,0,0,0,0,0,1,0,0,0,0,0
1,0.1148,164.85,11.56171563,15.55,707,3059.958333,10.278424722275334,79.7,1,0,0,0,0,0,0,0,1,0,0
1,0.1704,214.05,10.81977828,9.96,682,1890.0,9.0595174822416,91.6,0,0,0,0,0,0,0,0,0,0,1
1,0.1253,481.92,11.22524339,9.66,712,4714.0,9.736074312475292,78.7,0,0,0,0,0,0,1,0,0,0,0
1,0.1496,242.52,10.75790288,21.8,672,3179.958333,8.809862805379057,64.9,1,2,0,0,0,0,0,1,0,0,0
1,0.1114,472.38,11.08214255,15.82,742,3960.0,9.082507000466299,34.5,2,1,0,0,1,0,0,0,0,0,0
1,0.1531,278.53,11.48246626,13.32,662,5309.958333,8.80056599227992,61.8,0,0,0,0,0,0,1,0,0,0,0
1,0.0859,110.64,10.96819829,19.74,732,3038.0,9.794230566599179,37.0,2,0,0,0,1,0,0,0,0,0,0
1,0.1114,65.61,10.51867319,17.51,707,5250.0,10.026810768568128,65.4,0,1,0,0,1,0,0,0,0,0,0
1,0.1426,343.06,11.12726298,15.63,682,5039.958333,6.776506992372183,25.0,1,0,0,0,0,0,1,0,0,0,0
1,0.1461,344.76,10.30895266,11.36,672,2429.958333,9.263407092912875,57.0,1,2,0,0,0,0,1,0,0,0,0
1,0.1183,149.11,10.93310697,15.39,707,4350.0,8.439231649946526,17.6,0,0,0,0,0,1,0,0,0,0,0
1,0.1253,83.67,10.96812932,16.41,682,5759.958333,10.003694812953153,80.1,3,0,0,0,1,0,0,0,0,0,0
1,0.0859,189.67,10.89673933,11.98,742,3929.958333,9.237566358229774,43.9,0,0,0,0,1,0,0,0,0,0,0
1,0.1287,302.7,11.11382009,15.85,692,3209.958333,9.99893408668014,81.2,3,0,0,0,0,0,0,0,0,1,0
1,0.0774,218.54,10.30895266,8.28,777,8490.0,0.0,0.0,0,0,0,0,1,0,0,0,0,0,0
1,0.1322,304.21,11.41751528,9.81,692,6839.958333,9.865941436462158,85.6,1,1,0,0,0,0,1,0,0,0,0
1,0.1913,220.33,11.13093271,16.81,662,1500.0,8.967504187316237,98.0,1,0,0,0,0,0,1,0,0,0,0
1,0.1148,494.53,11.65268741,22.88,737,14009.95833,10.825422326795367,10.9,0,0,0,0,0,0,1,0,0,0,0
1,0.0894,270.06,10.83958091,14.26,737,2729.958333,9.13830716907635,49.8,2,0,0,0,1,0,0,0,0,0,0
1,0.1322,84.51,11.40756495,1.31,787,5399.958333,9.818691900831412,0.0,0,0,0,0,0,0,0,0,0,0,1
1,0.1183,397.61,11.42118511,6.67,747,8070.0,9.31542084842669,42.6,4,0,0,0,0,0,0,0,1,0,0
1,0.1635,628.86,11.35040654,19.23,667,3630.0,9.918425424900335,78.7,1,0,0,0,0,0,1,0,0,0,0
1,0.1148,290.13,10.51856508,10.12,722,5699.958333,9.538564399740899,38.7,0,0,0,0,0,0,1,0,0,0,0
1,0.1704,713.49,12.10071213,10.9,677,4860.0,10.849298250946275,90.3,2,0,1,0,0,1,0,0,0,0,0
1,0.1218,333.0,11.53272809,13.96,747,5132.0,10.339578854186053,41.0,4,0,0,0,0,0,1,0,0,0,0
1,0.1461,51.72,10.77895629,7.25,667,3780.0,8.2482674474469,93.2,2,1,0,0,0,0,1,0,0,0,0
1,0.1392,54.62,11.1844214,17.65,667,3960.0,10.599306161651231,80.4,0,0,0,0,0,1,0,0,0,0,0
1,0.1461,689.51,11.65268741,1.82,767,5821.0,0.6931471805599453,0.0,2,0,0,0,0,0,0,0,0,1,0
1,0.0859,221.28,10.59663473,6.87,747,3240.0,8.873047798971067,21.3,2,0,0,0,0,0,1,0,0,0,0
1,0.1287,322.88,11.65268741,24.56,692,4919.958333,10.80220477079312,61.4,1,1,0,0,0,0,1,0,0,0,0
1,0.0859,214.16,11.66137995,0.89,807,6900.0,7.544861068658458,2.3,0,0,0,0,1,0,0,0,0,0,0
1,0.1253,133.87,10.91508846,3.01,702,2970.0,8.265907334155747,74.8,0,0,0,0,0,0,1,0,0,0,0
1,0.0894,317.72,11.66992921,7.88,737,4680.0,10.21833478806055,44.1,1,0,0,0,0,0,1,0,0,0,0
1,0.0774,312.19,10.51867319,16.02,772,5070.0,9.649949224651184,52.6,0,0,0,0,0,0,1,0,0,0,0
1,0.1426,686.12,11.28983191,21.19,692,10469.95833,9.308917935337176,43.1,2,1,0,0,0,0,1,0,0,0,0
1,0.1392,273.1,10.53828582,5.88,772,3360.0,7.694392802629421,24.1,2,0,0,1,0,0,0,0,0,0,1
1,0.167,710.03,11.40756495,21.8,697,6359.958333,10.594808065754666,78.3,0,0,0,0,0,0,1,0,0,0,0
1,0.0894,76.26,10.03407712,17.06,772,6390.958333,8.992681750892542,29.2,0,0,0,0,1,0,0,0,0,0,0
1,0.1322,169.01,10.58405595,1.12,682,3990.0,7.337587743538596,15.8,1,0,0,0,1,0,0,0,0,0,0
1,0.1148,150.84,9.740968623,18.14,732,2880.0,9.299723933110869,65.5,0,0,0,0,0,1,0,0,0,0,0
1,0.1426,343.06,11.45635511,11.63,742,11549.95833,11.05986547805438,70.2,3,0,0,0,0,0,0,0,0,0,1
1,0.1635,158.99,11.22524339,12.94,667,3390.0,7.805474625270857,94.3,1,1,0,0,0,0,0,0,1,0,0
1,0.074,186.36,11.60823564,12.86,787,9484.0,11.060714601464154,13.2,0,0,0,0,0,1,0,0,0,0,0
1,0.1183,662.68,11.76756768,16.51,732,5699.958333,10.074411064377713,31.3,0,0,0,0,0,0,1,0,0,0,0
1,0.0894,381.26,10.94425884,7.42,757,3509.958333,8.873748128154395,24.3,0,0,0,0,0,0,1,0,0,0,0
1,0.0859,316.11,11.3736634,2.62,752,3602.0,9.21492982430999,33.4,1,0,0,0,0,1,0,0,0,0,0
1,0.1253,441.76,10.74926998,7.98,712,7229.958333,9.276502574229852,70.3,1,0,0,0,0,0,1,0,0,0,0
1,0.1253,401.6,11.00209984,19.32,717,3600.0,9.606159103032542,82.1,1,0,0,1,0,0,1,0,0,0,0
1,0.1287,538.14,10.858999,12.48,712,4320.0,9.648595302907339,74.9,0,0,0,0,0,0,1,0,0,0,0
1,0.0894,285.95,10.89673933,9.38,742,7529.958333,11.001583041019357,74.6,1,0,0,0,0,0,0,0,1,0,0
1,0.1183,530.15,10.62609644,10.75,727,3209.958333,9.732105935780508,39.8,2,0,0,0,0,0,1,0,0,0,0
1,0.1357,679.37,11.51292546,18.81,747,3630.0,0.0,0.0,6,0,0,0,0,0,0,0,1,0,0
1,0.1183,198.81,10.12647109,20.65,717,2373.958333,0.0,0.0,3,0,0,0,0,0,1,0,0,0,0
1,0.0774,62.44,10.83958091,6.45,752,3479.958333,0.0,0.0,3,0,0,0,1,0,0,0,0,0,0
1,0.0774,308.29,10.91501573,9.01,782,7199.958333,9.109525066737367,12.8,0,0,0,0,0,0,0,0,0,1,0
1,0.1183,119.29,11.70354582,15.14,702,7529.958333,10.165813354725493,74.6,1,0,0,0,0,0,0,0,1,0,0
1,0.0894,349.49,10.66895539,11.0,742,8879.958333,7.669028288589683,5.4,0,1,0,0,0,0,1,0,0,0,0
1,0.1531,233.27,10.22557105,3.78,667,3300.0,8.343077871169383,56.0,1,0,0,0,1,0,0,0,0,0,0
1,0.1426,686.12,11.59819449,13.43,702,6449.958333,10.325416386674958,93.8,0,0,1,1,0,0,1,0,0,0,0
1,0.1461,260.29,9.967588478,17.61,687,3209.958333,9.301003406873425,96.9,0,0,0,0,0,0,1,0,0,0,0
1,0.1218,166.5,11.11988288,14.99,697,3874.958333,7.2875606403097235,23.2,1,1,1,0,1,0,0,0,0,0,0
1,0.1114,393.65,11.35040654,6.58,752,5880.0,0.0,0.0,0,0,0,0,0,0,0,0,1,0,0
1,0.0859,189.67,10.858999,21.6,732,3240.0,9.28859686994195,14.9,2,0,0,0,1,0,0,0,0,0,0
1,0.1635,706.59,11.49516874,9.19,677,3600.0,9.403437001938096,83.1,0,0,0,0,0,0,1,0,0,0,0
1,0.1392,163.86,10.93310697,8.78,702,3842.958333,8.443761913330354,96.8,2,0,0,0,0,1,0,0,0,0,0
1,0.1322,338.01,10.77895629,22.43,687,2190.0,8.533656917446903,37.6,0,0,0,0,0,1,0,0,0,0,0
1,0.0894,330.43,10.51867319,8.37,737,5190.0,10.10303488999515,36.7,0,0,0,0,0,1,0,0,0,0,0
1,0.1114,164.02,10.30895266,10.32,732,1530.0,7.762596048540069,7.9,1,0,0,0,0,0,0,1,0,0,0
1,0.1114,328.04,10.16600565,6.55,732,2580.0,9.108086137937427,37.6,1,0,0,0,0,1,0,0,0,0,0
1,0.0894,311.37,11.22524339,2.85,762,4200.958333,9.09638749190015,40.6,1,0,0,0,1,0,0,0,0,0,0
1,0.0894,266.89,10.91508846,6.52,737,2819.958333,8.97259066827261,45.6,0,0,0,0,0,0,1,0,0,0,0
1,0.1114,368.22,10.88911776,8.89,732,3600.0,9.491299898667137,68.2,2,0,0,0,0,0,1,0,0,0,0
1,0.0859,347.72,10.16585182,16.06,767,7532.958333,9.449908301704534,22.4,0,0,0,0,0,1,0,0,0,0,0
1,0.1148,131.88,10.71894086,21.48,742,3708.0,7.835974581721566,11.7,1,0,0,0,0,0,1,0,0,0,0
1,0.1114,82.01,10.91370569,6.34,722,4649.958333,7.5406215286571525,11.3,0,0,0,0,0,0,0,0,0,1,0
1,0.16,527.36,10.66886237,15.57,667,4051.0,9.706925073451831,80.1,2,0,0,0,0,0,1,0,0,0,0
1,0.1148,659.37,10.83860004,9.19,762,4350.0,9.603665420190179,26.3,0,0,0,0,0,0,1,0,0,0,0
1,0.1183,424.12,10.46310334,11.66,717,4110.0,9.518486617560317,49.1,3,0,0,0,0,0,1,0,0,0,0
1,0.0894,170.78,11.84877608,15.13,727,9120.0,11.222706844866451,58.7,0,0,0,0,0,1,0,0,0,0,0
1,0.1218,199.8,10.71441777,14.43,702,4770.0,9.102643796520809,88.0,2,0,0,0,0,1,0,0,0,0,0
1,0.1635,565.27,11.28978191,9.63,692,3270.0,9.752664662801545,98.3,1,0,0,0,0,0,1,0,0,0,0
1,0.1218,49.95,9.798127037,14.4,687,4619.958333,8.986571625268054,62.9,0,0,0,1,1,0,0,0,0,0,0
1,0.1635,367.43,10.46321762,17.45,662,2339.958333,9.501067802613925,86.8,1,0,0,0,0,0,1,0,0,0,0
1,0.1392,170.69,11.19821472,21.68,672,4320.0,10.556775816334186,84.7,0,0,0,1,0,0,1,0,0,0,0
1,0.0859,205.47,11.33260191,11.48,737,2190.0,7.4109518755836366,6.6,1,0,0,0,1,0,0,0,0,0,0
1,0.1843,188.22,10.1266311,20.64,662,3780.0,9.691407573577898,67.6,2,0,0,0,0,0,0,0,0,0,1
1,0.0859,110.64,9.472396897,0.0,727,6540.0,9.368881400104733,32.6,2,0,0,1,0,0,0,1,0,0,0
1,0.1704,356.75,11.69524702,10.67,662,2039.958333,9.653486547052035,97.3,0,0,0,0,0,1,0,0,0,0,0
1,0.1461,689.51,11.33857208,15.8,682,3899.958333,11.137853762181857,30.6,2,0,0,0,0,0,1,0,0,0,0
1,0.1357,366.86,10.73639668,2.77,717,2221.0,8.684739462628038,15.3,1,0,0,1,0,0,1,0,0,0,0
1,0.0774,156.1,10.9331784,5.12,777,4830.0,10.41078696652556,65.1,2,0,0,0,0,0,0,0,0,1,0
1,0.1253,301.2,10.59663473,14.46,692,3630.0,9.37475250822657,42.2,0,0,0,0,0,0,1,0,0,0,0
1,0.1426,41.17,10.81977828,14.54,672,3179.958333,9.720405706795765,94.1,2,0,0,0,1,0,0,0,0,0,0
1,0.1426,411.67,10.6454249,1.34,687,5279.958333,8.436416881388949,36.9,1,1,0,0,1,0,0,0,0,0,0
1,0.1357,509.53,11.0279625,15.42,712,2849.958333,8.81358720447004,27.1,0,0,0,0,1,0,0,0,0,0,0
1,0.1183,106.03,10.91018556,20.96,702,3630.0,9.737964114018055,83.5,0,0,0,0,0,1,0,0,0,0,0
1,0.074,93.18,10.77895629,2.8,762,14039.95833,8.235360643753348,14.7,0,0,0,0,1,0,0,0,0,0,0
1,0.0894,47.66,10.34174248,8.52,717,3960.0,7.408530566894626,6.0,0,0,0,0,0,0,0,0,0,1,0
1,0.074,62.12,11.15625052,18.31,762,5729.958333,10.351565051448167,46.8,1,0,0,0,1,0,0,0,0,0,0
1,0.0894,285.95,10.83486392,21.49,737,2910.0,7.899524472032198,38.5,1,0,0,0,0,0,1,0,0,0,0
1,0.1114,246.03,10.30895266,17.52,722,2819.958333,7.878534196140362,21.3,2,0,0,0,0,0,1,0,0,0,0
1,0.1322,546.73,11.06663836,10.13,707,7080.0,9.41311793733752,45.5,1,0,0,0,0,0,1,0,0,0,0
1,0.1322,270.41,11.26446411,14.66,682,3960.0,7.666690200080086,41.9,2,0,0,0,0,0,0,0,1,0,0
1,0.0859,145.41,10.85892207,11.91,737,4140.0,8.39615486303918,15.6,1,0,0,0,0,0,1,0,0,0,0
1,0.1843,545.55,10.46310334,8.78,677,8279.958333,6.173786103901937,20.0,1,3,0,0,0,0,0,0,0,0,1
1,0.1322,676.02,11.24457532,17.36,707,3960.0,6.899723107284872,34.2,1,0,0,0,0,0,1,0,0,0,0
1,0.0894,305.01,11.35040654,12.01,742,5039.958333,10.767958535680487,56.1,0,0,0,1,1,0,0,0,0,0,0
1,0.1183,165.67,11.6421978,13.63,707,3690.0,10.935407891992757,84.4,0,0,0,0,0,0,1,0,0,0,0
1,0.0894,476.58,11.03939563,7.78,792,7118.958333,9.496796693502144,33.3,1,0,0,0,0,0,1,0,0,0,0
1,0.1183,33.14,10.83958091,16.8,707,5101.0,8.991686725934825,37.9,3,0,0,0,1,0,0,0,0,0,0
1,0.1253,401.6,11.26446411,18.89,702,6930.0,9.620793021595386,59.6,0,0,0,0,0,0,1,0,0,0,0
1,0.1287,437.24,10.66895539,14.93,717,4410.0,3.912023005428146,3.3,2,0,0,0,0,0,1,0,0,0,0
1,0.0774,93.66,11.62621844,15.26,737,10680.0,10.38532711001602,64.2,2,0,0,0,1,0,0,0,0,0,0
1,0.1183,662.68,11.1844214,13.8,747,4229.958333,9.678404621840867,28.6,4,0,0,0,0,0,1,0,0,0,0
1,0.1183,497.01,12.35879373,8.53,727,4920.958333,10.063691304076464,38.1,1,0,0,0,0,0,0,0,0,1,0
1,0.0894,317.72,11.03488966,14.37,757,1950.0,7.0707241072602764,4.5,0,0,0,0,0,0,1,0,0,0,0
1,0.1253,669.33,10.47344963,16.97,727,3149.958333,9.938323667371586,54.6,0,0,0,0,0,0,1,0,0,0,0
1,0.074,68.33,10.96819829,1.43,772,5490.0,6.091309882077698,2.8,2,0,0,0,0,0,0,0,1,0,0
1,0.1357,271.75,11.79539397,17.68,682,11340.0,10.915924478293796,85.2,0,1,0,0,0,0,1,0,0,0,0
1,0.1426,68.62,10.31304428,15.38,662,2819.958333,8.23217423638394,80.0,0,1,0,0,1,0,0,0,0,0,0
1,0.16,123.06,10.20359214,8.89,677,2009.958333,8.677609912822142,99.5,0,0,0,0,1,0,0,0,0,0,0
1,0.1183,662.68,11.33857208,15.91,767,5406.958333,9.462731997649378,12.1,4,0,0,0,0,1,0,0,0,0,0
1,0.0859,126.45,10.08580911,21.85,737,2250.0,7.458186157340487,10.9,1,0,0,0,0,0,1,0,0,0,0
1,0.1913,73.45,10.81977828,17.28,677,3996.0,9.317668949728708,98.5,1,1,0,1,0,0,0,0,0,0,1
1,0.0894,317.72,10.91508846,19.75,742,9031.958333,9.423675982299306,39.7,3,0,0,0,0,0,1,0,0,0,0
1,0.0894,508.35,11.69524702,23.1,782,6389.958333,11.272559454860433,31.7,1,0,0,0,1,0,0,0,0,0,0
1,0.0859,158.06,12.4292002,6.29,737,6484.958333,8.999866223762636,70.4,2,0,0,0,0,0,0,0,1,0,0
1,0.1114,216.51,10.60162227,2.87,727,1679.958333,9.007612005404566,21.1,2,0,0,0,1,0,0,0,0,0,0
1,0.0894,428.13,11.24504602,18.7,747,5639.958333,10.424095176156737,45.0,0,0,0,0,0,0,1,0,0,0,0
1,0.1322,507.01,10.81977828,13.42,692,2369.958333,9.612934696659327,70.1,2,0,0,0,0,0,1,0,0,0,0
1,0.1392,682.74,11.35040654,11.55,697,5220.0,9.755625391793744,78.3,2,1,0,0,0,0,1,0,0,0,0
1,0.1496,207.87,10.858999,15.65,662,5461.0,7.509335266016592,67.6,0,2,0,0,0,0,1,0,0,0,0
1,0.1148,296.72,10.71441777,18.93,717,5039.958333,9.587200223074012,72.2,0,0,0,0,0,1,0,0,0,0,0
1,0.0894,381.26,11.00209984,15.86,792,8100.0,6.212606095751519,0.4,0,0,0,0,1,0,0,0,0,0,0
1,0.1392,273.1,11.22524339,19.87,677,8160.0,9.705707120679628,37.2,0,1,1,0,1,0,0,0,0,0,0
1,0.1114,262.43,9.968338525,17.71,772,2160.0,6.86171134048073,14.7,4,0,0,1,0,0,0,0,0,1,0
1,0.1322,108.17,11.40756495,12.08,677,13500.0,8.919988070968524,82.9,2,0,0,0,0,0,0,0,1,0,0
1,0.0859,151.73,10.858999,4.41,767,5250.0,4.7535901911063645,0.5,2,0,0,0,1,0,0,0,0,0,0
1,0.1357,203.82,10.96812932,9.37,692,1410.0,6.805722553416985,20.0,1,0,0,0,1,0,0,0,0,0,0
1,0.0859,316.11,10.49127422,16.0,752,5190.0,9.322418275381533,24.9,1,0,0,0,1,0,0,0,0,0,0
1,0.1496,110.87,10.95954023,20.43,672,5130.0,8.787678239039497,95.4,1,1,0,0,0,0,1,0,0,0,0
1,0.1426,130.37,11.58988651,13.75,667,6240.0,9.037652264150466,75.1,3,0,0,0,0,1,0,0,0,0,0
1,0.0894,444.81,11.00209984,20.82,757,8985.958333,6.853299093186078,18.9,1,0,0,0,1,0,0,0,0,0,0
1,0.1218,166.5,10.20359214,9.78,707,1530.0,8.655388690167637,61.1,0,0,0,0,0,0,1,0,0,0,0
1,0.1322,135.21,10.81977828,1.08,702,1770.0,7.315883504509785,16.3,0,0,0,0,0,0,0,1,0,0,0
1,0.1253,669.33,11.61964306,11.36,717,7350.0,10.468062452296309,69.4,0,0,0,0,0,0,1,0,0,0,0
1,0.1635,559.97,10.93310697,22.84,662,8585.958333,9.613068404374461,71.6,0,0,0,1,0,0,1,0,0,0,0
1,0.0859,158.06,9.903487553,14.16,752,3660.0,8.569406062863171,42.8,0,0,0,0,0,0,1,0,0,0,0
1,0.0894,403.5,11.15625052,13.63,762,4889.958333,9.99465279028822,28.8,3,0,0,0,0,0,1,0,0,0,0
1,0.1218,249.75,11.1124479,4.66,707,1770.0,7.771067086065406,17.8,2,0,0,0,1,0,0,0,0,0,0
1,0.1426,411.67,10.93310697,14.55,677,1890.0,9.035391569511642,48.8,2,0,0,0,0,0,1,0,0,0,0
1,0.1426,144.09,11.02698756,12.11,667,3869.958333,7.317876198626496,34.2,0,3,0,1,1,0,0,0,0,0,0
1,0.0894,190.63,10.59663473,2.91,732,3149.958333,8.881697406469304,32.0,0,0,0,1,0,0,0,1,0,0,0
1,0.1461,413.71,11.51292546,5.05,767,3149.958333,4.836281906951478,0.4,2,0,0,0,0,0,0,0,0,0,1
1,0.16,351.58,10.73639668,14.3,692,1984.958333,9.18296917518005,98.3,0,0,0,0,0,0,1,0,0,0,0
1,0.0894,95.32,11.33806004,23.05,717,8339.958333,9.549736900114642,67.2,0,0,0,0,0,0,1,0,0,0,0
1,0.1496,86.62,10.98529272,9.66,662,5999.958333,9.877554170509624,86.6,3,1,0,0,1,0,0,0,0,0,0
1,0.1287,201.8,11.28978191,13.05,687,3030.0,9.17378011666438,49.9,0,0,1,0,0,0,1,0,0,0,0
1,0.074,74.55,11.09741002,5.89,777,3030.0,5.0238805208462765,4.9,0,0,0,0,1,0,0,0,0,0,0
1,0.1635,353.3,11.2515607,11.52,732,5009.958333,10.48776807810896,94.4,3,0,0,0,0,0,0,0,0,0,1
1,0.1496,97.01,11.39639165,20.95,712,5910.0,10.409340834675561,87.5,0,0,0,0,0,0,0,0,0,0,1
1,0.1357,339.69,11.48246626,16.96,682,3839.958333,9.112065802707843,26.1,1,3,0,0,0,0,1,0,0,0,0
1,0.074,31.06,11.14186178,6.65,767,7080.0,9.052867513151618,14.8,0,0,0,0,0,0,1,0,0,0,0
1,0.0774,31.22,10.27505111,21.52,737,3179.958333,8.099554282376364,42.8,1,0,0,0,0,0,0,1,0,0,0
1,0.1287,168.17,10.59653473,3.0,712,1200.0,8.296546520300614,38.5,0,0,0,0,1,0,0,0,0,0,0
1,0.1843,290.96,10.5635432,9.86,667,2520.0,5.700443573390687,99.3,0,0,1,1,1,0,0,0,0,0,0
1,0.1253,100.4,11.07720731,15.9,697,8999.958333,9.691778378847582,32.8,0,2,0,0,1,0,0,0,0,0,0
1,0.1774,164.8,9.305650552,8.84,692,1349.958333,0.0,0.0,1,0,0,0,0,0,0,0,0,0,1
1,0.1114,393.65,10.20359214,17.82,742,3720.0,9.967072494161238,29.2,0,0,0,1,0,0,0,0,0,1,0
1,0.1322,67.61,10.91508846,9.77,672,5250.0,6.988413181999592,77.4,3,0,0,0,1,0,0,0,0,0,0
1,0.1392,257.74,10.59663473,22.05,682,4469.0,10.110704953300079,91.8,0,0,0,0,0,0,1,0,0,0,0
1,0.1253,669.33,10.95940109,20.68,722,4709.958333,9.852036350945049,77.9,1,0,0,0,0,0,1,0,0,0,0
1,0.1461,330.97,10.6454249,15.09,672,3240.0,9.26539657772426,80.7,0,0,0,0,0,0,1,0,0,0,0
1,0.0894,190.63,11.15625052,9.46,732,4681.958333,9.86780856007911,35.5,2,0,0,0,1,0,0,0,0,0,0
1,0.1774,720.42,11.69524702,18.34,702,11909.95833,10.825919389167046,75.0,0,0,0,0,0,1,0,0,0,0,0
1,0.1253,401.6,10.79949394,9.92,707,3539.958333,9.480978009818704,51.4,0,0,0,0,0,0,1,0,0,0,0
1,0.1218,666.0,10.91501573,13.79,727,3899.958333,9.73790511174645,66.2,1,0,0,0,0,0,1,0,0,0,0
1,0.0894,381.26,10.46561447,11.01,757,8579.958333,9.53387209732166,36.9,0,0,0,0,0,0,1,0,0,0,0
1,0.0705,46.35,10.71441777,16.24,792,4020.0,9.843259726985641,52.0,0,0,0,0,0,1,0,0,0,0,0
1,0.0774,156.1,10.62132735,17.68,752,3390.0,7.471932078245122,9.3,1,0,0,0,0,0,0,0,1,0,0
1,0.167,532.53,11.47210347,7.05,722,4140.0,8.054204897064407,46.4,2,0,0,0,0,0,0,0,0,0,1
1,0.1183,662.68,11.1844214,2.55,742,4649.958333,9.351753124926507,15.4,3,0,0,0,0,0,0,0,1,0,0
1,0.0859,316.11,10.62132735,10.92,757,5160.0,8.85366542803745,9.8,1,0,0,0,0,0,1,0,0,0,0
1,0.1183,115.97,10.95080655,24.11,707,3030.0,7.9996785794994505,14.2,1,1,0,0,0,0,0,0,1,0,0
1,0.0894,352.67,11.32055357,21.53,737,5759.958333,10.745701081013967,56.1,0,0,0,0,0,0,1,0,0,0,0
1,0.1322,324.49,11.69524702,4.91,692,4619.958333,7.417580402414544,87.6,1,0,0,0,0,0,1,0,0,0,0
1,0.1114,472.38,11.65268741,11.3,732,3930.0,10.259131965660336,41.3,0,0,0,0,0,0,1,0,0,0,0
1,0.074,201.89,9.798127037,14.13,772,7169.958333,8.847216104357543,25.3,0,0,0,0,0,0,1,0,0,0,0
1,0.074,31.06,10.30895266,0.0,772,5729.958333,9.315510869581722,46.5,0,0,0,0,0,0,0,0,1,0,0
1,0.0894,190.63,11.00209984,23.18,732,3539.958333,10.013417611908324,29.0,0,0,0,0,0,0,1,0,0,0,0
1,0.0774,99.9,10.71441777,17.33,737,7050.0,9.450930836894113,39.9,1,0,0,0,1,0,0,0,0,0,0
1,0.1322,101.41,10.1266311,3.5,682,1530.0,7.763021309018518,24.0,1,0,0,0,0,0,0,0,1,0,0
1,0.1357,679.37,10.9331784,20.03,707,5999.958333,10.250511070945045,70.7,1,0,0,0,0,0,1,0,0,0,0
1,0.0859,72.71,10.57131693,0.98,742,2580.0,7.533158807455563,22.8,1,0,0,0,0,1,0,0,0,0,0
1,0.0894,158.86,10.46321762,15.02,727,2250.0,8.204671828950811,10.0,0,0,0,0,0,0,1,0,0,0,0
1,0.1531,696.31,11.44678566,23.79,702,4410.0,11.001783124388094,95.5,0,0,0,0,0,0,1,0,0,0,0
1,0.1287,504.5,11.65268741,8.35,702,6089.958333,9.4053313318708,54.2,2,0,1,0,0,0,1,0,0,0,0
1,0.1218,266.4,10.30895266,4.16,737,2550.0,8.669227347271736,48.5,0,0,0,0,1,0,0,0,0,0,0
1,0.1322,169.01,9.903487553,10.14,687,6749.958333,8.67965211911394,82.8,3,0,1,0,0,0,1,0,0,0,0
1,0.0859,227.6,11.62735176,13.89,767,2880.0,6.398594934535208,2.4,1,0,0,0,0,0,1,0,0,0,0
1,0.0894,190.63,10.20359214,17.73,757,4619.958333,9.946259644379998,28.4,2,0,0,1,0,1,0,0,0,0,0
1,0.1322,608.42,11.77528973,16.99,702,6540.0,10.42694308220214,82.3,0,0,0,0,0,1,0,0,0,0,0
1,0.0774,52.3,9.903487553,4.68,732,3030.0,7.982074875081202,27.9,0,0,0,0,0,1,0,0,0,0,0
1,0.1287,174.9,10.96819829,10.28,687,2160.0,7.84971375760487,19.4,3,0,0,0,0,0,1,0,0,0,0
1,0.1322,255.2,10.49949037,13.49,682,2729.958333,9.535896096856046,74.4,0,0,0,1,0,0,1,0,0,0,0
1,0.0894,317.72,11.04078195,14.78,742,4229.958333,7.5745584842024805,29.1,2,1,0,0,1,0,0,0,0,0,0
1,0.0774,280.97,10.6454249,2.69,797,13111.0,8.646465527120377,6.2,0,0,0,0,0,0,0,0,1,0,0
1,0.1183,530.15,10.81985828,19.03,747,3600.0,9.281823473598047,40.4,4,0,0,0,0,0,1,0,0,0,0
1,0.0774,78.05,10.6454249,6.49,737,6359.958333,6.875232087276577,10.1,1,0,0,0,1,0,0,0,0,0,0
1,0.1148,72.54,10.59663473,14.55,732,1289.958333,7.580699752224563,9.8,0,0,0,0,1,0,0,0,0,0,0
1,0.1287,622.22,11.03495418,11.84,707,3690.0,9.162304922937626,46.0,0,0,0,0,0,0,1,0,0,0,0
1,0.0859,366.68,11.05089001,18.02,777,5009.958333,10.294481794215836,52.3,0,0,0,0,0,0,1,0,0,0,0
1,0.0774,218.54,11.58988651,12.69,762,8820.0,8.67812085552252,21.4,0,0,0,0,0,1,0,0,0,0,0
1,0.0894,317.72,10.12647109,13.68,742,4080.0,9.824390231177425,37.1,1,0,0,0,1,0,0,0,0,0,0
1,0.1357,254.77,11.50795312,13.28,682,5399.958333,10.253616115604826,89.0,2,0,0,0,0,0,0,0,1,0,0
1,0.1426,240.15,11.15625052,18.82,692,5490.0,9.687878048875998,96.5,3,0,0,0,0,0,1,0,0,0,0
1,0.0859,267.11,10.6454249,17.37,752,4410.0,9.047115310873217,58.7,1,0,0,0,0,0,1,0,0,0,0
1,0.0774,216.97,10.37349118,22.73,752,11249.95833,9.826228466989177,57.1,0,0,0,0,0,0,1,0,0,0,0
1,0.1322,338.01,11.00209984,9.54,692,2250.0,7.724888439323074,17.7,0,3,0,0,0,0,0,1,0,0,0
1,0.1253,401.6,10.81977828,16.08,712,5430.0,9.632006859422356,66.6,0,0,1,0,0,0,1,0,0,0,0
1,0.1218,499.5,11.47097784,8.7,772,5160.0,7.668561108015897,30.6,2,0,0,0,0,0,0,0,1,0,0
1,0.1218,399.6,11.28978191,24.88,712,5070.0,8.846640813100485,16.6,0,0,1,0,0,0,1,0,0,0,0
1,0.1218,666.0,11.15625052,14.31,722,3000.0,7.737616282857904,5.4,1,1,0,0,0,0,0,0,1,0,0
1,0.1114,492.06,10.51053203,14.19,752,5369.958333,7.957177323459475,25.3,2,0,0,0,0,0,1,0,0,0,0
1,0.1148,659.37,11.04132055,18.4,767,10920.0,10.409853245580026,48.0,0,0,0,0,0,0,1,0,0,0,0
1,0.1148,98.91,10.858999,21.72,707,4410.0,9.375176614429117,63.7,0,0,0,0,1,0,0,0,0,0,0
1,0.0859,221.28,11.00443046,22.73,742,2550.0,9.040974526342444,18.8,2,0,0,0,0,0,1,0,0,0,0
1,0.1357,339.69,11.58988651,15.74,702,3990.0,10.063265228228518,31.1,1,0,0,0,0,0,1,0,0,0,0
1,0.1148,626.41,10.4341158,17.44,752,4802.0,10.126991039065885,36.0,0,0,0,0,0,0,1,0,0,0,0
1,0.0774,312.19,10.89673933,9.11,792,9029.958333,11.399230312522345,6.4,0,0,0,0,0,0,0,0,0,1,0
1,0.1183,430.75,11.65268741,4.17,717,2610.0,7.4570320891223805,9.0,3,2,0,0,0,1,0,0,0,0,0
1,0.0894,57.19,11.22524339,24.21,722,4289.958333,10.594156665220533,70.3,0,0,0,0,1,0,0,0,0,0,0
1,0.1114,32.81,11.49272276,11.64,707,5759.958333,9.24319470884713,28.2,1,1,0,0,0,0,1,0,0,0,0
1,0.1183,430.75,10.93310697,11.87,722,5580.0,9.29798488182823,34.5,1,0,0,0,0,0,1,0,0,0,0
1,0.074,186.36,11.65268741,6.4,772,4949.958333,9.491224389926964,23.0,0,0,0,0,0,0,1,0,0,0,0
1,0.1148,659.37,12.16525065,6.62,757,5100.0,10.178502231260227,28.6,1,0,0,1,0,0,1,0,0,0,0
1,0.1392,324.31,10.30895266,15.92,692,4319.958333,10.069722070677152,49.4,3,0,0,0,0,0,1,0,0,0,0
1,0.1183,265.08,11.08220409,8.12,732,4259.958333,10.687389096364537,87.8,2,0,0,0,0,1,0,0,0,0,0
1,0.1287,215.26,11.73606902,9.9,697,5399.958333,7.680637427560936,36.1,2,0,1,0,0,0,1,0,0,0,0
1,0.1565,122.46,11.08214255,2.51,732,4080.0,7.280008252884188,9.2,0,0,0,0,0,0,0,0,0,0,1
1,0.1531,208.9,10.43399815,7.31,667,3600.0,0.0,0.0,1,0,0,0,1,0,0,0,0,0,0
1,0.0774,156.1,10.31890299,12.91,752,8973.958333,9.668650902630873,75.7,0,0,0,0,0,0,1,0,0,0,0
1,0.1635,176.65,10.81977828,7.2,747,1860.0,7.201170883281678,7.2,1,0,0,1,0,0,0,0,0,0,1
1,0.0774,142.83,11.26446411,17.94,762,6270.0,11.626754025318883,33.5,1,0,0,0,0,0,1,0,0,0,0
1,0.1148,138.47,10.78931908,18.06,707,2550.0,8.167068178341237,33.2,1,1,0,0,1,0,0,0,0,0,0
1,0.0894,441.63,10.3011503,17.66,747,10019.95833,10.154907530801994,73.9,0,0,0,0,0,0,1,0,0,0,0
1,0.1774,720.42,11.31447453,2.87,677,4290.958333,9.169934957341145,51.9,0,1,0,1,0,0,1,0,0,0,0
1,0.1253,267.74,10.59653473,13.62,717,4710.0,10.279901396250288,64.0,2,0,0,0,0,0,1,0,0,0,0
1,0.0894,540.12,11.08214255,12.89,772,10889.95833,9.131621787264777,18.1,1,0,0,0,0,0,1,0,0,0,0
1,0.0859,126.45,11.05089001,16.97,742,5675.958333,7.690743163541872,25.7,0,0,0,0,1,0,0,0,0,0,0
1,0.1148,468.16,11.26446411,23.17,727,4200.958333,10.349358568612542,42.3,1,0,0,0,0,0,1,0,0,0,0
1,0.0894,317.72,10.81977828,7.56,757,4000.0,0.0,0.0,0,0,0,0,1,0,0,0,0,0,0
1,0.1218,299.7,11.0184488,19.77,702,3990.0,10.615996086574693,76.9,0,0,0,1,0,1,0,0,0,0,0
1,0.1114,656.07,11.91839057,0.82,792,7499.958333,8.381144346952961,10.5,1,0,0,1,0,0,1,0,0,0,0
1,0.1426,686.12,11.97035031,16.42,692,7589.958333,11.255772597553271,75.9,0,0,0,0,0,0,1,0,0,0,0
1,0.1218,532.8,11.40756495,13.68,717,3809.958333,8.636042325254618,17.8,2,0,0,0,0,0,1,0,0,0,0
1,0.1253,173.19,9.952277717,22.86,692,7290.0,9.069813136839207,67.3,0,0,0,1,0,0,1,0,0,0,0
1,0.0894,95.32,10.03451581,0.79,727,2550.0,5.342334251964811,3.5,1,0,0,0,1,0,0,0,0,0,0
1,0.1287,269.07,10.30895266,9.52,692,3154.958333,8.89041055197428,51.9,0,0,1,0,0,0,1,0,0,0,0
1,0.1183,596.41,11.66137995,8.22,747,7440.0,11.183949064243944,76.6,4,0,0,0,0,0,1,0,0,0,0
1,0.0894,158.86,10.91501573,20.14,727,6029.958333,10.028047572471536,53.3,3,0,0,0,1,0,0,0,0,0,0
1,0.1114,344.44,10.89295439,19.63,732,6720.0,9.107310471656639,64.4,3,0,0,0,0,0,1,0,0,0,0
1,0.1461,634.35,11.70354582,13.09,752,7229.958333,9.573315428463395,17.5,0,0,0,0,0,0,0,0,0,0,1
1,0.1496,426.14,11.1844214,6.43,667,5880.0,8.59840444684106,46.7,1,0,0,0,0,1,0,0,0,0,0
1,0.1461,689.51,11.05089001,14.72,687,2789.958333,8.987821625430815,66.1,0,0,0,0,0,0,1,0,0,0,0
1,0.1461,344.76,10.727663,22.03,672,4679.958333,8.350666240520924,27.1,1,0,0,0,0,0,1,0,0,0,0
1,0.16,421.89,11.46163217,11.86,702,6330.0,10.43582023258655,63.9,3,0,0,1,0,0,0,0,0,0,1
1,0.1253,267.74,10.71441777,11.57,697,5070.0,9.203315757039219,32.4,1,2,0,0,0,0,1,0,0,0,0
1,0.0774,74.93,10.64927462,11.47,757,7380.0,9.536257094657879,24.5,0,0,0,0,0,0,0,1,0,0,0
1,0.1114,328.04,11.44035477,13.03,727,3030.0,8.692993531219926,43.8,0,0,0,0,0,0,0,0,0,1,0
1,0.0774,156.1,11.03488966,14.4,752,8370.0,9.647949933410914,35.4,1,0,0,0,1,0,0,0,0,0,0
1,0.1183,430.75,11.5806215,13.2,717,3270.0,10.556697763492373,56.5,1,0,0,0,0,0,1,0,0,0,0
1,0.1148,659.37,11.35040654,10.07,792,2940.0,6.634633357861686,1.9,0,0,0,0,1,0,0,0,0,0,0
1,0.1183,533.46,11.15625052,10.89,732,3600.0,9.676775140407365,40.9,3,0,0,0,0,0,1,0,0,0,0
1,0.0894,285.95,10.71308355,16.72,737,3720.0,9.06589246761031,24.6,0,0,0,0,0,0,1,0,0,0,0
1,0.1496,207.87,11.35040654,11.55,762,4289.958333,8.583355393669907,0.0,0,0,0,0,0,0,0,0,0,0,1
1,0.1461,689.51,10.85892207,14.84,682,3690.0,9.94831750445392,65.6,1,0,0,0,0,0,1,0,0,0,0
1,0.1357,611.44,11.22524339,2.85,692,4770.0,8.387084506069217,7.7,3,0,0,0,0,0,0,1,0,0,0
1,0.1183,78.7,11.00209984,16.48,697,6839.958333,8.213381737034572,22.2,2,0,0,0,0,1,0,0,0,0,0
1,0.1392,682.74,12.32385568,11.37,697,4589.958333,10.943039620074693,72.1,0,0,0,0,0,1,0,0,0,0,0
1,0.1253,200.8,10.46310334,23.07,687,5100.0,8.112227958349724,23.5,0,0,0,0,0,1,0,0,0,0,0
1,0.0894,413.03,11.77528973,0.05,802,6809.958333,7.849323818040561,8.8,0,0,0,0,1,0,0,0,0,0,0
1,0.1565,262.4,10.40426284,11.93,672,1470.0,7.039660349862076,54.3,0,0,0,0,1,0,0,0,0,0,0
1,0.1635,565.27,10.81977828,0.36,722,1754.958333,6.46302945692067,3.9,3,0,0,0,0,0,0,0,0,0,1
1,0.167,710.03,11.26446411,24.6,677,1748.958333,0.0,49.63,1,0,0,1,0,0,0,0,1,0,0
1,0.1218,466.2,12.32385568,16.65,717,6389.958333,10.535556883587484,87.1,1,0,0,0,0,0,0,0,0,1,0
1,0.1426,343.06,11.77528973,7.5,677,2580.0,9.465602553171852,52.9,3,2,0,0,0,1,0,0,0,0,0
1,0.1704,642.14,11.678406,17.74,672,5160.0,9.848978567035735,53.8,1,1,0,0,0,0,1,0,0,0,0
1,0.0894,368.55,10.74849708,12.35,752,3300.0,6.967909201801884,10.1,0,0,0,0,0,0,1,0,0,0,0
1,0.0859,363.52,10.30895266,1.8,792,7889.958333,7.751475318021456,5.7,0,0,0,0,0,0,0,0,1,0,0
1,0.1565,554.53,10.91508846,22.84,672,4619.958333,10.029459192098065,89.9,0,0,0,1,0,0,1,0,0,0,0
1,0.1878,657.81,11.28978191,15.6,672,1142.0,9.32232887392423,93.2,0,0,0,0,1,0,0,0,0,0,0
1,0.1114,461.71,10.08580911,13.15,752,6631.0,9.514289416891836,29.0,0,0,0,0,0,0,1,0,0,0,0
1,0.1148,454.97,10.67359577,23.61,752,8679.958333,8.809713540508268,67.0,0,0,0,0,0,0,1,0,0,0,0
1,0.1148,659.37,11.26446411,5.72,757,3616.0,9.089753408987065,27.4,1,0,0,0,0,1,0,0,0,0,0
1,0.1253,167.34,10.59663473,10.56,692,4410.0,9.618601567386348,66.6,0,0,0,0,0,0,0,1,0,0,0
1,0.0859,63.23,9.903687533,8.7,747,4289.958333,8.438799123988225,19.3,0,0,0,1,1,0,0,0,0,0,0
1,0.1253,669.33,12.05989014,6.45,722,3420.0,10.084725188767045,44.9,1,0,0,0,0,0,1,0,0,0,0
1,0.1287,48.77,9.740968623,7.41,692,2009.958333,0.0,0.0,0,1,0,0,0,0,0,1,0,0,0
1,0.1114,393.65,11.2395407,15.06,742,4860.0,9.844957610345725,47.5,1,0,0,0,0,0,1,0,0,0,0
1,0.0859,252.89,10.1266311,20.3,797,6690.0,8.102283624480073,27.3,0,0,0,0,0,0,1,0,0,0,0
1,0.1253,401.6,11.85651517,5.59,702,5009.958333,8.385260520155413,16.5,2,0,0,0,0,1,0,0,0,0,0
1,0.1253,401.6,12.06681058,6.33,717,9120.0,10.555422037261998,90.1,1,0,0,0,0,0,0,1,0,0,0
1,0.1531,313.34,11.32900263,3.45,742,5520.0,8.735364401103888,8.1,0,0,1,0,0,0,0,0,0,0,1
1,0.1183,198.81,11.00209984,15.5,702,3809.958333,10.921142826790764,39.0,2,0,0,0,0,1,0,0,0,0,0
1,0.0894,57.19,10.53209621,21.54,742,3179.958333,7.9865049385539955,32.3,5,0,0,0,0,0,0,1,0,0,0
1,0.1218,666.0,11.57332418,13.84,732,9373.958333,10.00937792779356,76.7,1,0,0,0,0,0,1,0,0,0,0
1,0.0774,156.1,10.58446093,5.62,747,2220.0,7.752335163302292,25.0,1,0,0,0,1,0,0,0,0,0,0
1,0.0894,142.98,9.809176873,6.29,792,2670.0,4.2626798770413155,0.7,1,0,0,0,0,0,0,1,0,0,0
1,0.1148,197.82,11.22524339,12.66,727,3270.0,8.301025253838453,7.2,2,1,0,0,1,0,0,0,0,0,0
1,0.0894,327.25,10.3041411,19.29,747,8070.0,8.66957087183712,64.7,1,0,0,1,0,0,1,0,0,0,0
1,0.1114,492.06,10.91501573,12.18,767,8939.958333,9.48006211905097,19.6,2,0,0,0,0,0,1,0,0,0,0
1,0.1809,904.88,11.15625052,21.02,672,5190.0,10.542548067192307,74.4,3,0,0,1,1,0,0,0,0,0,0
1,0.0859,126.45,11.35035948,7.3,747,7949.958333,9.894345894618844,64.1,1,0,0,0,1,0,0,0,0,0,0
1,0.1531,448.25,10.81977828,24.17,672,3390.0,8.741456115998364,71.9,0,0,0,1,0,0,1,0,0,0,0
1,0.0859,256.84,10.40426284,16.36,752,3360.0,9.428913494775632,33.7,0,0,0,0,0,0,1,0,0,0,0
1,0.1426,48.03,10.59663473,13.83,662,3869.958333,8.059592328887545,53.6,2,0,0,0,0,0,1,0,0,0,0
1,0.1565,314.88,11.00209984,15.42,662,4289.958333,9.698122522573561,89.5,0,0,0,1,0,0,1,0,0,0,0
1,0.1287,538.14,11.08214255,11.52,727,4740.0,8.89439598980643,93.5,0,0,0,0,0,0,1,0,0,0,0
1,0.0859,316.11,10.85614879,8.52,812,10950.0,6.859614903654202,1.1,0,0,0,0,1,0,0,0,0,0,0
1,0.1322,338.01,10.69557468,19.32,692,3869.958333,9.052633375946147,87.1,1,0,0,0,0,0,1,0,0,0,0
1,0.1114,360.84,10.75773265,10.39,722,2193.0,9.281357859211463,34.5,3,0,0,0,0,0,1,0,0,0,0
1,0.0894,524.23,11.58896015,3.16,802,9870.0,8.431417414394833,6.7,0,0,0,0,1,0,0,0,0,0,0
1,0.1357,322.71,10.37349118,0.56,792,9029.958333,7.299797366758161,7.1,7,0,0,0,1,0,0,0,0,0,0
1,0.1218,666.0,10.83695,22.88,732,3990.0,10.196306409093062,51.4,1,0,0,0,0,0,1,0,0,0,0
1,0.0705,61.8,10.71441777,3.68,777,7800.0,8.80537513890967,23.8,0,0,0,0,1,0,0,0,0,0,0
1,0.1253,430.88,10.53900562,24.27,712,2039.958333,8.526945482858915,55.5,0,0,0,1,0,0,0,1,0,0,0
1,0.0859,252.89,10.0604913,17.23,762,2550.0,7.739359202689098,9.3,2,0,0,0,0,1,0,0,0,0,0
1,0.1114,262.43,11.73606902,13.61,722,5399.958333,10.63510997614786,48.6,3,0,0,0,0,0,1,0,0,0,0
1,0.1704,713.49,11.99535161,14.04,677,4440.0,11.165181945422688,91.8,2,0,0,0,0,0,1,0,0,0,0
1,0.1357,679.37,10.6454249,11.91,722,1410.958333,7.285506548522785,12.4,2,0,0,0,0,0,0,0,0,1,0
1,0.1496,519.68,11.40756495,24.99,687,3509.958333,10.894830096721002,96.8,0,0,0,0,0,0,1,0,0,0,0
1,0.1392,512.06,11.15625052,22.34,682,5039.958333,8.949754525186103,39.9,2,1,0,0,0,0,1,0,0,0,0
1,0.0859,460.72,10.56617553,24.71,772,3990.0,9.237760967552175,28.9,2,0,0,0,0,0,1,0,0,0,0
1,0.1496,415.74,10.5454467,10.1,682,2553.0,9.41865450904439,80.0,1,0,0,0,0,1,0,0,0,0,0
1,0.0894,385.23,10.6454249,22.11,747,3360.0,9.853771960290196,22.0,3,0,0,0,0,0,1,0,0,0,0
1,0.1253,234.27,11.28983191,15.93,702,4229.958333,9.909767790493278,59.9,2,0,0,0,0,0,0,0,1,0,0
1,0.1357,142.67,10.34817337,17.77,677,1679.958333,7.690743163541872,70.5,1,0,0,0,0,0,1,0,0,0,0
1,0.1913,734.42,11.05089001,8.86,677,7350.0,9.198470199405696,99.8,0,0,0,0,0,0,1,0,0,0,0
1,0.1114,457.61,11.15756394,10.96,732,5429.958333,10.238136699767878,73.8,0,0,0,0,0,1,0,0,0,0,0
1,0.1287,235.44,10.1266311,9.79,692,6721.0,8.757154527656606,65.5,1,0,0,0,0,0,1,0,0,0,0
1,0.1114,393.65,11.41861479,14.36,737,3899.958333,8.043984431221553,26.4,1,0,0,0,0,0,0,0,1,0,0
1,0.1218,249.75,11.28978191,2.77,717,3630.0,6.483107351457199,19.8,2,0,0,0,1,0,0,0,0,0,0
1,0.1253,510.37,10.858999,10.96,722,6270.0,7.88344635413774,3.9,0,0,0,1,0,0,0,0,1,0,0
1,0.1218,499.5,11.33857208,24.66,722,11159.95833,10.013238416495247,58.7,0,2,0,0,0,0,1,0,0,0,0
1,0.1148,659.37,12.20607265,4.24,812,5880.0,9.653229708730347,8.7,4,0,0,0,0,0,0,0,1,0,0
1,0.1253,117.14,10.71441777,23.12,692,2459.958333,8.552174160311482,64.7,0,0,0,0,0,0,1,0,0,0,0
1,0.1357,339.69,11.51292546,3.35,702,2340.0,4.127134385045092,2.0,0,0,0,0,0,0,0,0,1,0,0
1,0.1496,277.16,10.6454249,4.46,672,1769.958333,8.635331719433278,26.9,0,0,0,1,0,0,0,0,0,1,0
1,0.1148,164.85,10.0387175,8.54,732,2039.958333,7.325148957955575,22.3,0,0,0,0,0,0,1,0,0,0,0
1,0.1392,546.2,11.60823564,15.36,687,3060.0,10.079120121179287,59.3,1,2,0,0,0,0,1,0,0,0,0
1,0.1704,713.49,11.12726298,8.4,747,1860.0,6.450470422144176,1.3,6,0,0,1,0,0,0,0,0,0,1
1,0.1565,314.88,10.49127422,4.43,732,1471.0,7.749753406274437,28.3,1,0,0,0,0,0,0,0,0,0,1
1,0.0894,317.72,10.30895266,5.6,737,5640.0,9.121836973384779,17.3,2,0,0,1,0,0,1,0,0,0,0
1,0.1531,497.86,11.13458902,13.7,677,2340.0,10.070145404863476,90.9,2,0,0,0,0,0,1,0,0,0,0
1,0.1392,573.5,12.32385568,24.06,702,6869.958333,11.599360008957019,90.2,3,0,0,0,0,1,0,0,0,0,0
1,0.074,124.24,10.23995979,1.89,797,8100.0,7.695757990554761,8.7,0,0,0,0,0,0,0,0,0,1,0
1,0.1531,278.53,10.83958091,16.52,662,2459.958333,8.982184278838428,33.2,3,0,0,0,1,0,0,0,0,0,0
1,0.16,457.05,11.41861479,23.89,662,2190.0,10.979973516212516,80.8,2,0,0,0,0,0,1,0,0,0,0
1,0.1531,348.16,10.16585182,1.38,792,2291.0,6.054439346269371,2.1,0,0,0,0,0,0,0,0,0,0,1
1,0.1253,321.28,10.63103616,16.72,702,3360.0,7.999342952713282,81.9,0,0,0,0,0,0,1,0,0,0,0
1,0.167,710.03,11.01046476,20.94,672,5850.0,10.251782482029256,81.2,0,1,0,0,0,0,1,0,0,0,0
1,0.1114,157.46,9.903487553,3.12,737,1500.0,7.8804263442924,23.4,1,0,0,0,1,0,0,0,0,0,0
1,0.1183,331.34,10.46321762,24.13,717,6449.958333,8.628376720376853,73.5,0,0,0,1,0,0,1,0,0,0,0
1,0.1704,214.05,10.26813067,12.42,662,2160.0,9.078635880978755,95.3,1,0,0,0,1,0,0,0,0,0,0
1,0.1287,235.44,11.58058411,18.09,687,5160.0,11.405841242360554,84.8,0,0,0,0,1,0,0,0,0,0,0
1,0.0774,249.75,11.54244543,15.47,802,4620.958333,8.77940359789435,11.6,2,0,0,0,1,0,0,0,0,0,0
1,0.1114,426.45,10.49127422,11.77,737,5460.0,8.19891444498699,7.4,1,0,1,0,1,0,0,0,0,0,0
1,0.1253,220.88,11.40235138,20.2,697,9240.0,10.204258589529626,45.7,2,0,0,0,0,0,1,0,0,0,0
1,0.1496,346.45,10.43399815,17.08,672,1800.0,8.273591798199632,38.2,1,0,0,0,0,0,0,0,1,0,0
1,0.1426,171.53,11.11125555,12.48,687,7410.0,10.122864017281094,95.5,3,0,0,0,0,0,0,0,0,1,0
1,0.1114,246.03,12.08958377,11.33,727,5429.958333,10.395344401254501,81.6,1,0,0,0,1,0,0,0,0,0,0
1,0.1253,267.74,10.30895266,9.8,702,2670.0,8.688622307043769,39.8,1,1,0,0,0,0,1,0,0,0,0
1,0.0774,109.27,10.34817337,5.73,767,2220.0,6.996681488176539,9.9,0,0,0,0,1,0,0,0,0,0,0
1,0.0859,110.64,10.38899537,7.83,737,2160.0,6.996681488176539,9.9,0,0,0,0,0,0,0,1,0,0,0
1,0.2017,186.26,10.81977828,6.0,672,5009.958333,9.191667106710561,59.5,1,0,1,1,0,0,0,0,0,0,1
1,0.1357,339.69,10.74903388,21.17,702,4229.958333,9.117676687112763,57.0,0,0,0,0,0,0,1,0,0,0,0
1,0.0859,126.45,10.71441777,4.72,762,3073.0,8.902183446335016,26.7,1,0,0,0,0,1,0,0,0,0,0
1,0.1218,159.84,11.07819631,12.07,697,5759.958333,9.953657716448705,84.8,1,0,0,0,1,0,0,0,0,0,0
1,0.1183,298.21,10.96812932,0.48,717,2910.0,0.0,0.0,1,0,0,0,1,0,0,0,0,0,0
1,0.0705,92.7,10.54534144,16.8,772,3270.0,8.316055720364643,15.0,2,0,0,0,0,1,0,0,0,0,0
1,0.1148,659.37,12.53214817,0.22,777,5669.958333,6.911747300251674,3.3,2,0,0,0,0,0,1,0,0,0,0
1,0.1426,274.45,10.30895266,14.16,677,3089.958333,7.199678345691172,27.9,0,0,0,0,0,0,1,0,0,0,0
1,0.0894,349.49,10.98529272,16.7,802,4679.958333,6.504288173536645,3.6,3,0,0,0,0,0,1,0,0,0,0
1,0.1287,571.77,11.5229154,17.22,712,7979.958333,10.201738576337144,52.0,0,0,0,0,0,0,1,0,0,0,0
1,0.1426,96.06,10.1266311,18.29,667,4589.958333,9.472396896788991,31.6,0,1,0,0,0,1,0,0,0,0,0
1,0.0774,156.1,11.26830288,9.27,747,3119.958333,9.539644119118783,36.0,1,0,0,0,0,0,1,0,0,0,0
1,0.1392,273.1,11.36214909,22.55,677,2940.0,7.673223121121708,36.4,2,0,0,0,1,0,0,0,0,0,0
1,0.1148,422.0,10.9331784,13.33,722,6240.0,8.080546965824498,26.4,0,0,0,0,0,0,1,0,0,0,0
1,0.1218,149.85,11.21182037,1.49,707,3780.0,7.900636613018005,33.3,2,1,0,0,1,0,0,0,0,0,0
1,0.1704,85.62,11.25161265,7.46,667,4319.958333,6.3561076606958915,16.0,2,0,0,0,0,0,0,0,0,0,1
1,0.1357,441.6,11.62625415,15.01,702,4170.0,10.743048416551554,56.6,1,0,0,0,0,1,0,0,0,0,0
1,0.1531,313.34,10.69194491,6.14,662,6960.0,8.661639795781266,77.0,1,0,0,1,0,0,1,0,0,0,0
1,0.1148,633.0,11.01862914,17.35,762,8820.0,8.5814816812986,9.1,2,0,0,0,0,1,0,0,0,0,0
1,0.1218,666.0,11.22524339,18.45,732,4259.958333,10.277633977386865,46.2,0,0,0,0,0,0,1,0,0,0,0
1,0.1287,420.42,10.91501573,17.61,702,2039.958333,9.506139412529912,49.4,2,0,0,0,0,1,0,0,0,0,0
1,0.1183,493.7,10.91508846,9.51,742,1590.0,7.433666540166168,16.5,1,0,0,0,1,0,0,0,0,0,0
1,0.0894,349.49,10.87244663,8.95,742,9329.958333,10.135115013498648,46.6,1,0,0,0,0,0,1,0,0,0,0
1,0.1253,83.67,11.15619338,10.68,702,5820.0,8.390268497842571,88.1,0,0,0,0,0,0,0,0,0,1,0
1,0.1287,201.8,10.27518903,10.51,707,4289.958333,7.591357046698551,46.0,0,1,0,0,0,1,0,0,0,0,0
1,0.1461,861.88,11.69524702,20.52,707,5580.0,11.270458921316601,84.3,2,0,0,1,0,1,0,0,0,0,0
1,0.1114,656.07,11.60823564,21.69,772,9990.0,11.126821710340684,40.5,2,0,0,0,0,0,1,0,0,0,0
1,0.1392,204.83,11.03488966,14.05,677,3479.958333,8.667507952075105,85.4,1,0,0,0,0,0,1,0,0,0,0
1,0.0894,397.15,10.91508846,17.15,757,6330.0,10.104508186762567,66.4,0,0,0,0,0,1,0,0,0,0,0
1,0.0894,381.26,10.95080655,18.99,752,2849.958333,10.149487885993265,30.8,1,0,0,0,0,1,0,0,0,0,0
1,0.1982,229.86,9.862665558,0.0,667,1440.0,0.0,0.0,0,0,1,1,0,0,0,0,0,0,1
1,0.1357,339.69,11.00209984,7.3,702,5399.958333,8.817297783866575,91.2,0,0,0,0,0,0,1,0,0,0,0
1,0.1774,720.42,11.20367921,14.06,702,4229.958333,10.931552190245274,68.1,2,0,0,1,0,0,1,0,0,0,0
1,0.1183,662.68,11.28978191,12.95,742,8431.0,9.932415087609309,37.5,0,0,0,0,0,0,0,0,1,0,0
1,0.0894,349.49,10.81977828,23.18,732,3630.0,9.355133116877724,46.2,1,0,0,0,0,1,0,0,0,0,0
1,0.1704,642.14,11.36210258,6.81,677,7499.958333,8.39366870513074,96.0,0,0,0,0,0,0,1,0,0,0,0
1,0.0894,556.01,11.77528973,9.81,777,5070.0,9.06554578707295,13.6,1,0,0,0,1,0,0,0,0,0,0
1,0.1357,397.44,10.92593848,22.66,687,5580.0,9.72184576464693,45.9,1,0,0,0,0,0,1,0,0,0,0
1,0.1426,171.53,10.92666879,8.17,667,4289.958333,9.178436822963175,43.2,1,0,0,0,0,0,1,0,0,0,0
1,0.1461,206.86,10.5623538,12.76,767,5610.0,8.302017809751204,39.1,5,0,0,1,0,0,0,0,0,0,1
1,0.1253,167.34,10.5865844,2.97,692,2729.958333,8.261009786023827,26.1,0,0,0,0,0,0,1,0,0,0,0
1,0.1148,494.53,10.59663473,10.32,737,6630.0,9.56626503452421,24.6,0,0,0,0,0,0,1,0,0,0,0
1,0.1426,686.12,11.15625052,13.68,687,4860.0,10.22419329143509,80.8,1,0,0,0,0,1,0,0,0,0,0
1,0.1183,662.68,11.28978191,9.11,742,3660.0,10.24324011727891,50.6,0,0,0,0,0,0,1,0,0,0,0
1,0.1148,263.75,10.49127422,2.9,727,1800.0,8.000014093678072,31.7,1,0,0,0,0,0,1,0,0,0,0
1,0.1114,98.42,10.20359214,17.29,717,2550.0,8.412499120301572,40.9,2,0,0,0,0,0,1,0,0,0,0
1,0.1183,482.1,10.71441777,14.56,717,2280.0,10.15541290527579,52.4,0,0,0,0,0,0,1,0,0,0,0
1,0.1287,201.8,10.858999,6.3,682,10320.0,9.142061531222888,33.2,2,1,0,0,0,1,0,0,0,0,0
1,0.1148,494.53,11.22524339,10.1,742,5520.0,11.20322952222549,61.7,1,0,0,0,0,0,1,0,0,0,0
1,0.1635,529.94,11.15625052,16.66,662,4619.958333,10.286025156000587,61.5,0,0,0,0,0,0,1,0,0,0,0
1,0.1218,566.1,11.05885818,15.8,717,6240.0,9.973106894416185,80.6,1,0,0,1,0,0,1,0,0,0,0
1,0.1565,279.89,11.00209984,16.72,717,2550.0,9.738141099948136,99.7,0,0,0,0,0,0,0,0,1,0,0
1,0.1322,381.95,10.64285016,19.05,707,5009.958333,10.395772352596852,94.6,1,0,0,0,0,0,1,0,0,0,0
1,0.1218,499.5,10.79957558,16.97,722,4200.958333,9.352794339771116,49.1,0,0,0,0,0,1,0,0,0,0,0
1,0.1253,334.67,10.59663473,20.46,702,2520.0,8.951958168569265,66.1,0,0,0,1,0,0,1,0,0,0,0
1,0.1183,629.55,12.20609265,10.93,742,7020.0,11.278000281994652,50.8,0,0,0,0,0,0,1,0,0,0,0
1,0.1392,546.2,11.25161265,15.83,687,2099.958333,9.793895875906033,59.7,0,0,0,0,0,0,1,0,0,0,0
1,0.1218,183.15,11.48246626,14.75,697,8249.958333,10.503120439721929,70.7,0,0,0,0,0,0,0,1,0,0,0
1,0.1635,176.65,10.54513089,5.18,672,1379.958333,8.59489469908009,63.6,1,0,0,0,0,1,0,0,0,0,0
1,0.1426,308.76,10.71441777,22.91,682,3450.0,10.073399089253401,83.8,0,0,0,0,0,0,1,0,0,0,0
1,0.1114,328.04,10.71441777,22.13,732,3720.0,9.4136076932856,18.9,2,1,0,0,0,1,0,0,0,0,0
1,0.1357,215.7,9.798127037,21.53,727,2880.0,8.952605375892354,95.4,0,0,0,0,0,0,1,0,0,0,0
1,0.1461,344.76,12.01370075,17.43,732,4350.0,11.647403908999966,46.6,2,0,0,0,0,0,0,0,0,0,1
1,0.0894,254.18,11.65268741,2.7,762,6900.0,8.685246776412487,15.9,4,0,0,0,1,0,0,0,0,0,0
1,0.0774,218.54,11.27720313,3.17,782,4590.958333,6.180016653652572,1.6,2,0,0,0,1,0,0,0,0,0,0
1,0.0774,187.32,11.29601246,15.69,752,3630.0,8.733594061863055,41.4,3,0,0,0,0,0,0,0,1,0,0
1,0.1183,265.08,11.23843599,8.98,732,3720.0,6.80903930604298,12.0,0,0,2,0,0,0,0,0,1,0,0
1,0.1183,298.21,10.858999,20.49,712,4619.958333,10.075379913839543,47.7,1,0,0,0,0,0,1,0,0,0,0
1,0.1148,461.56,11.59910316,21.29,727,5250.0,9.668587665523317,50.0,1,0,0,1,0,0,0,1,0,0,0
1,0.1322,202.81,10.99142642,14.47,682,4289.958333,8.83811659764782,59.8,0,0,0,0,0,1,0,0,0,0,0
1,0.1357,339.69,11.71177632,8.38,682,5160.0,6.763884908562435,72.1,3,0,0,0,0,0,0,0,1,0,0
1,0.1531,174.08,10.76840078,3.79,672,3030.0,7.615791072035833,20.3,3,0,0,1,1,0,0,0,0,0,0
1,0.1218,59.94,11.2514568,5.3,692,5729.958333,7.515889085215125,34.6,1,1,0,0,0,0,0,0,0,1,0
1,0.0774,156.1,11.51292546,10.24,752,5729.958333,9.649240256170584,25.7,1,0,0,0,1,0,0,0,0,0,0
1,0.0894,571.89,11.28978191,5.37,777,6990.0,9.793449447327191,17.0,3,0,0,1,0,0,0,0,1,0,0
1,0.1218,166.5,10.88743693,10.5,692,6119.958333,8.480529207044645,55.3,0,0,0,0,0,0,1,0,0,0,0
1,0.1426,462.27,10.46310334,22.11,687,3330.0,9.826768482122723,93.1,0,0,0,1,0,0,1,0,0,0,0
1,0.1357,467.07,11.98292909,9.43,692,5820.0,11.567195823501471,68.6,0,0,1,0,0,0,1,0,0,0,0
1,0.1287,311.11,10.22034,18.97,687,2550.0,9.176473302464606,83.3,0,0,0,0,0,0,1,0,0,0,0
1,0.1322,236.61,10.23995979,15.09,687,3929.958333,7.9714309977693505,10.3,0,0,0,0,1,0,0,0,0,0,0
1,0.1322,507.01,10.85892207,1.96,717,1409.958333,7.793999089503996,29.2,0,0,0,0,0,0,1,0,0,0,0
1,0.0894,349.49,11.81303006,13.79,762,9299.958333,7.744569809354496,33.0,3,0,0,0,0,1,0,0,0,0,0
1,0.1253,669.33,11.40534025,18.72,712,2910.0,10.929009300010007,62.0,0,0,0,0,0,0,1,0,0,0,0
1,0.1114,492.06,11.22524339,8.05,767,5759.958333,8.595079730073309,5.2,0,0,0,0,0,0,1,0,0,0,0
1,0.1287,210.21,10.81985828,21.84,692,4349.958333,10.259972478422574,70.0,1,0,0,0,0,0,1,0,0,0,0
1,0.1218,511.16,10.90205849,15.47,742,4619.958333,9.662307313735766,27.9,5,0,0,1,0,0,0,1,0,0,0
1,0.1287,504.5,11.3736634,13.38,707,5667.041667,9.550092936718967,29.4,1,0,0,1,0,0,1,0,0,0,0
1,0.074,105.61,10.59663473,15.03,757,5610.0,9.422382530219219,43.7,0,0,0,0,1,0,0,0,0,0,0
1,0.1565,489.81,10.81977828,6.0,662,3270.0,7.108244139731541,12.2,3,0,0,0,0,0,1,0,0,0,0
1,0.1809,289.57,10.70907016,13.81,677,4949.958333,9.07165285220229,16.1,2,2,0,0,1,0,0,0,0,0,0
1,0.0774,124.88,11.14706561,10.83,762,3209.958333,7.998671361015776,38.6,0,0,0,0,0,0,0,0,0,1,0
1,0.1148,522.55,10.49127422,22.47,737,4020.0,9.893285690051531,30.1,1,0,0,0,0,0,1,0,0,0,0
1,0.074,77.65,12.13350195,4.06,757,10320.0,9.551373619924957,50.2,1,0,0,0,0,0,0,0,0,1,0
1,0.0894,476.58,11.6351785,6.24,792,7800.0,9.871377498617894,9.1,0,0,0,0,0,0,1,0,0,0,0
1,0.1392,204.83,11.47210347,7.0,682,6509.958333,8.393442383980062,78.9,0,0,0,0,0,0,0,0,1,0,0
1,0.1114,328.04,10.30895266,12.92,727,4470.0,9.565073431677574,29.5,0,0,0,1,0,0,1,0,0,0,0
1,0.0774,156.1,11.05089001,0.38,782,2286.0,7.037027614686276,4.3,1,0,0,0,0,0,0,1,0,0,0
1,0.1392,682.74,11.14186178,14.99,742,8279.958333,9.520175249069098,80.7,7,0,0,1,0,1,0,0,0,0,0
1,0.1357,101.91,10.59663473,22.98,672,4500.0,9.775142686598905,80.7,1,0,1,0,1,0,0,0,0,0,0
1,0.1253,669.33,11.35040654,24.56,717,4830.0,9.981466593852717,60.1,1,0,0,1,0,0,1,0,0,0,0
1,0.1218,172.33,9.61580548,13.12,707,1530.0,8.846209127360996,53.4,0,0,0,1,0,0,1,0,0,0,0
1,0.1114,524.86,11.2515607,5.84,757,13379.95833,9.904287232706693,34.9,0,0,0,0,0,0,1,0,0,0,0
1,0.1635,706.59,10.98529272,2.87,762,2580.0,9.336267928573973,32.2,1,0,0,0,0,0,0,0,0,0,1
1,0.1218,64.11,10.30895266,8.36,712,1349.958333,5.627621113690637,46.2,2,0,0,0,0,0,0,1,0,0,0
1,0.1287,117.72,10.51867319,9.79,682,2220.0,9.197153810172008,73.1,3,0,0,0,1,0,0,0,0,0,0
1,0.1287,134.54,9.798127037,13.8,692,3210.0,9.189627330378642,75.9,0,0,0,1,1,0,0,0,0,0,0
1,0.1218,599.4,11.60823564,8.23,722,5429.958333,9.650786448979593,79.3,1,0,0,0,0,0,1,0,0,0,0
1,0.0859,316.11,10.858999,14.35,752,7051.0,9.703572127341126,28.0,1,0,0,0,1,0,0,0,0,0,0
1,0.1183,662.68,12.05815252,13.22,747,4350.0,9.284334051884509,50.3,0,0,0,0,0,1,0,0,0,0,0
1,0.1148,395.63,10.81977828,12.41,757,2460.958333,7.6362696033793735,23.0,4,0,0,0,0,0,0,0,1,0,0
1,0.1947,737.94,11.91839057,0.98,667,6419.958333,10.292789402801873,97.4,0,0,0,0,1,0,0,0,0,0,0
1,0.1253,267.74,10.77895629,4.97,772,4383.0,7.99260665240021,7.6,7,0,0,0,0,0,0,0,1,0,0
1,0.1148,494.53,11.19134184,23.9,737,4860.0,10.568158095103524,59.6,2,0,0,1,0,1,0,0,0,0,0
1,0.0859,177.02,10.57131693,8.34,737,2700.0,7.878534196140362,24.0,1,0,0,0,0,1,0,0,0,0,0
1,0.1426,548.9,10.71441777,14.67,682,3959.958333,9.115260165725912,23.2,0,0,0,1,0,0,1,0,0,0,0
1,0.1183,497.01,11.0744205,11.0,732,2879.958333,9.026297334283887,50.7,1,0,0,0,0,0,1,0,0,0,0
1,0.1426,111.5,10.81977828,19.2,667,4264.958333,9.172223049863055,49.1,2,0,0,0,0,0,1,0,0,0,0
1,0.0859,316.11,11.00209984,3.78,767,3390.0,8.087332926473351,13.7,0,0,0,0,0,0,1,0,0,0,0
1,0.1218,116.55,11.69107165,13.42,692,8880.0,10.160993882477847,63.9,2,0,1,0,0,0,1,0,0,0,0
1,0.1218,93.24,11.46163217,16.96,697,8130.0,10.618127108434171,86.6,3,0,0,1,0,0,1,0,0,0,0
1,0.1218,549.45,11.22524339,16.06,717,5039.958333,10.677615462228353,66.9,0,0,0,0,0,1,0,0,0,0,0
1,0.1218,499.5,10.81977828,21.24,722,3300.0,8.89877535906107,31.8,0,0,0,1,0,0,1,0,0,0,0
1,0.1183,410.87,11.94470788,17.38,717,7169.958333,6.115892125483034,8.4,1,0,0,0,0,0,0,1,0,0,0
1,0.1148,69.24,10.71441777,18.24,717,1830.0,8.7879833961978,55.1,2,0,0,0,1,0,0,0,0,0,0
1,0.1218,366.3,11.69524702,9.38,707,11460.0,9.187378760338836,41.8,1,0,0,0,1,0,0,0,0,0,0
1,0.0859,202.31,10.7342204,15.24,747,8400.0,9.473550432503476,36.8,0,0,0,0,0,1,0,0,0,0,0
1,0.1148,659.37,10.53433371,10.19,767,3959.958333,8.53915035876828,36.5,0,0,0,0,0,0,0,0,0,1,0
1,0.0859,271.85,11.46163217,16.16,752,4050.0,10.319925570795222,30.9,2,0,0,0,0,1,0,0,0,0,0
1,0.1774,720.42,11.24331904,7.04,702,5100.0,9.378393956972433,74.4,3,0,1,0,0,0,0,0,0,0,1
1,0.1357,679.37,11.40756495,5.13,707,3929.958333,9.768297642474444,25.1,0,1,0,0,0,0,1,0,0,0,0
1,0.0894,190.63,11.00209984,1.16,732,5309.958333,7.912789220690681,9.2,0,0,1,0,1,0,0,0,0,0,0
1,0.1287,815.61,12.25486281,8.13,722,8130.0,10.314271822121892,63.6,1,1,0,0,0,0,1,0,0,0,0
1,0.1287,151.35,11.84942627,18.99,682,3959.958333,6.658011045870748,33.8,0,4,0,0,1,0,0,0,0,0,0
1,0.1148,576.95,11.09741002,11.71,737,3780.0,9.813453429832148,50.8,1,0,0,0,0,0,1,0,0,0,0
1,0.1496,710.23,11.40756495,16.12,752,10290.0,8.535229553902337,7.1,0,0,0,0,0,0,0,0,0,0,1
1,0.1357,161.36,10.1266311,5.09,787,4800.0,10.710744363386148,0.0,0,0,0,0,0,0,0,0,0,0,1
1,0.1704,292.53,11.1844214,15.87,682,8579.958333,9.520908548214665,98.8,2,0,1,0,0,0,1,0,0,0,0
1,0.1148,560.47,11.47210347,23.18,742,5280.0,9.329544619454659,24.3,0,0,0,0,0,0,1,0,0,0,0
1,0.1565,874.66,11.5228758,9.01,737,5039.958333,10.864904602026392,62.6,3,0,0,1,0,0,0,0,0,0,1
1,0.1392,273.1,11.21182037,4.2,677,5369.958333,9.124019665509655,66.0,1,0,1,0,0,0,1,0,0,0,0
1,0.167,464.19,10.95430918,19.89,682,2910.0,8.122371243406553,99.1,0,0,0,0,0,0,1,0,0,0,0
1,0.1114,196.83,11.85153827,17.3,717,5220.0,11.02568615101038,74.1,2,0,0,0,0,1,0,0,0,0,0
1,0.1287,269.07,10.66895539,15.04,702,9720.958333,8.43750042250699,41.6,1,1,0,0,1,0,0,0,0,0,0
1,0.1183,497.01,11.0544285,15.87,732,8460.0,10.170762815210246,44.8,1,0,0,1,0,0,1,0,0,0,0
1,0.1357,441.6,10.58882935,24.04,702,8850.0,9.937357437043744,91.5,0,0,0,1,0,0,1,0,0,0,0
1,0.1148,395.63,10.04342339,0.0,777,7050.0,0.0,0.0,4,0,0,0,1,0,0,0,0,0,0
1,0.16,98.45,10.41619141,14.77,662,1319.958333,5.8289456176102075,12.1,2,0,0,1,1,0,0,0,0,0,0
1,0.1287,235.44,11.08220409,9.12,687,2250.0,8.904086913938967,72.2,0,0,0,0,0,0,1,0,0,0,0
1,0.1253,234.27,10.91508846,21.23,697,5399.958333,10.26140672210502,84.1,0,0,0,0,0,0,1,0,0,0,0
1,0.1218,372.96,10.49127422,11.1,707,6449.958333,9.782223465043089,79.0,0,0,0,0,0,0,1,0,0,0,0
1,0.0859,379.33,11.77528973,6.61,772,5820.0,9.381600981410713,21.4,3,0,0,0,0,0,0,0,1,0,0
1,0.1183,497.01,12.11448353,9.26,732,5700.958333,11.236578902182194,46.2,1,1,0,1,0,0,1,0,0,0,0
1,0.0894,317.72,11.22524339,12.64,737,5280.0,10.4957641227111,46.4,1,0,0,0,0,0,1,0,0,0,0
1,0.1218,149.85,11.33857208,0.07,707,3660.0,1.791759469228055,0.1,0,0,0,0,0,0,0,0,0,1,0
1,0.1426,343.06,10.86856845,13.49,687,5640.0,8.93247660846174,48.5,2,0,0,1,0,0,1,0,0,0,0
1,0.1114,426.45,10.98529272,18.63,742,5520.0,10.13444053074182,24.2,0,0,0,0,0,0,1,0,0,0,0
1,0.1287,807.2,12.61153775,0.54,777,4319.958333,8.53089883847235,46.1,1,0,0,0,0,1,0,0,0,0,0
1,0.1565,874.66,11.98292909,16.79,687,2520.0,10.324169626449153,67.8,1,0,0,0,0,0,1,0,0,0,0
1,0.1496,346.45,12.01370075,10.33,722,4770.0,10.22179581852967,98.2,0,0,0,0,0,0,1,0,0,0,0
1,0.1114,557.66,11.23848862,6.65,762,6839.958333,8.78615105486974,32.7,1,0,0,1,0,0,1,0,0,0,0
1,0.0894,158.86,10.08580911,19.2,727,1950.0,8.53503310954457,56.5,0,0,0,0,0,0,1,0,0,0,0
1,0.1461,172.38,11.00209984,20.92,712,5674.958333,8.064636475774222,20.6,1,0,0,0,0,0,1,0,0,0,0
1,0.0774,185.76,10.71441777,11.39,792,4410.0,6.568077911411976,2.5,1,0,0,0,1,0,0,0,0,0,0
1,0.0774,56.2,10.2111193,1.46,787,5490.0,7.9017475185201445,3.2,4,0,0,0,1,0,0,0,0,0,0
1,0.1183,614.64,10.66895539,5.86,732,4649.958333,9.223651386035854,25.6,2,0,0,0,0,0,1,0,0,0,0
1,0.1774,432.26,11.08214255,24.13,677,5100.0,9.889135046311727,97.6,0,0,0,0,0,0,1,0,0,0,0
1,0.0859,79.03,11.35040654,23.53,732,7169.958333,11.29691888478079,71.4,0,0,0,0,0,1,0,0,0,0,0
1,0.1322,304.21,10.96819829,16.9,677,4289.958333,9.330343164370879,72.5,3,0,0,0,0,0,1,0,0,0,0
1,0.1287,319.52,11.91839057,2.5,697,5069.958333,8.091933455979893,12.1,0,0,0,0,1,0,0,0,0,0,0
1,0.1114,57.41,9.998797732,8.02,722,2190.0,7.516977224604321,14.9,0,0,0,0,0,1,0,0,0,0,0
1,0.1843,305.51,10.4125917,4.18,667,1800.0,8.08487062913819,73.7,1,0,0,0,0,0,0,0,0,0,1
1,0.1114,98.42,10.08580911,8.7,722,1830.0,8.845345196421732,39.2,0,0,0,0,0,1,0,0,0,0,0
1,0.1531,870.39,11.00209984,22.38,697,4289.958333,10.65563450614867,81.8,0,0,0,0,0,0,1,0,0,0,0
1,0.1496,554.32,11.00209984,21.54,677,12480.0,10.493937334857732,65.9,1,1,0,0,1,0,0,0,0,0,0
1,0.1218,832.5,11.53751466,7.49,737,7499.958333,11.119779167779317,55.7,0,0,0,0,0,0,1,0,0,0,0
1,0.1357,169.85,10.2181523,21.42,677,1890.0,9.084550365917883,76.0,1,0,0,0,1,0,0,0,0,0,0
1,0.0774,93.66,11.25507141,7.33,742,10230.0,10.537998757611117,64.6,0,0,0,0,0,1,0,0,0,0,0
1,0.1357,95.12,11.09922655,11.16,672,5729.958333,10.1789958240562,83.4,1,0,0,0,0,0,1,0,0,0,0
1,0.1496,866.13,11.22524339,6.3,792,7020.0,8.24117615049496,14.3,2,0,0,0,0,0,0,0,0,0,1
1,0.0894,508.35,11.23843599,6.79,772,5009.958333,8.889446165318288,15.4,1,0,0,0,0,1,0,0,0,0,0
1,0.16,878.94,11.28983191,17.83,682,5160.0,9.765776006660642,52.2,2,0,0,0,0,1,0,0,0,0,0
1,0.1218,166.5,10.43399815,2.22,697,2519.958333,7.635786861395585,60.9,3,0,0,0,1,0,0,0,0,0,0
1,0.0859,410.94,10.75363848,2.87,782,6630.0,8.707813551024888,19.1,0,0,0,0,0,0,1,0,0,0,0
1,0.1183,457.25,10.91508846,20.86,717,4470.0,9.997979215628845,59.6,1,0,0,0,0,1,0,0,0,0,0
1,0.1253,284.47,11.01856357,16.11,697,2459.958333,9.193906065512758,69.8,1,0,0,0,0,0,1,0,0,0,0
1,0.1461,827.41,11.82041016,21.94,697,4440.0,11.734347535386098,73.2,0,0,0,0,0,0,1,0,0,0,0
1,0.074,139.77,11.39657141,6.77,787,5820.0,8.85180655855245,12.3,0,0,0,0,1,0,0,0,0,0,0
1,0.1218,499.5,11.30220443,13.1,767,4290.958333,8.872907674259846,8.3,1,0,0,0,0,0,0,0,1,0,0
1,0.0774,218.54,11.56171563,7.27,767,10439.95833,8.8934354408475,7.6,0,0,0,0,0,0,0,0,0,1,0
1,0.0774,280.97,10.91508846,9.93,777,6240.0,8.279189777195004,8.9,1,0,0,0,0,0,1,0,0,0,0
1,0.074,217.42,10.73639668,23.87,772,2912.0,6.999422467507961,5.2,2,0,0,0,1,0,0,0,0,0,0
1,0.1183,516.89,11.22524339,17.26,732,5880.0,5.54907608489522,1.7,0,0,1,0,0,0,0,0,1,0,0
1,0.1426,205.84,10.60905725,20.83,697,1260.0,2.5649493574615367,1.5,2,0,0,0,1,0,0,0,0,0,0
1,0.1426,144.09,10.12647109,5.14,687,3420.0,0.0,0.0,3,2,0,0,1,0,0,0,0,0,0
1,0.1635,883.23,11.88446143,14.32,682,4619.958333,10.323118516117193,86.9,1,0,0,0,0,0,1,0,0,0,0
1,0.167,887.54,11.91839057,24.77,677,8670.958333,10.948769385492588,93.3,1,1,0,0,0,0,1,0,0,0,0
1,0.1218,333.0,11.1844214,13.82,712,5669.958333,10.491690797323463,66.1,3,0,0,0,0,1,0,0,0,0,0
1,0.1357,339.69,10.71441777,8.75,682,6360.0,10.095099156237175,72.7,0,0,0,0,0,1,0,0,0,0,0
1,0.16,878.94,11.48246626,15.06,697,6149.958333,11.04375348980435,90.1,0,0,0,0,0,0,1,0,0,0,0
1,0.1531,835.57,11.73606902,11.71,682,5910.0,10.507776196611822,74.4,0,0,0,1,1,0,0,0,0,0,0
1,0.0774,187.32,11.22524339,22.9,752,8999.958333,11.055640608132267,64.9,2,0,0,0,1,0,0,0,0,0,0
1,0.16,492.21,10.75363848,9.51,687,2040.041667,9.575122364808813,92.9,0,0,0,0,0,1,0,0,0,0,0
1,0.1148,131.88,10.73639668,22.93,717,3690.0,0.0,0.0,0,0,0,0,0,0,1,0,0,0,0
1,0.16,421.89,11.73606902,23.85,662,6089.958333,11.03419587502419,85.6,2,1,0,0,0,0,1,0,0,0,0
1,0.0894,317.72,10.53209621,13.73,787,5039.958333,6.035481432524756,3.2,2,0,0,0,0,0,1,0,0,0,0
1,0.16,189.85,10.81977828,10.61,662,3119.958333,7.305188215393037,92.9,0,0,0,0,0,0,1,0,0,0,0
1,0.1392,682.74,11.35035948,12.61,707,6419.958333,5.288267030694535,0.5,2,0,0,0,1,0,0,0,0,0,0
1,0.1183,397.61,11.28978191,18.9,732,3660.0,9.311271090554623,46.1,1,0,0,1,1,0,0,0,0,0,0
1,0.1322,669.26,11.58058411,17.05,707,3990.0,10.04654839537678,67.3,0,0,0,1,0,0,1,0,0,0,0
1,0.1392,102.42,12.20607265,5.35,727,5309.958333,8.59711281459211,12.8,1,1,1,0,0,0,0,0,0,0,1
1,0.0774,288.78,11.1124479,8.17,777,5789.958333,9.806315640783854,16.7,1,0,0,1,0,0,1,0,0,0,0
1,0.1253,317.93,11.00209984,5.42,702,2129.958333,9.49016666846238,45.6,0,0,0,0,0,1,0,0,0,0,0
1,0.1531,278.53,10.91508846,19.66,752,3239.958333,10.5877201157065,10.3,1,0,0,0,0,0,0,0,0,0,1
1,0.1392,307.24,10.30895266,12.04,692,1444.0,8.877939834725023,59.3,0,0,0,0,0,0,1,0,0,0,0
1,0.1253,568.93,11.22524339,14.15,727,3179.958333,8.311889558230359,30.2,1,0,0,0,1,0,0,0,0,0,0
1,0.1461,629.18,10.66886237,20.23,702,4440.0,10.26144167797324,95.0,2,0,0,0,0,0,1,0,0,0,0
1,0.1496,55.44,11.00209984,6.42,692,1860.0,8.30671904320269,98.8,2,0,0,0,0,0,1,0,0,0,0
1,0.1183,497.01,10.49127422,12.27,742,2879.958333,0.0,0.0,2,0,0,0,0,0,0,0,1,0,0
1,0.1531,97.49,9.61580548,6.8,667,1110.0,6.124683390894205,22.8,1,2,0,0,1,0,0,0,0,0,0
1,0.1426,154.38,10.59663473,2.34,687,1560.0,7.521859252201629,42.0,1,0,0,0,0,0,1,0,0,0,0
1,0.0894,95.32,10.89673933,7.44,717,4380.0,9.123365357961776,27.0,1,1,0,0,0,0,0,0,1,0,0
1,0.16,703.15,11.60823564,18.13,717,10740.0,10.033857703697983,82.0,0,0,0,1,0,0,0,0,0,0,1
1,0.1114,49.21,9.769727562,20.37,712,2610.0,8.519989278718239,68.7,0,0,0,1,1,0,0,0,0,0,0
1,0.1183,662.68,11.46163217,4.24,747,6749.958333,9.666118293957936,48.2,2,0,0,1,0,0,0,0,1,0,0
1,0.1531,417.79,10.81985828,5.59,667,1830.0,8.825412915085566,74.0,1,0,0,0,0,0,1,0,0,0,0
1,0.1148,659.37,11.51292546,11.02,752,3239.958333,7.30854279753919,6.1,3,0,0,0,0,0,1,0,0,0,0
1,0.1287,815.61,11.81303006,8.08,717,3839.958333,10.17967885827241,73.2,1,0,0,1,0,0,1,0,0,0,0
1,0.1913,201.97,11.87756858,3.58,662,5130.0,0.0,74.4,1,0,0,0,0,1,0,0,0,0,0
1,0.1253,150.6,11.00209984,1.12,687,7499.958333,7.558516743045645,43.5,0,0,1,1,0,0,1,0,0,0,0
1,0.1461,163.76,9.546812609,10.71,677,1140.0,8.242493153187626,50.6,2,0,0,0,0,0,1,0,0,0,0
1,0.0859,177.02,11.8277654,12.15,737,6600.0,10.547575782806888,81.0,3,0,0,1,1,0,0,0,0,0,0
1,0.1287,840.83,10.93310697,9.96,717,4478.0,9.198369000194964,72.1,0,0,0,0,1,0,0,0,0,0,0
1,0.1218,532.8,11.00209984,16.4,712,6960.0,9.417029285218431,38.5,0,0,0,0,0,0,1,0,0,0,0
1,0.1322,515.46,10.59663473,22.41,697,5009.958333,9.607571675157244,56.1,1,0,0,1,0,0,1,0,0,0,0
1,0.1253,261.04,10.54534144,16.42,717,1860.0,10.150699131184039,65.9,0,0,0,0,0,0,1,0,0,0,0
1,0.1253,184.07,10.30895266,16.2,687,3090.0,10.065181141534115,54.8,0,0,0,0,1,0,0,0,0,0,0
1,0.1392,443.78,10.96812932,19.24,682,4949.958333,9.775654181026242,28.3,3,2,0,0,0,0,1,0,0,0,0
1,0.1322,101.41,10.49127422,22.43,677,5369.958333,9.465447598495786,81.2,1,0,1,0,1,0,0,0,0,0,0
1,0.1357,407.63,12.04355372,5.51,712,8249.958333,10.37023588906119,66.6,3,0,0,0,0,0,1,0,0,0,0
1,0.1322,270.41,10.30895266,11.76,682,2138.958333,9.109082539901955,82.9,0,0,0,0,0,0,1,0,0,0,0
1,0.1357,190.23,11.15625052,17.47,692,7831.0,10.784793387507323,97.7,3,0,0,0,0,1,0,0,0,0,0
1,0.0751,186.66,11.71177632,1.46,747,4569.041667,9.288966692431373,49.6,1,0,0,0,0,1,0,0,0,0,0
1,0.1531,191.49,10.66895539,0.28,677,3390.0,4.23410650459726,2.5,0,0,0,0,1,0,0,0,0,0,0
1,0.1183,662.68,11.1124479,11.95,742,6030.0,9.856762754029893,67.4,1,0,0,0,0,0,1,0,0,0,0
1,0.1183,596.41,11.75978554,12.92,742,6809.958333,9.40960098282706,64.6,4,0,0,0,0,1,0,0,0,0,0
1,0.0894,476.58,11.53272809,6.21,772,4110.0,8.307705966549513,6.0,2,0,0,0,1,0,0,0,0,0,0
1,0.074,65.23,11.6351431,13.19,747,4229.958333,9.88067941321012,37.2,0,0,0,0,0,1,0,0,0,0,0
1,0.1253,301.2,11.88448902,9.76,722,5399.958333,11.612245775260778,96.6,0,0,0,1,0,0,1,0,0,0,0
1,0.16,281.26,11.40756495,6.03,702,6690.0,5.8944028342648505,36.2,1,0,0,0,0,0,0,0,0,0,1
1,0.0894,508.35,11.69524702,7.85,772,8760.0,11.439763199341245,20.6,0,0,0,0,0,0,0,0,1,0,0
1,0.1218,399.6,10.59663473,19.86,707,3509.958333,9.187890243138591,72.4,2,0,0,0,0,1,0,0,0,0,0
1,0.1531,261.12,10.51867319,21.15,662,2910.0,6.583409222158765,60.2,2,0,0,1,1,0,0,0,0,0,0
1,0.1218,266.4,10.81977828,8.54,702,2280.0,8.947806093057054,65.6,0,0,0,0,0,0,1,0,0,0,0
1,0.0894,158.86,10.54534144,18.54,727,4020.0,9.536978699538377,74.5,0,0,0,0,0,0,0,0,0,1,0
1,0.1461,706.74,11.00209984,23.86,687,8071.0,8.412721169819527,35.7,1,3,0,0,0,0,1,0,0,0,0
1,0.1183,238.57,11.15619338,23.33,707,5069.958333,10.357298281574574,64.4,3,0,0,0,0,0,1,0,0,0,0
1,0.0894,206.52,11.11654398,12.49,777,3633.0,9.987874655796293,63.2,0,0,0,0,0,0,0,0,0,1,0
1,0.1565,874.66,11.51292546,14.02,692,4559.958333,10.11029844922944,64.3,0,0,0,0,0,0,1,0,0,0,0
1,0.074,77.65,10.37349118,11.48,762,2910.0,7.403670290012373,14.9,0,0,0,0,1,0,0,0,0,0,0
1,0.0894,222.41,10.71441777,15.2,722,3631.0,8.65956043270316,31.5,1,0,0,1,1,0,0,0,0,0,0
1,0.16,281.26,11.00209984,6.78,672,4080.0,0.0,0.0,2,1,0,0,0,0,1,0,0,0,0
1,0.1392,51.21,10.37349118,4.09,682,2550.0,5.659482215759621,35.7,2,0,0,0,0,0,0,0,0,1,0
1,0.1253,200.8,11.15619338,17.28,687,4800.0,10.42560913604397,81.6,2,0,0,0,0,0,1,0,0,0,0
1,0.1253,60.24,10.23995979,15.21,677,2700.0,8.364973978438726,66.0,2,0,0,0,0,1,0,0,0,0,0
1,0.1114,213.23,11.13458902,3.43,717,7779.0,9.194922119247803,59.7,1,0,0,0,0,1,0,0,0,0,0
1,0.074,86.97,10.81769612,7.96,807,14310.0,6.333279628139691,1.0,0,0,0,0,0,0,0,1,0,0,0
1,0.0859,105.9,11.00209984,22.54,727,4500.0,10.377981087054716,61.7,0,0,0,0,1,0,0,0,0,0,0
1,0.167,319.52,10.91508846,6.83,662,1140.0,9.038365107236372,65.8,0,0,0,0,0,0,1,0,0,0,0
1,0.1392,819.29,11.28978191,9.67,742,3479.958333,5.541263545158426,1.1,6,0,0,0,1,0,0,0,0,0,0
1,0.1426,205.84,11.15619338,18.4,682,3962.958333,9.15302900526307,92.6,2,0,0,0,0,0,1,0,0,0,0
1,0.0859,195.99,11.00209984,19.1,742,5429.958333,9.145054905277552,36.7,0,0,0,0,1,0,0,0,0,0,0
1,0.1322,202.81,10.34817337,17.96,712,1440.0,6.642486801367256,51.1,0,0,0,0,1,0,0,0,0,0,0
1,0.1392,256.03,11.74403719,11.86,677,4619.958333,9.93721242193775,72.9,1,1,0,0,0,0,0,0,1,0,0
1,0.1218,832.5,10.73630972,11.3,747,6930.0,9.537771863945247,15.5,4,0,0,0,0,0,1,0,0,0,0
1,0.1253,120.48,10.78915411,24.47,692,2159.958333,9.673382324888367,75.7,0,0,0,1,0,0,1,0,0,0,0
1,0.1357,203.82,11.31447453,19.93,697,6930.0,10.861246470104044,95.3,0,0,0,0,0,1,0,0,0,0,0
1,0.1183,397.61,11.71177632,11.02,712,8888.041667,10.5654536156125,38.5,1,0,0,0,0,0,1,0,0,0,0
1,0.16,140.63,10.62619354,19.63,667,1470.0,8.57130251706327,97.7,1,0,0,0,1,0,0,0,0,0,0
1,0.1218,333.0,10.59653473,23.01,772,4500.0,0.0,5.34,2,0,0,0,0,0,1,0,0,0,0
1,0.0894,222.41,10.46310334,10.49,757,2820.958333,9.633645398212678,76.7,0,0,0,0,1,0,0,0,0,0,0
1,0.1461,137.91,10.81977828,10.01,692,2759.958333,7.253470382684528,94.1,0,0,0,0,0,0,1,0,0,0,0
1,0.1322,236.61,11.28978191,0.22,812,11519.95833,5.209486152841421,3.6,2,0,0,0,0,0,1,0,0,0,0
1,0.1426,428.83,10.40426284,8.11,692,3959.958333,9.737551024991497,36.5,2,0,0,0,0,0,1,0,0,0,0
1,0.0894,155.69,10.81977828,10.66,757,3301.0,8.532475814947395,22.7,0,0,0,0,0,1,0,0,0,0,0
1,0.074,124.24,10.87237073,17.24,782,9089.958333,7.925157512224703,9.4,1,0,0,0,1,0,0,0,0,0,0
1,0.0859,292.4,10.12647109,22.9,757,2101.958333,8.24380842366528,11.7,1,0,0,0,0,0,0,0,0,1,0
1,0.1531,478.71,10.20492459,15.53,737,1769.958333,3.8918202981106265,1.8,0,0,0,0,0,0,0,0,0,0,1
1,0.1426,377.37,11.72803684,16.3,692,13170.0,11.044328845421948,77.4,3,0,0,0,0,0,0,1,0,0,0
1,0.0774,312.19,11.30713055,12.6,772,5069.958333,9.410256237171089,19.0,2,0,0,0,0,0,0,0,1,0,0
1,0.1496,623.61,11.53272809,20.45,697,6210.0,10.723509645430674,41.2,0,0,0,0,0,0,1,0,0,0,0
1,0.1635,537.01,10.6454249,18.57,707,7710.0,9.970678802076451,69.9,1,0,0,0,0,0,0,0,0,0,1
1,0.1426,168.1,11.06663836,12.9,687,1140.0,7.874358824729881,46.9,1,0,0,0,0,0,1,0,0,0,0
1,0.1287,235.44,10.03801845,19.56,707,3000.0,9.41865450904439,94.7,1,0,0,0,0,1,0,0,0,0,0
1,0.1565,195.93,11.77528973,6.94,667,7229.958333,9.109967397829395,93.2,0,0,0,0,0,0,1,0,0,0,0
1,0.1774,720.42,12.20607265,8.89,662,5069.958333,10.115570156490913,46.1,3,2,0,1,0,0,1,0,0,0,0
1,0.1253,811.56,12.20607265,10.84,727,5580.0,11.187347667846776,73.7,0,0,0,0,0,0,1,0,0,0,0
1,0.0894,63.55,11.22524339,7.18,752,1739.958333,0.0,0.0,4,0,0,0,1,0,0,0,0,0,0
1,0.1183,331.34,10.4125917,9.56,747,3300.0,9.151121012316212,50.4,0,0,0,0,0,0,1,0,0,0,0
1,0.1148,395.63,10.30895266,18.2,737,3000.0,6.075346031088684,3.3,1,1,0,0,1,0,0,0,0,0,0
1,0.1183,795.22,11.40756495,10.21,752,9510.0,10.899476317305677,53.5,0,0,0,1,0,0,1,0,0,0,0
1,0.1496,173.23,11.25161265,16.99,662,8550.0,9.168163293076997,41.5,2,4,0,0,0,0,0,0,1,0,0
1,0.1496,173.23,11.60823564,11.92,667,3569.958333,9.987552927653796,90.6,2,1,0,0,0,0,1,0,0,0,0
1,0.1392,348.2,10.91508846,19.75,687,4289.958333,8.882114044208821,92.3,0,0,0,0,0,0,1,0,0,0,0
1,0.1322,40.57,10.03819326,10.54,682,1709.958333,8.481980435660493,57.5,2,0,0,0,0,0,1,0,0,0,0
1,0.1565,174.94,10.12647109,18.39,677,1530.0,6.498282149476434,51.0,1,1,0,1,0,0,1,0,0,0,0
1,0.1287,164.81,11.21182037,5.98,707,5729.958333,8.023879992734878,76.3,0,0,0,0,0,0,1,0,0,0,0
1,0.167,674.53,10.88743693,19.87,667,3904.958333,9.751326558637025,73.4,1,0,0,1,0,0,1,0,0,0,0
1,0.0894,508.35,10.91508846,9.38,777,5940.0,9.681530796701484,38.0,0,0,0,0,0,0,1,0,0,0,0
1,0.074,82.31,9.210340372,1.2,807,3899.958333,4.418840607796598,2.3,0,0,0,1,1,0,0,0,0,0,0
1,0.1183,132.54,10.71441777,8.43,742,1289.958333,6.111467339502679,1.7,2,0,0,0,0,0,0,0,1,0,0
1,0.0705,92.7,10.1266311,8.16,777,2910.0,6.030685260261263,6.8,1,0,0,0,0,0,0,0,0,1,0
1,0.1392,273.1,10.63535051,23.69,682,5250.0,9.182866394975427,91.9,0,0,0,0,0,0,1,0,0,0,0
1,0.1357,237.78,10.59653473,16.32,702,4470.0,6.815639990074331,45.5,0,1,0,0,1,0,0,0,0,0,0
1,0.074,93.18,10.59663473,5.55,757,7949.958333,9.496721598694915,61.4,0,0,0,0,1,0,0,0,0,0,0
1,0.1218,166.5,10.91508846,22.45,702,1800.0,9.73849497786395,67.0,3,0,0,1,1,0,0,0,0,0,0
1,0.1287,420.42,10.54534144,10.39,707,3119.958333,9.420925394042996,67.8,0,0,0,1,0,0,1,0,0,0,0
1,0.0859,63.23,10.27090459,15.96,732,1830.0,8.422003004412488,16.2,0,0,0,0,1,0,0,0,0,0,0
1,0.1114,82.01,11.15625052,18.09,712,8130.0,9.580730826800856,84.2,0,0,0,1,0,0,1,0,0,0,0
1,0.1357,611.44,11.05089001,24.4,697,4201.958333,9.879502189785617,59.0,1,0,0,0,0,0,1,0,0,0,0
1,0.1704,89.19,10.81977828,13.66,692,3869.958333,9.392661928770137,96.8,1,0,0,0,0,0,0,0,0,0,1
1,0.0774,93.66,9.546812609,21.51,757,2129.958333,7.83241092718792,13.3,0,0,0,0,0,0,0,1,0,0,0
1,0.1461,275.81,11.69524702,0.0,687,5190.0,0.0,0.0,0,0,0,0,1,0,0,0,0,0,0
1,0.1426,686.12,11.22524339,8.02,687,3479.958333,9.634234615552714,76.4,3,0,0,0,0,0,1,0,0,0,0
1,0.1531,348.16,10.49127422,14.83,667,1769.958333,8.842604480678025,74.4,2,0,0,0,0,0,1,0,0,0,0
1,0.074,93.18,11.38509209,5.58,792,5069.958333,0.0,0.0,0,0,0,0,0,0,0,1,0,0,0
1,0.1322,507.01,11.53272809,6.64,697,5011.958333,9.134754385019587,47.1,1,0,0,0,0,0,1,0,0,0,0
1,0.1287,645.76,11.28978191,10.93,742,2610.0,5.407171771460119,2.8,0,1,0,1,0,1,0,0,0,0,0
1,0.074,186.36,11.55718156,1.23,807,5311.958333,9.88573083094687,27.4,0,0,0,0,1,0,0,0,0,0,0
1,0.074,83.86,11.51192496,0.18,802,6179.958333,7.146772179452637,2.0,2,0,0,0,0,0,0,0,0,1,0
1,0.1114,262.43,11.35040654,17.39,727,3119.958333,9.872461173931006,48.6,0,0,0,0,1,0,0,0,0,0,0
1,0.1148,659.37,11.21182037,14.06,797,4229.958333,5.181783550292085,1.4,0,0,0,0,1,0,0,0,0,0,0
1,0.1183,477.13,11.46163217,11.52,717,7680.0,9.89131375160442,30.1,3,0,0,0,0,0,1,0,0,0,0
1,0.0894,190.63,10.08580911,8.05,727,3060.0,7.820037989458753,15.6,0,0,0,0,1,0,0,0,0,0,0
1,0.1322,507.01,10.30895266,17.0,702,4770.0,0.0,0.0,0,0,0,0,1,0,0,0,0,0,0
1,0.1357,163.05,11.09741002,6.29,697,3539.958333,6.2166061010848646,25.0,0,0,0,0,1,0,0,0,0,0,0
1,0.1183,79.53,10.81577026,6.94,702,3599.958333,4.68213122712422,8.9,1,0,0,0,1,0,0,0,0,0,0
1,0.1635,529.94,12.25486281,19.33,672,6029.958333,10.180702535638066,94.2,1,0,1,1,1,0,0,0,0,0,0
1,0.0894,285.95,10.51867319,4.51,742,6930.0,9.026657889542886,30.7,0,0,0,0,0,0,1,0,0,0,0
1,0.0894,532.18,10.71441777,13.81,787,7949.958333,7.8898337513942955,22.2,0,0,0,0,0,0,1,0,0,0,0
1,0.1461,517.13,10.91508846,6.74,677,5222.0,5.726847747587197,38.2,1,3,0,0,0,0,1,0,0,0,0
1,0.1531,417.79,11.13453063,13.1,672,4020.0,9.589256144850811,92.4,1,1,0,0,0,0,1,0,0,0,0
1,0.1253,267.74,10.75798798,22.9,697,3660.0,8.855663430700124,54.8,1,0,0,0,0,0,1,0,0,0,0
1,0.1565,174.94,10.81977828,8.14,667,1320.958333,9.909071930830029,50.8,3,0,0,0,0,1,0,0,0,0,0
1,0.1357,169.85,10.29768947,15.53,682,3330.0,8.09040229659332,93.2,2,0,0,1,0,0,1,0,0,0,0
1,0.0894,476.58,11.40756495,8.99,782,10199.95833,9.79305865876674,20.3,1,0,0,0,0,0,1,0,0,0,0
1,0.1218,499.5,11.60823564,5.78,722,7229.958333,10.417418350255533,50.6,0,0,0,0,0,0,1,0,0,0,0
1,0.1809,361.96,11.26830288,21.69,667,3330.0,11.123978183337595,98.2,2,0,0,0,0,0,0,0,1,0,0
1,0.1253,535.47,10.87804719,22.96,717,5970.0,9.735246399950178,88.0,0,0,0,0,0,1,0,0,0,0,0
1,0.0894,38.13,10.08580911,22.9,727,2369.958333,8.806274284781725,23.3,1,0,0,0,0,0,0,0,0,1,0
1,0.1496,788.18,11.00209984,7.3,782,4619.958333,7.717796211013582,18.6,0,0,0,1,0,0,0,0,0,0,1
1,0.0894,317.72,11.40756495,10.47,767,9630.0,11.441365014357007,1.4,0,0,0,0,0,0,1,0,0,0,0
1,0.1392,273.1,11.35035948,5.99,682,2942.0,8.19836438996762,55.9,0,1,0,0,0,0,0,0,0,1,0
1,0.1218,832.5,11.28978191,12.36,737,4979.958333,10.763356070097183,31.6,1,0,0,1,0,0,0,1,0,0,0
1,0.1218,333.0,11.14481394,18.22,712,5820.0,9.775938231589153,72.1,0,0,0,0,1,0,0,0,0,0,0
1,0.0774,280.97,11.68687877,8.47,787,6120.958333,7.8343923029104365,7.3,0,0,0,0,1,0,0,0,0,0,0
1,0.1322,540.81,11.00209984,11.76,707,4199.958333,9.086476384753796,70.7,0,1,0,0,0,0,1,0,0,0,0
1,0.1287,201.8,10.77895629,0.0,717,4110.0,0.0,0.0,2,2,0,0,0,0,0,0,1,0,0
1,0.1392,512.06,10.46310334,14.5,682,3539.958333,9.782336350971978,67.4,3,0,0,0,0,0,1,0,0,0,0
1,0.1253,401.6,11.22524339,3.74,722,7500.958333,10.07588502813239,44.5,2,0,0,0,0,0,1,0,0,0,0
1,0.1253,334.67,11.06663836,10.78,702,4800.0,10.180133955367644,78.5,1,1,0,0,0,0,1,0,0,0,0
1,0.1218,333.0,11.00209984,2.82,712,3330.0,7.1316985104669115,5.6,1,0,0,0,1,0,0,0,0,0,0
1,0.1287,454.05,11.25813644,15.88,702,8579.958333,9.56493314971059,57.7,0,0,0,0,0,1,0,0,0,0,0
1,0.1982,185.37,10.85892207,5.53,692,1482.041667,6.933423025730715,22.3,1,0,0,0,0,0,0,0,0,0,1
1,0.1253,802.36,10.81769612,12.46,757,3930.958333,0.0,0.0,2,0,0,1,0,0,0,0,0,1,0
1,0.1635,883.23,11.28983191,9.81,712,4349.958333,10.103403417731034,72.6,0,0,0,0,0,0,0,0,0,0,1
1,0.0894,476.58,11.26446411,13.82,777,6839.958333,6.6039438246004725,5.7,3,0,0,0,0,0,0,0,1,0,0
1,0.1287,403.6,11.15625052,22.47,697,4080.0,9.4925826756776,66.6,2,0,0,1,0,0,1,0,0,0,0
1,0.0859,126.45,8.987196821,9.45,737,4349.958333,7.970049304976135,42.5,2,0,0,0,0,0,0,1,0,0,0
1,0.1218,333.0,10.34817337,22.77,707,7949.958333,8.570733958344267,17.6,2,0,0,0,0,0,1,0,0,0,0
1,0.1496,866.13,11.9381932,16.55,702,7139.958333,10.077398841970112,48.7,3,1,0,1,0,0,1,0,0,0,0
1,0.1426,445.98,10.27505111,13.37,707,4830.0,4.248495242049359,7.7,0,0,0,0,1,0,0,0,0,0,0
1,0.0894,301.83,11.69274389,2.84,747,6330.0,11.34702435174361,57.7,1,0,0,0,0,0,0,0,1,0,0
1,0.1392,409.65,11.40756495,13.99,687,7949.958333,9.98271454298743,86.9,0,1,0,0,0,0,0,0,1,0,0
1,0.1114,656.07,11.26446411,17.2,772,3000.0,7.2456550675945355,9.2,1,0,0,1,1,0,0,0,0,0,0
1,0.1183,331.34,10.9331784,13.05,727,4619.958333,7.872836175025724,48.6,0,0,0,0,1,0,0,0,0,0,0
1,0.1392,682.74,13.45883561,3.09,697,3869.958333,8.848078421168667,44.6,0,0,0,1,0,0,0,0,1,0,0
1,0.1114,278.83,11.28978191,9.81,727,3239.958333,9.833869485655258,54.1,3,0,0,0,0,1,0,0,0,0,0
1,0.0774,212.29,11.19821472,4.9,762,4319.958333,9.417110609172447,19.6,0,0,0,0,0,0,1,0,0,0,0
1,0.1148,131.88,10.59663473,0.0,802,4740.0,0.0,0.0,1,0,0,0,1,0,0,0,0,0,0
1,0.1426,617.51,11.08214255,16.04,682,3300.0,8.834773814213882,71.5,0,0,0,0,0,0,1,0,0,0,0
1,0.0894,55.61,9.169518377,21.25,732,2640.0,7.777373602657861,54.2,1,0,0,1,0,0,1,0,0,0,0
1,0.0774,265.36,10.6465671,23.77,782,9630.0,9.205930663487482,20.0,0,0,0,0,0,0,0,0,1,0,0
1,0.1253,502.0,10.70395792,20.78,707,3420.0,9.557187177595935,43.5,0,0,0,0,0,0,1,0,0,0,0
1,0.1148,659.37,12.10071213,0.39,812,5970.0,8.315321775377567,4.7,0,0,0,0,1,0,0,0,0,0,0
1,0.1531,870.39,11.15625052,20.45,697,6240.0,10.090216051148289,84.6,0,0,0,0,0,0,1,0,0,0,0
1,0.0894,381.26,11.60823564,8.95,757,4860.0,8.785080636539838,9.0,2,0,0,0,0,0,1,0,0,0,0
1,0.1635,671.26,11.63444374,21.5,667,10499.95833,11.330419891246198,72.2,0,0,0,0,0,0,1,0,0,0,0
1,0.1322,338.01,10.46310334,8.09,687,1830.0,9.094705028377259,61.9,0,0,0,0,0,0,1,0,0,0,0
1,0.0894,476.58,11.00209984,16.16,772,7830.0,10.143134175949353,27.6,2,0,0,0,0,1,0,0,0,0,0
1,0.1218,199.8,10.37349118,24.0,692,5039.958333,9.17895289873455,49.2,0,0,0,0,0,0,1,0,0,0,0
1,0.1218,99.9,10.62132735,6.67,742,4470.0,8.425516402844334,95.0,3,0,0,0,1,0,0,0,0,0,0
1,0.1322,152.11,10.32728362,4.32,692,5160.0,8.123261319121745,88.7,1,0,1,0,0,0,1,0,0,0,0
1,0.1218,666.0,11.26446411,9.66,722,2010.958333,9.624434806782402,42.4,3,0,0,0,1,0,0,0,0,0,0
1,0.1114,328.04,10.53049493,14.13,722,1920.0,8.826441041782578,56.8,0,0,0,0,1,0,0,0,0,0,0
1,0.0894,203.34,10.2791805,18.13,732,2462.958333,9.072686206677387,41.3,1,0,0,0,0,0,1,0,0,0,0
1,0.1461,137.91,10.91501573,3.16,667,7410.0,8.259716961021523,52.9,2,0,0,1,0,0,0,1,0,0,0
1,0.16,421.89,11.1844214,17.48,747,4350.958333,7.1308988302963465,6.1,6,0,0,1,0,0,0,0,0,0,1
1,0.1253,803.2,10.91616952,21.55,727,6300.0,9.962558026113117,64.1,0,0,0,0,0,0,1,0,0,0,0
1,0.1114,164.02,11.17064696,10.26,727,7470.0,7.546446273746024,24.7,0,0,0,0,0,0,0,1,0,0,0
1,0.1218,133.2,9.903687533,7.32,692,8850.0,8.057377488557991,26.7,0,1,0,0,0,0,1,0,0,0,0
1,0.1704,249.72,11.18924309,23.39,672,3989.958333,8.498825534058053,34.6,0,2,0,0,0,0,1,0,0,0,0
1,0.1287,44.57,10.16585182,19.29,702,2819.958333,9.927887439359663,95.3,0,0,0,1,0,0,0,1,0,0,0
1,0.1461,836.03,11.62621844,17.19,697,7020.0,10.891615108028965,82.2,2,0,0,0,0,0,1,0,0,0,0
1,0.0859,158.06,9.798127037,7.33,752,3630.0,7.822044008185619,40.2,1,0,0,0,1,0,0,0,0,0,0
1,0.1913,257.05,11.04132055,13.52,662,8130.0,8.917578753781104,99.5,0,0,0,0,0,0,1,0,0,0,0
1,0.1565,104.96,10.59663473,5.82,687,5550.0,8.89370997756851,23.5,2,0,1,0,0,0,0,0,0,0,1
1,0.1287,538.14,11.00209984,10.42,717,3360.0,9.67721410821299,92.7,1,0,0,1,0,0,1,0,0,0,0
1,0.1461,144.8,11.23848862,15.28,667,3869.958333,9.653679132512428,91.1,0,0,0,0,0,0,0,1,0,0,0
1,0.1392,682.74,11.35035948,15.02,712,5729.958333,10.224302131023784,93.8,0,0,0,0,0,0,1,0,0,0,0
1,0.1218,499.5,10.37349118,2.7,752,1709.958333,4.276666119016055,0.5,2,0,0,0,0,0,0,0,0,1,0
1,0.1357,434.8,11.15625052,16.3,702,5610.0,9.758750756069444,90.1,2,0,0,0,0,0,1,0,0,0,0
1,0.1531,60.93,9.61580548,22.72,692,1832.0,8.342363500380579,56.0,0,0,0,1,0,0,0,0,0,0,1
1,0.1114,328.04,10.49127422,4.77,747,1679.958333,5.153291594497779,0.9,0,0,0,0,1,0,0,0,0,0,0
1,0.1357,67.94,11.51288546,14.04,687,6539.958333,10.703019723800088,97.6,1,0,0,0,0,0,1,0,0,0,0
1,0.0894,381.26,11.15625052,14.66,747,5339.958333,9.670104253491726,73.7,2,0,0,0,0,0,1,0,0,0,0
1,0.0859,158.06,10.59663473,7.62,802,6809.958333,0.0,0.0,1,0,0,0,0,0,0,0,0,1,0
1,0.1148,323.1,10.55581274,24.75,717,2159.958333,8.715388097366482,23.4,1,0,0,0,0,0,1,0,0,0,0
1,0.1426,171.53,11.31442574,9.34,667,3660.0,8.350666240520924,46.0,1,0,0,0,1,0,0,0,0,0,0
1,0.1183,795.22,11.05601968,19.82,752,5040.958333,9.309914176872276,65.4,0,0,0,0,0,0,1,0,0,0,0
1,0.16,210.95,11.08214255,13.42,662,5130.0,8.421562960400987,29.5,2,0,2,0,0,0,0,0,0,1,0
1,0.1426,574.63,10.77895629,23.32,682,3360.0,9.957407394525559,55.0,1,1,0,0,0,1,0,0,0,0,0
1,0.1114,492.06,11.15625052,13.68,802,5729.958333,7.130098510125578,3.7,2,0,0,0,0,0,0,0,1,0,0
1,0.0859,316.11,11.08214255,14.99,787,5699.958333,6.942156705699469,3.9,0,0,0,0,1,0,0,0,0,0,0
1,0.1565,279.89,10.73639668,7.43,692,2190.0,8.412943170042439,60.9,0,0,0,0,1,0,0,0,0,0,0
1,0.1148,197.82,10.59663473,18.24,712,5009.958333,9.677590213025297,70.9,1,0,0,0,0,0,1,0,0,0,0
1,0.1183,659.37,11.06663836,8.18,737,6946.0,10.207141394497608,67.1,2,0,0,1,0,0,1,0,0,0,0
1,0.1218,666.0,11.20504069,22.32,727,11340.0,10.433556823868823,74.7,0,0,0,0,0,0,1,0,0,0,0
1,0.1253,200.8,10.858999,21.72,692,3450.0,8.464425125877582,36.8,0,0,0,0,0,0,0,0,0,1,0
1,0.1635,211.98,11.42573225,0.84,782,4890.0,0.0,0.0,0,0,0,1,0,0,0,0,0,0,1
1,0.1739,286.78,11.18996158,19.59,667,7020.0,9.898123190036978,67.0,1,0,1,0,0,0,1,0,0,0,0
1,0.0894,317.72,11.14186178,9.53,742,2489.958333,8.192570471152173,5.7,0,0,0,0,0,0,1,0,0,0,0
1,0.0894,158.86,10.1266311,18.05,742,3090.0,9.134430777875833,47.5,1,0,0,1,0,0,1,0,0,0,0
1,0.1287,201.8,10.75790288,3.75,692,5100.0,8.114922974204593,77.7,1,1,0,0,0,0,1,0,0,0,0
1,0.1218,807.53,11.88172659,10.39,747,9240.0,10.589534586605767,37.5,1,0,0,0,0,0,1,0,0,0,0
1,0.0894,285.95,10.64875269,11.33,737,3450.0,9.504650430718184,67.4,0,0,0,1,0,0,1,0,0,0,0
1,0.1114,246.03,10.95080655,19.79,732,4649.958333,8.401108712395436,13.5,1,0,1,0,0,0,1,0,0,0,0
1,0.0859,151.73,10.20507253,22.5,752,2429.958333,6.882437470997847,4.3,1,0,0,0,0,0,0,0,1,0,0
1,0.1253,368.13,11.29601246,11.33,707,2940.0,9.987047145635058,31.2,1,0,0,0,0,0,1,0,0,0,0
1,0.1114,352.64,10.23995979,21.0,727,7800.0,9.088285725968877,52.1,1,0,0,0,0,0,1,0,0,0,0
1,0.1322,845.02,10.858999,9.0,752,1443.0,7.990238185720363,20.6,0,0,0,0,0,0,0,0,1,0,0
1,0.1287,53.82,10.13459927,12.14,677,1980.0,9.26785427817679,32.8,0,0,0,0,0,0,1,0,0,0,0
1,0.1287,504.5,10.59663473,22.74,707,2819.958333,9.760136677640245,79.9,0,0,0,0,0,0,1,0,0,0,0
1,0.1287,134.54,11.08214255,14.73,692,3030.0,9.484557193474393,88.3,1,0,0,0,0,0,1,0,0,0,0
1,0.1183,145.79,10.77895629,3.52,742,4200.0,8.25608813381491,58.3,2,0,0,0,0,0,0,0,0,1,0
1,0.1322,338.01,11.1844214,0.93,737,1409.958333,8.220133957151859,18.2,0,0,0,1,0,0,0,0,1,0,0
1,0.1322,324.49,11.04292184,15.76,697,5039.958333,8.691986481789401,87.6,3,0,0,0,0,0,1,0,0,0,0
1,0.1704,713.49,11.54248427,7.6,707,5220.0,10.908411678551898,44.4,0,0,0,0,0,0,0,0,0,0,1
1,0.16,457.05,10.46244598,18.87,662,3090.0,9.828494573494698,79.6,1,0,0,0,0,0,1,0,0,0,0
1,0.074,62.12,10.16585182,13.71,767,2879.958333,7.5411524551363085,6.5,2,0,0,0,0,0,0,0,0,1,0
1,0.1739,645.26,11.22390917,11.84,672,1591.0,9.457122321855792,93.2,1,0,0,1,0,0,1,0,0,0,0
1,0.1218,249.75,13.5670492,0.6,707,5550.0,8.753529336516431,21.5,0,0,1,0,0,0,1,0,0,0,0
1,0.1843,363.7,11.40087596,1.26,702,3119.958333,8.1101268019411,23.8,2,0,0,0,0,0,0,0,0,0,1
1,0.1183,828.35,10.81977828,13.27,757,8339.958333,8.795884972029885,35.7,0,0,0,0,1,0,0,0,0,0,0
1,0.0894,222.41,10.49127422,2.6,752,3270.0,0.0,0.0,0,0,0,0,1,0,0,0,0,0,0
1,0.1148,164.85,10.99065122,16.49,717,4619.958333,0.0,36.94,0,0,0,0,1,0,0,0,0,0,0
1,0.1496,866.13,10.87804719,13.0,707,3869.958333,9.188605879830176,77.2,0,0,0,0,0,0,1,0,0,0,0
1,0.1531,97.49,10.93310697,23.49,682,4289.958333,9.955937677537047,98.5,2,0,0,0,1,0,0,0,0,0,0
1,0.1287,403.6,10.96335901,5.3,697,4319.958333,9.597166175865409,70.1,1,0,0,0,0,0,1,0,0,0,0
1,0.1114,433.01,11.09741002,8.6,737,5162.0,10.198058343191331,58.1,1,0,0,0,0,0,1,0,0,0,0
1,0.1357,84.93,10.49127422,19.9,672,2550.0,7.8674885686991285,27.8,1,0,0,1,0,0,1,0,0,0,0
1,0.1426,806.19,11.06663836,24.88,702,10409.95833,10.33539983065914,84.4,1,0,0,0,0,0,1,0,0,0,0
1,0.1565,629.75,11.08214255,9.16,732,4200.0,9.501665799342762,49.4,1,0,0,0,0,0,0,0,0,0,1
1,0.1114,164.02,10.81977828,13.51,737,9150.0,9.385972940619341,76.9,1,1,0,0,0,0,1,0,0,0,0
1,0.1565,559.78,10.57131693,19.75,707,3300.0,9.874007247213619,95.7,0,0,0,0,0,0,1,0,0,0,0
1,0.1218,79.92,10.71441777,20.67,697,2580.0,6.335054251498059,4.5,1,1,0,0,1,0,0,0,0,0,0
1,0.167,568.03,11.49272276,8.52,662,4380.0,10.372302976145054,87.9,1,0,0,0,0,0,1,0,0,0,0
1,0.1322,537.43,11.14186178,20.0,702,4110.0,8.372629740224884,34.1,0,0,0,0,0,0,1,0,0,0,0
1,0.1357,391.49,10.30895266,17.92,677,3390.0,9.340227632810604,55.5,0,0,0,1,0,0,1,0,0,0,0
1,0.0859,162.01,11.26446411,24.12,742,8639.958333,9.541871851706224,50.1,0,0,0,0,0,1,0,0,0,0,0
1,0.1253,408.29,10.23995979,10.93,707,1950.0,9.438192819018127,40.0,2,0,0,0,0,0,1,0,0,0,0
1,0.1287,403.6,10.81977828,11.45,692,2280.0,6.529418838262226,6.1,0,1,1,0,0,0,1,0,0,0,0
1,0.1183,298.21,10.49127422,11.67,727,1980.0,8.287528423111763,44.6,1,0,0,0,0,0,1,0,0,0,0
1,0.0894,317.72,11.37144254,13.34,737,7169.958333,10.578979797857352,54.3,0,0,0,1,1,0,0,0,0,0,0
1,0.1357,161.36,10.23422911,24.96,702,1740.958333,8.016317898503415,94.7,1,0,0,0,0,0,1,0,0,0,0
1,0.0894,190.63,11.28978191,2.96,722,4800.0,8.495765244002618,34.7,0,0,1,0,0,1,0,0,0,0,0
1,0.1148,138.47,11.17043516,6.83,717,3810.0,9.390576422279116,72.1,1,0,0,0,0,0,1,0,0,0,0
1,0.1218,346.32,10.96819829,19.7,712,3117.041667,8.891236429516061,46.6,1,0,0,0,0,0,1,0,0,0,0
1,0.0859,316.11,12.20607265,0.26,797,7050.0,8.105911197986508,2.5,0,0,0,0,1,0,0,0,0,0,0
1,0.1183,99.41,10.94022444,15.94,697,5309.958333,8.028455164114252,57.8,1,0,1,0,0,0,0,0,1,0,0
1,0.1148,98.91,12.79385931,2.09,702,3660.0,7.576097340623111,10.7,1,0,0,0,0,0,1,0,0,0,0
1,0.0894,476.58,11.78234173,1.98,807,11219.95833,9.044049632254756,21.6,0,0,0,0,0,0,1,0,0,0,0
1,0.1287,201.8,10.50232405,1.75,682,1860.0,8.260492856573185,32.5,2,0,0,0,1,0,0,0,0,0,0
1,0.1114,164.02,10.46310334,7.71,722,5399.958333,8.83884181343129,41.8,0,0,0,0,0,0,1,0,0,0,0
1,0.1392,737.36,11.46163217,11.23,692,6301.0,10.370518016302448,63.1,0,1,0,0,0,0,1,0,0,0,0
1,0.1148,430.24,11.05089001,13.33,727,3060.0,9.476313501265748,65.2,0,0,0,0,0,0,1,0,0,0,0
1,0.0894,317.72,10.77895629,12.38,767,1830.0,7.4821189235521155,8.4,0,0,0,0,1,0,0,0,0,0,0
1,0.0774,43.71,10.59663473,7.47,732,3509.958333,9.666181687409415,49.8,2,0,0,0,0,0,1,0,0,0,0
1,0.1183,99.41,10.42228135,15.61,697,9660.0,7.026426808699636,23.4,2,0,0,0,1,0,0,0,0,0,0
1,0.1426,171.53,10.59663473,19.53,672,3780.0,10.516914889962838,86.3,2,0,0,1,0,0,1,0,0,0,0
1,0.0859,316.11,10.1266311,7.2,757,2944.0,8.37930948405285,24.1,0,0,0,0,1,0,0,0,0,0,0
1,0.074,155.3,9.61580548,16.16,802,4050.0,6.699500340161678,7.7,0,0,0,0,0,1,0,0,0,0,0
1,0.1183,132.54,10.30895266,20.68,717,1679.958333,8.260234291607297,53.0,0,0,0,1,0,0,1,0,0,0,0
1,0.1496,207.87,10.81977828,0.86,752,7619.958333,7.4673710669175595,24.0,0,0,0,0,0,0,0,0,0,0,1
1,0.1496,840.15,11.18351821,12.19,702,5100.0,10.453514658501255,94.7,0,0,0,0,0,0,1,0,0,0,0
1,0.1357,849.22,11.36789969,3.27,722,5610.0,8.609407675404048,57.7,0,0,0,1,0,0,0,1,0,0,0
1,0.0859,158.06,10.37349118,14.74,732,3390.0,8.068716192714781,23.0,2,1,0,0,0,0,1,0,0,0,0
1,0.1287,235.44,11.00209984,5.94,722,5759.958333,5.54907608489522,2.0,0,0,0,1,0,0,0,0,0,1,0
1,0.1183,66.27,10.54534144,4.8,702,4410.0,6.645090969505644,5.6,0,0,0,0,1,0,0,0,0,0,0
1,0.0859,189.67,10.92593848,24.0,732,4163.041667,9.146121799649531,20.8,0,0,0,0,0,0,1,0,0,0,0
1,0.0859,158.06,9.903487553,10.92,742,4319.958333,8.571113033405668,50.2,0,0,0,0,0,0,1,0,0,0,0
1,0.1114,328.04,10.30895266,8.12,732,2849.958333,9.677276802172448,24.7,3,0,0,1,1,0,0,0,0,0,0
1,0.1392,443.78,11.1124479,21.58,687,2789.958333,9.869723922383319,74.4,0,0,0,0,0,0,1,0,0,0,0
1,0.1253,669.33,11.04132055,3.65,782,5910.0,9.13043098874788,30.8,0,0,0,0,1,0,0,0,0,0,0
1,0.1183,828.35,12.37073927,2.51,802,5190.0,7.635303886259415,4.0,1,0,0,1,0,0,0,0,1,0,0
1,0.1357,108.7,10.08580911,17.5,682,2670.0,9.081938657171658,86.2,1,0,0,0,1,0,0,0,0,0,0
1,0.0774,171.71,10.59663473,4.38,757,9510.0,8.151333337900432,19.5,1,0,0,0,0,0,1,0,0,0,0
1,0.0894,444.81,10.79957558,14.33,762,3660.0,9.391411146868485,38.5,1,0,0,0,0,1,0,0,0,0,0
1,0.0894,317.72,10.54534144,4.23,742,6630.0,9.693136823020671,33.7,1,0,0,0,0,0,0,0,1,0,0
1,0.167,860.91,11.74403719,17.14,682,8369.958333,10.741319321949963,97.9,1,0,0,0,0,0,1,0,0,0,0
1,0.1114,328.04,11.22524339,4.53,762,2580.0,7.180069874302796,30.5,0,0,0,0,0,0,0,0,0,1,0
1,0.1322,202.81,10.62132735,4.71,702,7229.958333,8.572817095164234,52.8,1,0,1,0,0,1,0,0,0,0,0
1,0.1357,594.45,10.96992094,13.45,692,2519.958333,8.66561319653451,76.3,0,0,0,0,0,0,1,0,0,0,0
1,0.1148,98.91,11.40756495,7.96,707,4949.958333,8.93102321585603,47.0,2,0,0,1,0,0,0,0,1,0,0
1,0.1287,274.12,10.93310697,23.57,687,5100.0,9.350884616968491,51.8,0,0,0,0,0,0,1,0,0,0,0
1,0.1461,482.66,13.08154138,2.09,692,4020.0,9.89691600715309,95.5,2,0,0,0,0,1,0,0,0,0,0
1,0.1148,395.63,11.40756495,3.47,732,6330.0,9.939819481783518,44.7,0,0,0,0,0,0,1,0,0,0,0
1,0.1253,83.67,9.639522007,20.63,697,1560.0,7.059617628291383,14.7,1,1,0,1,1,0,0,0,0,0,0
1,0.1461,206.86,10.88482268,22.72,667,3390.0,10.042336034354935,83.9,1,0,0,1,0,0,1,0,0,0,0
1,0.0894,238.29,10.81977828,21.55,747,2940.0,8.903407519932264,28.3,0,0,0,0,0,1,0,0,0,0,0
1,0.1148,395.63,10.40453553,24.61,727,5970.0,9.377632889750377,40.6,1,0,0,1,0,1,0,0,0,0,0
1,0.1148,197.82,11.0084132,18.2,707,5819.958333,10.838325221696861,74.4,0,0,0,0,0,1,0,0,0,0,0
1,0.1843,500.09,10.93310697,24.04,667,4440.0,9.786054455644033,98.8,1,0,0,0,0,0,1,0,0,0,0
1,0.16,450.02,10.59663473,15.24,672,1440.0,9.671870704017296,62.5,1,0,0,0,0,0,1,0,0,0,0
1,0.1357,489.15,10.49127422,10.27,692,6210.0,9.898374503149306,72.6,2,0,0,0,0,0,1,0,0,0,0
1,0.16,852.57,11.55214618,3.25,682,3869.958333,5.153291594497779,24.6,2,0,0,1,1,0,0,0,0,0,0
1,0.1287,50.45,10.4744671,22.71,702,6119.958333,6.559615237493242,70.5,1,1,0,0,1,0,0,0,0,0,0
1,0.074,136.66,11.35040654,2.39,782,6660.0,8.237479288613633,9.5,0,0,0,0,1,0,0,0,0,0,0
1,0.1531,870.39,11.73606902,8.14,777,2340.0,6.068425588244111,3.5,0,0,0,1,0,0,0,0,0,0,1
1,0.0859,177.02,10.93310697,18.06,742,3180.0,8.93022956502072,49.2,0,0,0,0,1,0,0,0,0,0,0
1,0.1565,559.78,12.05058774,19.45,682,10620.0,11.52310349267078,93.2,1,0,0,0,0,0,1,0,0,0,0
1,0.0774,202.93,11.36261407,16.39,752,5580.0,9.771383711902791,33.5,0,0,0,0,0,1,0,0,0,0,0
1,0.0859,189.67,10.62132735,13.23,747,2960.0,8.643473357326567,17.1,2,0,0,0,0,0,1,0,0,0,0
1,0.1253,481.92,11.01862914,3.29,742,1860.0,5.993961427306569,18.2,3,0,0,0,1,0,0,0,0,0,0
1,0.0774,174.83,10.30895266,6.68,762,2965.041667,7.132497551660044,7.3,1,0,0,0,1,0,0,0,0,0,0
1,0.1426,360.22,10.81977828,5.71,677,5565.0,8.875846177738598,56.3,2,0,0,0,0,1,0,0,0,0,0
1,0.1218,499.5,11.03488966,20.69,727,7355.0,4.844187086458591,2.2,2,0,0,0,0,1,0,0,0,0,0
1,0.1357,509.53,11.22524339,12.62,702,3929.958333,8.76795190976342,92.2,1,0,0,0,0,0,1,0,0,0,0
1,0.1357,203.82,10.54534144,4.83,697,2069.958333,7.396335293800808,90.5,0,0,0,0,0,0,1,0,0,0,0
1,0.1148,560.47,10.42975336,18.11,742,5460.0,9.665420700626543,28.6,0,0,0,0,0,0,1,0,0,0,0
1,0.0894,251.79,13.48700649,0.03,792,6270.0,6.763884908562435,30.2,2,0,0,0,0,0,0,0,1,0,0
1,0.0774,241.95,10.77895629,11.75,787,3421.041667,8.13622555490846,7.3,2,0,0,0,0,0,1,0,0,0,0
1,0.1148,494.53,10.75790288,4.98,742,4500.0,9.505320746909074,58.9,2,0,0,0,0,0,1,0,0,0,0
1,0.1496,190.55,10.858999,18.74,662,4080.0,9.273878392780171,58.2,2,0,0,0,0,0,1,0,0,0,0
1,0.2017,745.01,11.08214255,15.93,662,1560.0,8.42726848388825,95.2,0,0,0,0,0,1,0,0,0,0,0
1,0.1565,262.4,11.69524702,17.2,702,4830.0,10.55706195797625,82.9,2,0,0,0,0,0,0,0,0,0,1
1,0.1496,207.87,10.49127422,13.8,687,1319.958333,7.799753318287247,78.7,3,0,0,0,1,0,0,0,0,0,0
1,0.0894,158.86,11.38509209,22.09,727,8400.0,9.904387147778964,32.0,0,0,0,1,0,0,1,0,0,0,0
1,0.1218,133.2,11.00209984,11.52,692,7619.958333,9.791661737353872,73.6,1,1,0,0,0,0,1,0,0,0,0
1,0.1392,136.55,10.26813067,7.83,677,1709.958333,8.10892415597534,75.5,0,0,0,1,0,0,1,0,0,0,0
1,0.1496,166.3,10.91508846,0.0,677,7080.0,0.0,0.0,0,0,0,0,0,0,0,0,0,1,0
1,0.0894,222.41,11.1124479,3.89,752,3300.0,8.660080678964786,46.1,0,0,0,0,0,0,1,0,0,0,0
1,0.0894,317.72,10.15812977,0.0,797,4500.0,0.0,0.0,0,0,0,0,0,0,0,0,1,0,0
1,0.0894,222.41,11.91428215,1.24,727,3810.0,7.193685818395112,10.1,0,0,0,0,1,0,0,0,0,0,0
1,0.1496,259.84,10.79957558,17.51,662,2340.0,9.190749722211178,30.5,2,0,0,0,0,0,1,0,0,0,0
1,0.1218,279.72,10.46310334,24.69,702,2910.0,9.764914902672189,64.0,1,0,0,0,0,0,1,0,0,0,0
1,0.1287,282.52,11.40756495,14.99,687,4170.0,10.322296566735872,80.0,3,0,0,0,0,0,0,0,1,0,0
1,0.1148,441.78,10.46310334,20.5,727,5490.0,10.015744234881796,26.6,2,0,0,0,0,0,1,0,0,0,0
1,0.0894,457.51,11.19821472,18.05,747,6149.958333,11.130419760996974,8.4,2,0,0,0,0,0,1,0,0,0,0
1,0.1253,669.33,10.83958091,13.74,717,3752.0,8.858226439365012,39.9,1,1,0,0,1,0,0,0,0,0,0
1,0.1148,461.56,10.91508846,18.92,732,2970.0,9.174402265170553,41.6,1,0,0,0,0,0,1,0,0,0,0
1,0.1287,218.62,10.75363848,3.15,692,8729.958333,8.718172930028725,81.5,0,1,0,0,0,1,0,0,0,0,0
1,0.1253,836.66,11.66992921,12.64,732,7050.0,10.268894263398307,52.2,0,0,0,1,1,0,0,0,0,0,0
1,0.1565,839.67,11.91839057,15.76,682,3913.958333,10.929923335900263,87.3,0,0,0,0,0,0,1,0,0,0,0
1,0.1565,391.85,12.36734079,12.39,677,5459.958333,9.992185007297415,37.6,2,0,0,0,1,0,0,0,0,0,0
1,0.1565,104.96,10.30895266,1.68,667,1470.0,7.884199933676039,39.0,2,1,0,0,1,0,0,0,0,0,0
1,0.1114,647.87,10.30895266,2.0,792,5369.958333,8.54927308487965,17.9,1,0,0,0,0,0,1,0,0,0,0
1,0.1218,114.06,11.25257927,11.8,712,5910.0,11.059487858312968,90.2,0,0,0,0,0,1,0,0,0,0,0
1,0.0894,317.72,10.49127422,4.33,747,5250.0,9.093581811365986,32.4,1,0,0,0,1,0,0,0,0,0,0
1,0.1253,200.8,10.77745516,9.59,687,13109.95833,9.221873607789856,70.7,0,0,0,0,1,0,0,0,0,0,0
1,0.1253,811.56,11.6811481,0.4,737,5280.0,7.508787170634276,6.75,0,1,0,0,1,0,0,0,0,0,0
1,0.1357,186.83,10.51296069,11.19,807,15299.95833,10.375457996333441,0.0,0,0,0,0,0,0,0,0,0,0,1
1,0.1148,263.75,10.62619354,0.79,722,8999.958333,8.106816038947052,44.2,1,0,0,0,0,0,0,0,1,0,0
1,0.1704,517.28,10.32875529,12.98,672,3900.0,7.629489916393995,89.4,0,0,0,1,0,0,1,0,0,0,0
1,0.0774,46.83,9.903487553,3.42,807,4979.958333,7.451241684987676,8.6,0,0,0,0,0,0,0,1,0,0,0
1,0.1426,274.45,10.53209621,14.78,687,4110.0,8.514589805546123,83.1,3,0,0,0,1,0,0,0,0,0,0
1,0.0774,149.85,11.60823564,2.81,792,5520.0,6.539585955617669,0.8,0,0,0,0,0,0,0,0,1,0,0
1,0.1114,492.06,11.52781408,15.93,807,6270.0,0.0,0.0,2,0,0,0,0,1,0,0,0,0,0
1,0.1253,334.67,11.13458902,11.11,702,3690.0,9.534450801041515,52.2,1,1,0,0,1,0,0,0,0,0,0
1,0.1531,870.39,11.60823564,2.69,757,8130.0,9.344696424475261,16.3,3,0,0,0,0,0,0,0,0,0,1
1,0.0894,293.89,10.08580911,22.25,737,12930.0,8.815666824946216,28.2,0,0,0,1,0,0,1,0,0,0,0
1,0.1322,709.82,11.15944541,20.59,712,4890.0,9.903287532533462,67.3,2,0,0,0,0,0,1,0,0,0,0
1,0.1114,360.84,11.38509209,8.35,762,5223.0,8.388905171114706,48.9,0,0,0,0,1,0,0,0,0,0,0
1,0.1183,99.41,10.84894866,9.43,692,5765.958333,8.61122983334262,70.9,2,0,0,0,0,0,1,0,0,0,0
1,0.1114,262.43,12.07254125,15.13,722,9630.0,10.54817951282667,69.9,0,0,0,0,0,0,1,0,0,0,0
1,0.0774,124.88,11.15625052,5.76,797,7259.958333,6.716594773520978,1.4,0,0,0,0,0,0,0,0,0,1,0
1,0.1461,344.76,11.00209984,14.32,742,11312.0,10.622887104240139,61.3,4,0,0,1,0,0,0,0,0,0,1
1,0.1426,82.34,10.54006438,21.05,667,2580.0,9.004422601327041,62.6,0,0,0,0,0,0,1,0,0,0,0
1,0.1287,168.17,10.67359577,14.89,682,2429.958333,9.748236267264836,75.8,3,0,0,0,1,0,0,0,0,0,0
1,0.1531,261.12,10.40426284,14.76,747,12002.95833,10.080629049288541,12.6,5,0,0,0,0,0,1,0,0,0,0
1,0.1148,49.46,9.287301413,6.44,797,8939.958333,7.92443418488756,9.0,5,0,0,1,0,0,0,1,0,0,0
1,0.1218,49.95,10.59663473,22.23,692,2220.0,8.82981174915805,55.1,2,0,0,0,1,0,0,0,0,0,0
1,0.0859,347.72,10.20359214,24.49,767,6000.0,8.59452453435256,19.4,1,0,0,0,0,0,1,0,0,0,0
1,0.1461,55.17,8.699514748,5.0,677,8369.958333,5.91350300563827,3.0,1,1,0,0,0,0,0,0,0,1,0
1,0.1287,33.64,10.31011865,23.81,692,3989.958333,9.806701283848437,91.2,0,0,0,0,0,0,1,0,0,0,0
1,0.1947,184.49,10.46310334,1.78,667,7619.958333,8.342601680684194,44.2,0,1,0,1,0,0,0,0,0,0,1
1,0.1148,824.22,11.09741002,5.89,782,4380.0,8.182559264068665,9.4,2,0,0,0,0,1,0,0,0,0,0
1,0.0859,221.28,10.81977828,6.17,742,4272.958333,8.836664586357426,28.2,0,0,0,0,0,0,0,0,0,1,0
1,0.1357,67.94,10.49127422,7.83,667,3509.958333,7.490529402060711,34.4,0,0,0,0,0,0,0,0,0,1,0
1,0.1426,514.59,10.89673933,7.4,697,1500.0,7.220373836723949,21.0,1,0,0,0,0,0,1,0,0,0,0
1,0.0774,156.1,10.81977828,4.51,772,4320.958333,6.834108738813838,2.0,2,0,0,0,0,0,1,0,0,0,0
1,0.1357,424.61,10.62132735,23.94,687,3000.0,9.009569671513699,83.5,2,0,0,0,0,0,1,0,0,0,0
1,0.0705,95.79,11.28978191,10.56,772,12689.95833,8.590257762273243,18.8,0,0,0,0,1,0,0,0,0,0,0
1,0.0774,112.39,11.60823564,7.78,742,5429.958333,9.661161181805145,67.7,0,0,0,0,0,0,1,0,0,0,0
1,0.1218,807.53,11.15625052,10.29,787,4656.958333,6.934397209928558,14.5,0,0,0,0,0,0,0,0,1,0,0
1,0.0894,571.89,11.69524702,3.44,797,7529.958333,9.990032153936314,43.6,0,0,0,0,0,0,0,0,1,0,0
1,0.1982,556.1,10.68464561,5.22,667,1590.0,9.424725681616493,98.3,1,0,0,0,0,0,1,0,0,0,0
1,0.1392,204.83,11.4050284,10.35,697,3690.0,9.166701914946353,96.7,1,0,0,0,0,1,0,0,0,0,0
1,0.0859,173.86,10.3859137,17.37,772,9806.0,9.558458813231795,18.4,5,0,0,0,0,0,1,0,0,0,0
1,0.1218,239.76,11.61728548,22.39,707,8969.958333,10.534546540782651,77.2,0,0,0,0,1,0,0,0,0,0,0
1,0.0774,156.1,11.22524339,2.34,792,4619.958333,0.0,0.0,0,0,0,0,1,0,0,0,0,0,0
1,0.1531,382.97,10.81977828,22.9,662,2610.0,10.21456871841614,80.0,0,0,0,0,0,0,1,0,0,0,0
1,0.1635,247.31,10.34817337,17.19,662,10620.0,0.0,33.29,0,3,0,0,0,0,0,0,1,0,0
1,0.1357,339.69,11.60823564,16.12,687,3330.0,7.368339686311381,49.5,1,0,0,0,1,0,0,0,0,0,0
1,0.1357,679.37,11.31447453,12.34,702,4200.0,10.101846487027707,36.6,0,0,0,0,0,0,1,0,0,0,0
1,0.1531,870.39,11.72737243,16.65,707,10590.0,10.606931538573441,85.6,0,0,0,0,0,1,0,0,0,0,0
1,0.1531,348.16,10.59663473,14.31,672,2789.958333,6.8885724595653635,32.7,3,0,0,1,1,0,0,0,0,0,0
1,0.1322,338.01,11.00209984,18.02,692,4589.958333,9.322686431807721,42.7,2,0,0,0,1,0,0,0,0,0,0
1,0.167,88.76,11.8913619,24.12,682,10710.0,10.219538399038353,56.8,1,0,0,0,1,0,0,0,0,0,0
1,0.1287,470.87,10.96819829,4.3,707,3239.958333,9.077151777732437,53.0,0,0,0,0,0,0,1,0,0,0,0
1,0.0894,317.72,11.05089001,13.64,737,3989.958333,9.242517103671403,27.8,1,0,0,0,0,0,1,0,0,0,0
1,0.1392,348.2,11.00209984,9.48,682,6570.0,9.819779803462643,71.6,2,0,0,0,0,1,0,0,0,0,0
1,0.0859,347.72,9.952277717,16.46,752,3629.958333,8.38320455141292,21.1,1,0,0,1,0,0,1,0,0,0,0
1,0.1461,379.23,10.71441777,12.0,672,8639.958333,9.139059169971219,40.5,0,0,0,0,0,0,1,0,0,0,0
1,0.1148,593.44,11.35040654,19.71,737,4050.0,8.166216268592143,12.1,0,0,0,0,0,0,1,0,0,0,0
1,0.0774,93.66,11.35035948,11.38,762,4474.0,5.583496308781699,3.3,1,0,0,0,1,0,0,0,0,0,0
1,0.1183,596.41,10.59663473,12.42,737,3750.0,8.943636705909594,36.0,0,0,0,0,0,0,1,0,0,0,0
1,0.1183,265.08,10.91508846,17.72,712,3705.0,9.974458466406707,85.5,0,0,0,0,1,0,0,0,0,0,0
1,0.1496,519.68,11.39414193,21.57,707,3599.958333,9.526974266377731,87.4,0,0,0,1,0,1,0,0,0,0,0
1,0.1461,299.94,10.25132355,11.27,687,1170.0,8.14060704285845,71.5,1,0,0,0,0,0,1,0,0,0,0
1,0.074,155.3,11.1844214,14.22,782,5759.958333,7.468513271496337,6.1,0,0,0,0,0,0,0,0,0,1,0
1,0.0774,156.1,11.11346857,1.81,777,7199.958333,8.479491324232226,23.5,0,0,0,0,0,0,0,0,1,0,0
1,0.1114,623.27,10.90753272,19.83,777,5730.958333,10.428511895701932,22.1,1,0,0,0,0,0,1,0,0,0,0
1,0.2017,447.01,11.22524339,11.25,672,4530.0,8.208764045819667,79.8,0,0,0,0,0,0,0,0,0,0,1
1,0.1947,258.28,11.00209984,17.08,667,1590.0,9.536762272743895,88.5,0,0,0,0,0,0,1,0,0,0,0
1,0.1461,68.96,10.08580911,14.86,692,1349.958333,5.568344503761097,87.0,0,0,0,0,0,0,0,1,0,0,0
1,0.1253,234.27,11.47210347,21.43,692,4740.0,10.864082209966808,82.8,1,0,0,0,0,0,0,0,1,0,0
1,0.1635,706.59,11.40756495,17.43,677,4410.0,9.562334377396374,74.8,0,0,0,0,0,0,1,0,0,0,0
1,0.0774,124.88,10.71441777,19.63,757,4201.0,8.136810863675537,15.3,1,0,0,0,0,0,0,0,0,1,0
1,0.1218,499.5,11.59542669,12.25,727,6035.0,10.109444252427517,87.4,1,0,0,0,1,0,0,0,0,0,0
1,0.1704,74.92,10.45045222,6.32,687,1950.0,9.094255892955381,79.5,1,0,0,0,0,0,0,0,0,0,1
1,0.0859,316.11,11.39075783,8.83,762,7229.958333,11.229726660968215,32.6,0,0,0,0,0,0,0,1,0,0,0
1,0.0774,218.54,11.28499548,2.19,797,7259.958333,0.0,0.0,0,0,0,0,0,1,0,0,0,0,0
1,0.1461,861.88,11.62625415,16.66,712,9120.0,11.09505877414432,48.9,1,0,0,0,0,0,0,0,1,0,0
1,0.0859,202.31,11.02179789,7.9,747,2759.958333,8.597666575566114,8.2,1,0,0,0,0,0,1,0,0,0,0
1,0.1114,131.22,9.798127037,2.8,742,2250.0,7.666690200080086,46.4,1,0,0,0,0,0,0,0,0,1,0
1,0.0894,460.69,11.51292546,6.54,762,6930.0,8.931155429778348,30.0,0,0,0,0,0,0,1,0,0,0,0
1,0.1287,210.21,10.21504483,23.73,692,3239.958333,9.123365357961776,73.9,2,0,0,0,0,0,1,0,0,0,0
1,0.1148,494.53,12.15477935,6.35,767,7229.958333,6.300785794663244,2.7,2,1,0,0,1,0,0,0,0,0,0
1,0.1183,248.51,10.30895266,22.52,712,3599.958333,9.223454011121566,39.6,0,0,0,0,1,0,0,0,0,0,0
1,0.0894,114.38,10.46310334,23.92,722,2250.0,9.00601857490256,57.0,1,0,0,0,0,0,1,0,0,0,0
1,0.1253,160.64,9.505990614,2.05,717,3090.0,7.349230824613334,23.9,2,0,0,0,1,0,0,0,0,0,0
1,0.1114,500.26,11.59910316,8.69,752,3899.958333,8.509967146324497,14.2,1,0,0,0,0,0,1,0,0,0,0
1,0.0859,113.8,11.00209984,2.9,742,3629.958333,8.263848131368906,25.0,4,0,0,0,0,1,0,0,0,0,0
1,0.1114,131.22,10.69194491,22.96,717,5490.0,9.524786081697178,83.5,0,0,0,0,0,0,1,0,0,0,0
1,0.0894,381.26,10.30895266,12.56,802,4349.958333,7.748028524432376,4.8,0,0,0,0,1,0,0,0,0,0,0
1,0.1565,510.8,11.48246626,18.73,662,4440.041667,10.357298281574574,58.6,0,0,0,1,0,0,1,0,0,0,0
1,0.1114,459.25,10.6666271,14.21,747,3720.0,9.578311275656766,68.8,0,0,0,0,0,1,0,0,0,0,0
1,0.1218,499.5,11.22524339,12.22,712,2849.958333,9.628524252492122,83.0,1,0,0,0,0,0,1,0,0,0,0
1,0.1287,437.24,10.08580911,10.8,702,2640.0,9.151121012316212,38.6,0,0,0,1,1,0,0,0,0,0,0
1,0.1426,720.43,11.01862914,18.85,692,5459.958333,9.79929302351827,34.9,0,0,0,0,0,0,1,0,0,0,0
1,0.1426,626.08,10.858999,23.12,687,3627.0,9.538420349034803,69.4,0,0,0,1,0,0,1,0,0,0,0
1,0.1114,393.65,10.85417971,24.7,737,3240.958333,9.127067452782361,26.8,1,0,0,0,0,0,0,0,0,1,0
1,0.1287,94.18,11.52132013,0.88,777,6918.0,7.943782692458625,9.5,0,0,0,0,0,0,0,0,0,0,1
1,0.1635,538.77,10.91508846,23.21,677,3660.0,10.454955954764136,96.7,1,0,0,0,0,0,1,0,0,0,0
1,0.1426,51.46,10.81977828,24.43,667,4229.958333,10.19129461717606,92.6,0,1,0,0,1,0,0,0,0,0,0
1,0.1496,691.17,11.20612853,10.29,707,1531.0,9.438352054687252,53.0,0,0,0,0,1,0,0,0,0,0,0
1,0.1461,655.03,11.38736224,5.56,792,9636.0,9.592468614719909,44.3,3,0,0,0,0,0,0,0,0,0,1
1,0.1531,389.94,10.84544603,3.16,722,4319.958333,8.328209491748732,98.5,0,0,0,0,0,0,1,0,0,0,0
1,0.1148,395.63,12.20607265,6.11,737,6960.0,7.963807953231451,4.7,1,0,0,0,0,0,1,0,0,0,0
1,0.0894,308.19,11.17043516,8.15,762,3420.0,8.847072312567807,30.9,4,0,0,0,0,0,0,0,0,1,0
1,0.0894,476.58,11.5228758,3.07,772,6869.958333,9.521421537856195,20.7,1,0,0,0,0,0,1,0,0,0,0
1,0.1148,52.75,11.12726298,9.21,702,3149.958333,7.945555428253489,40.3,0,0,0,0,0,0,1,0,0,0,0
1,0.0774,156.1,12.20607265,2.52,762,9270.0,9.775938231589153,36.1,2,0,0,0,0,0,1,0,0,0,0
1,0.0894,292.3,11.12726298,17.81,752,9300.0,10.560541125447834,65.4,1,0,0,0,0,0,1,0,0,0,0
1,0.1148,659.37,11.15625052,6.84,752,3480.0,8.576216531865699,26.6,1,0,0,0,0,0,1,0,0,0,0
1,0.1496,519.68,11.1124479,13.81,687,2640.0,9.489334816030398,96.5,0,0,0,0,0,0,1,0,0,0,0
1,0.1183,198.81,10.98529272,20.4,702,1980.0,8.892748769118258,30.1,0,0,0,0,0,0,1,0,0,0,0
1,0.16,421.89,10.89673933,11.2,702,3945.958333,8.597666575566114,33.9,3,0,0,1,0,0,0,0,0,0,1
1,0.0859,110.64,10.46310334,16.63,722,1860.0,8.058327306580958,17.4,0,0,0,0,0,0,1,0,0,0,0
1,0.1148,197.82,10.46253175,1.61,742,5369.958333,7.563719668414366,6.0,4,3,0,1,0,0,1,0,0,0,0
1,0.0894,413.03,10.86145751,18.99,747,3209.958333,9.574010790427302,50.3,1,0,0,0,0,1,0,0,0,0,0
1,0.1392,68.28,10.82480563,1.58,757,1590.0,7.668093709082406,14.4,0,0,0,0,0,0,0,0,0,0,1
1,0.1774,792.47,11.07906088,22.81,662,9329.958333,9.335121088873489,39.9,2,1,0,0,0,0,1,0,0,0,0
1,0.1739,645.26,11.35040654,23.48,667,6124.958333,9.338733586744581,91.7,1,0,0,0,0,1,0,0,0,0,0
1,0.1392,136.55,10.10821619,4.16,682,1379.958333,7.934513463882263,35.8,1,0,0,0,0,0,1,0,0,0,0
1,0.1183,198.81,10.82972862,7.96,702,3149.958333,9.724480496710003,74.6,3,0,0,0,0,0,1,0,0,0,0
1,0.1148,428.59,11.22524339,9.81,722,2879.958333,9.556267767368151,67.6,3,0,0,0,0,0,1,0,0,0,0
1,0.1322,473.21,10.78518684,4.57,717,2550.0,7.569411792450712,84.2,1,0,0,0,1,0,0,0,0,0,0
1,0.167,647.9,10.93310697,23.72,707,6929.958333,10.214605350465526,99.3,2,0,0,0,0,0,1,0,0,0,0
1,0.1496,836.68,11.69524702,20.15,702,4324.958333,11.140469510469009,92.9,0,0,0,0,0,0,1,0,0,0,0
1,0.1392,170.69,10.30895266,18.04,672,1950.0,8.95789673495042,42.9,1,0,0,0,0,0,0,0,0,1,0
1,0.0894,95.32,10.37349118,6.9,732,3450.0,9.327945614050446,57.7,1,0,0,0,1,0,0,0,0,0,0
1,0.1287,336.34,11.31447453,12.67,697,3959.958333,10.431081793877356,72.7,3,0,0,0,0,1,0,0,0,0,0
1,0.1357,288.74,9.903487553,14.94,692,1381.958333,8.40200678160712,40.5,3,0,0,0,0,0,1,0,0,0,0
1,0.1565,384.85,10.42228135,11.36,682,2879.958333,9.297343415597757,92.4,1,0,0,0,0,0,1,0,0,0,0
1,0.1218,166.5,10.59663473,5.64,697,2730.0,8.386856689688234,43.9,0,0,0,0,1,0,0,0,0,0,0
1,0.1218,299.7,10.81977828,19.42,707,3989.958333,8.457867725331422,77.2,3,0,0,0,0,0,1,0,0,0,0
1,0.1392,477.92,10.89673933,15.0,682,3853.041667,9.813070382411665,52.7,0,0,0,1,0,0,1,0,0,0,0
1,0.1253,400.76,10.6454249,22.74,702,3030.0,9.889490042892275,67.1,1,0,0,0,1,0,0,0,0,0,0
1,0.1253,501.16,10.30895266,16.08,712,3629.958333,8.75273950944749,66.6,1,0,0,1,0,0,1,0,0,0,0
1,0.1322,229.85,11.25392155,10.59,707,4860.0,9.280892027927127,95.8,0,0,0,0,0,0,1,0,0,0,0
1,0.1531,844.28,11.82041016,5.99,682,3930.958333,8.787067645218054,63.0,0,0,0,1,0,0,1,0,0,0,0
1,0.1183,596.41,11.18191827,19.31,722,3720.041667,9.202207388745993,21.1,1,0,0,0,0,0,1,0,0,0,0
1,0.0859,455.19,11.12726298,7.82,802,8160.0,7.969011781106478,14.5,1,0,0,0,1,0,0,0,0,0,0
1,0.1392,273.1,10.30895266,20.16,697,1409.958333,7.562161631225652,76.9,1,0,0,1,0,0,0,0,1,0,0
1,0.1183,828.35,12.75995776,4.87,812,6660.0,11.76931035006424,4.6,0,0,0,0,1,0,0,0,0,0,0
1,0.1461,379.23,10.91508846,19.03,692,4720.958333,9.221577003902171,53.5,1,0,1,0,0,0,1,0,0,0,0
1,0.1253,324.63,11.15625052,9.89,707,7083.0,10.103485294343026,45.6,0,0,0,0,0,0,1,0,0,0,0
1,0.1218,399.6,11.15625052,7.41,712,4112.0,9.589529948672084,29.3,0,0,0,0,0,0,1,0,0,0,0
1,0.1253,267.74,10.69194491,20.75,697,4020.0,8.780941113572387,62.0,1,0,0,0,0,1,0,0,0,0,0
1,0.1183,115.97,10.66895539,23.79,707,2580.0,8.178919332848396,57.5,1,0,0,0,0,0,1,0,0,0,0
1,0.1148,296.72,11.60823564,11.02,712,8830.0,10.5654536156125,38.5,1,0,0,0,1,0,0,0,0,0,0
1,0.1565,122.46,9.392661929,12.0,662,9479.958333,7.776535028185241,95.3,0,1,0,0,0,0,0,1,0,0,0
1,0.1114,209.95,9.957975738,20.34,722,6932.0,7.878534196140362,12.2,1,0,0,0,0,0,1,0,0,0,0
1,0.0859,56.9,10.08580911,8.95,722,1860.0,7.390798521735676,17.1,0,0,0,0,1,0,0,0,0,0,0
1,0.1253,158.97,9.472396897,11.63,697,4140.0,8.516593011344206,38.4,3,0,0,0,0,0,1,0,0,0,0
1,0.1392,150.21,9.906682443,17.58,677,1750.958333,9.147507062804614,83.8,0,0,0,0,0,0,1,0,0,0,0
1,0.1392,716.88,11.35040654,18.59,702,2973.0,10.169345706257875,89.7,2,0,0,0,0,0,1,0,0,0,0
1,0.1496,528.34,10.98529272,24.08,677,5039.958333,10.009692711382444,84.2,0,0,0,0,0,0,1,0,0,0,0
1,0.0774,187.32,10.30895266,14.75,767,7860.0,8.929700114313448,15.8,2,0,0,0,1,0,0,0,0,0,0
1,0.1392,681.89,11.73606902,14.16,692,3629.958333,9.064389316491878,41.9,0,0,0,1,1,0,0,0,0,0,0
1,0.1183,563.28,10.91508846,12.7,737,2250.0,8.201111644442758,52.1,1,0,0,0,0,0,1,0,0,0,0
1,0.1774,180.11,10.71441777,10.35,667,4289.958333,8.027150106832774,78.5,0,0,0,0,0,0,0,0,0,0,1
1,0.1218,106.56,10.6454249,20.91,697,3240.958333,6.881411303642535,48.6,3,0,0,0,0,0,1,0,0,0,0
1,0.1461,289.6,10.92593848,20.2,667,2220.0,10.036793919844353,78.2,1,0,0,0,1,0,0,0,0,0,0
1,0.1218,59.94,10.96819829,4.43,697,11790.0,9.06566136060674,50.3,1,0,1,0,0,1,0,0,0,0,0
1,0.1183,101.89,10.1266311,12.91,697,3780.0,9.851615143125416,60.7,2,0,0,0,0,0,0,0,0,1,0
1,0.1739,716.95,11.62625415,8.88,667,4200.0,9.94059064048763,89.5,2,0,0,0,0,0,1,0,0,0,0
1,0.1531,278.53,10.62132735,8.2,662,1860.0,8.984693690443855,48.7,0,1,0,0,0,0,1,0,0,0,0
1,0.1253,83.67,9.761463053,16.32,692,7320.0,7.1276936993473985,31.1,0,0,0,0,1,0,0,0,0,0,0
1,0.1496,692.9,10.89673933,11.78,682,1709.958333,10.13527364923168,59.9,1,0,0,0,0,0,1,0,0,0,0
1,0.1218,499.5,12.07539432,10.19,717,3840.0,9.868689046993433,72.1,2,0,0,0,0,0,0,0,1,0,0
1,0.1253,87.02,10.61624126,13.54,687,2159.958333,9.19502366786429,24.1,1,0,0,0,0,0,0,0,0,1,0
1,0.0894,158.86,9.729134165,14.93,732,3569.958333,8.71768205216564,43.9,1,0,0,0,0,0,0,1,0,0,0
1,0.1461,275.81,11.65268741,13.36,677,4349.958333,7.9672801789422,96.8,2,0,0,1,0,0,1,0,0,0,0
1,0.1392,307.24,11.35040654,9.19,677,2069.958333,3.713572066704308,1.0,2,0,0,0,0,1,0,0,0,0,0
1,0.1218,90.75,10.81977828,1.92,727,3209.958333,0.0,0.0,3,0,0,1,1,0,0,0,0,0,0
1,0.1183,497.01,11.38509209,19.7,732,6481.958333,10.39592514798884,41.9,2,0,0,0,0,0,1,0,0,0,0
1,0.1287,336.34,11.04132055,13.63,712,2340.0,8.582793648500186,86.1,1,0,0,0,1,0,0,0,0,0,0
1,0.0774,280.97,10.9156156,11.88,777,11249.95833,9.0831885863157,8.4,3,1,0,1,0,0,1,0,0,0,0
1,0.1114,147.62,10.37349118,12.98,727,2069.958333,9.258368340986765,27.0,3,0,0,1,0,1,0,0,0,0,0
1,0.1148,329.69,10.39352663,18.19,782,2160.958333,0.0,0.0,0,0,0,0,0,0,0,0,0,1,0
1,0.0894,57.19,11.21182037,13.28,717,4980.958333,10.455992403293607,76.5,1,0,0,0,0,1,0,0,0,0,0
1,0.1148,316.5,10.97382039,10.99,717,3660.0,8.39660622842712,17.3,2,0,0,0,0,0,0,0,0,1,0
1,0.0894,381.26,10.37349118,18.56,757,4739.958333,9.716495104092274,38.3,1,0,0,0,1,0,0,0,0,0,0
1,0.0894,444.81,11.2515607,15.8,752,9779.958333,7.519149957669823,5.0,0,0,0,0,0,0,0,0,1,0,0
1,0.0894,245.44,10.77895629,16.63,732,3629.958333,9.639261556120688,35.5,2,0,0,0,1,0,0,0,0,0,0
1,0.1496,415.74,10.59778407,19.78,687,1170.0,8.054522609537294,73.2,0,0,0,0,0,0,1,0,0,0,0
1,0.1913,918.02,11.90496755,18.54,662,4890.0,10.737092085791328,77.4,1,1,0,1,0,1,0,0,0,0,0
1,0.1531,515.27,11.00209984,15.5,672,3629.958333,8.887100204123687,45.0,1,1,0,1,0,0,1,0,0,0,0
1,0.16,703.15,10.56874953,8.14,757,1439.958333,7.659642954564682,13.5,3,0,0,0,0,0,0,0,0,0,1
1,0.1357,509.53,11.30220443,0.81,752,4770.0,6.889591308354466,1.1,7,1,0,1,0,1,0,0,0,0,0
1,0.0859,240.24,11.22524339,10.5,757,14400.0,9.469082700530256,27.2,0,0,0,0,0,0,0,0,0,1,0
1,0.1426,329.34,10.81977828,19.61,682,3150.958333,8.366835309827675,93.5,0,1,0,0,0,0,1,0,0,0,0
1,0.1565,139.95,10.91508846,10.82,697,7949.958333,6.0063531596017325,6.2,1,0,0,0,0,0,0,0,0,0,1
1,0.1322,642.22,11.47210347,10.95,712,4319.958333,9.868119408698337,41.8,2,1,0,0,0,1,0,0,0,0,0
1,0.1565,227.41,9.903487553,18.9,727,2429.958333,3.2188758248682006,6.0,0,0,0,0,0,0,0,0,0,0,1
1,0.1565,209.92,10.48893816,22.89,682,2519.958333,8.521185212685776,98.4,1,0,0,0,0,0,1,0,0,0,0
1,0.1148,395.63,10.30895266,2.8,732,5250.0,9.050992878742049,15.6,2,0,0,0,0,0,0,0,0,1,0
1,0.1392,85.35,10.6454249,21.17,667,2519.958333,9.919557732713622,78.8,3,0,0,0,1,0,0,0,0,0,0
1,0.1148,494.53,10.727663,8.84,737,4410.0,9.53387209732166,56.4,0,0,0,0,0,0,1,0,0,0,0
1,0.1183,530.15,12.22587527,6.29,727,7559.958333,10.644900950505562,25.4,1,0,0,0,1,0,0,0,0,0,0
1,0.0774,206.05,14.12446477,0.62,782,4709.958333,3.044522437723423,0.1,2,0,0,0,0,0,1,0,0,0,0
1,0.1357,543.5,11.00209984,18.58,697,2524.958333,10.089552095608918,60.2,0,0,0,0,0,0,1,0,0,0,0
1,0.1253,803.2,11.00209984,17.9,732,4649.958333,10.193017915845527,39.8,1,0,0,0,0,0,1,0,0,0,0
1,0.167,710.03,11.69524702,3.88,692,4650.958333,9.724719673941472,99.0,1,0,0,0,0,0,1,0,0,0,0
1,0.1114,68.89,9.574983486,6.75,712,3149.958333,7.721791776817535,53.7,0,0,0,0,0,1,0,0,0,0,0
1,0.0774,249.75,10.23995979,16.5,772,6720.0,8.980172205725008,25.1,0,0,0,0,0,0,1,0,0,0,0
1,0.1287,840.83,13.71015004,1.16,747,4890.0,10.332245920613584,44.0,1,0,0,0,1,0,0,0,0,0,0
1,0.1392,327.72,11.19821472,13.55,682,8430.0,6.428105272684596,1.8,0,1,0,0,0,0,1,0,0,0,0
1,0.1183,157.39,9.862665558,22.69,717,3330.0,9.30782999325344,79.3,0,0,0,0,0,0,1,0,0,0,0
1,0.1322,253.51,11.19821472,11.74,682,4384.0,9.955890231329176,59.8,2,1,0,0,1,0,0,0,0,0,0
1,0.1531,452.6,10.42821608,20.52,712,1200.0,7.532623618788788,66.7,1,0,0,0,1,0,0,0,0,0,0
1,0.0705,92.7,10.59663473,9.48,772,6179.958333,7.190676034332207,18.2,0,0,0,0,0,0,1,0,0,0,0
1,0.1114,196.83,10.77895629,8.82,722,3239.958333,8.213110697596676,32.1,0,0,0,0,0,0,1,0,0,0,0
1,0.1183,397.61,10.59663473,17.61,722,2190.0,8.907070776182689,35.0,0,0,0,0,0,0,1,0,0,0,0
1,0.1357,285.34,10.81977828,5.78,682,4380.958333,8.227909837597483,83.2,2,1,0,1,0,0,1,0,0,0,0
1,0.1496,242.52,10.6454249,3.71,667,1920.0,7.466227556215481,43.7,0,0,0,0,0,0,0,0,0,1,0
1,0.1322,283.93,10.81977828,12.5,707,2580.0,8.287276755814599,92.4,3,0,0,0,0,0,0,0,0,1,0
1,0.1531,522.23,11.62625415,12.15,672,5369.958333,10.541650424763313,82.5,1,1,0,0,0,0,1,0,0,0,0
1,0.1392,187.76,11.29177992,21.48,677,6630.0,11.045813650395022,84.5,1,0,0,0,0,0,1,0,0,0,0
1,0.1322,219.71,10.59663473,8.64,757,3209.958333,8.820404065485645,18.8,6,0,0,1,1,0,0,0,0,0,0
1,0.074,77.65,10.81174611,1.33,797,7589.958333,7.520234556474628,2.9,0,0,0,0,0,0,0,0,1,0,0
1,0.1426,34.31,10.71441777,24.61,662,2554.0,8.875426919818963,53.4,0,1,0,0,0,0,1,0,0,0,0
1,0.1635,556.44,10.77895629,18.13,717,1620.0,8.60922527686273,99.7,0,0,0,0,0,0,1,0,0,0,0
1,0.1496,866.13,11.17504424,8.73,702,5069.958333,9.037771106624906,24.5,1,1,0,0,1,0,0,0,0,0,0
1,0.1183,198.81,10.71441777,23.15,702,3632.0,9.47500967011889,58.7,0,0,0,0,0,0,1,0,0,0,0
1,0.1322,507.01,10.3809632,15.63,707,14879.95833,9.581214035314728,89.4,0,0,0,0,0,0,1,0,0,0,0
1,0.1287,201.8,10.96819829,18.12,687,3480.0,8.729882284826589,85.9,1,0,0,0,0,1,0,0,0,0,0
1,0.0894,190.63,10.30895266,14.72,757,2099.958333,4.976733742420574,5.8,0,0,0,0,1,0,0,0,0,0,0
1,0.1426,41.17,8.476371197,13.75,702,2580.0,0.0,36.5,0,0,0,1,1,0,0,0,0,0,0
1,0.0894,174.75,11.28978191,9.29,742,3090.0,8.861917004235215,49.3,4,0,0,0,0,0,1,0,0,0,0
1,0.1183,414.18,10.91508846,1.07,737,3569.958333,7.628031126930335,11.4,0,0,0,0,0,0,0,0,1,0,0
1,0.1357,407.63,11.60823564,10.46,677,8339.958333,8.890135107818843,59.0,0,0,1,0,0,0,1,0,0,0,0
1,0.1253,70.28,11.12726298,8.33,682,5429.958333,9.30782999325344,72.0,3,0,1,0,0,0,1,0,0,0,0
1,0.1253,167.34,9.700146629,4.85,722,1110.0,7.116394144093465,11.8,3,0,0,1,1,0,0,0,0,0,0
1,0.1635,551.14,11.42954386,14.45,662,4020.0,10.029679577773887,84.0,0,0,0,0,0,0,1,0,0,0,0
1,0.1357,203.82,10.4341158,20.79,682,2310.0,8.691314551644853,57.8,0,0,0,0,0,0,1,0,0,0,0
1,0.1565,279.89,10.1266311,7.34,672,2160.958333,8.810907036099737,97.2,1,0,0,0,0,1,0,0,0,0,0
1,0.1565,699.73,10.858999,0.35,797,9690.041667,3.6888794541139363,0.6,1,0,0,0,0,0,0,0,0,0,1
1,0.1322,135.21,9.76995616,14.13,677,5759.958333,9.197761589769323,62.5,1,0,0,0,0,0,1,0,0,0,0
1,0.1183,298.21,11.1844214,19.5,737,4500.0,9.464517365870565,90.8,1,0,0,0,0,1,0,0,0,0,0
1,0.1461,165.49,10.93310697,8.81,662,8220.0,8.69851424787661,70.5,0,1,1,0,0,0,1,0,0,0,0
1,0.1531,269.82,11.75978554,24.08,712,8279.958333,10.574440247586304,74.9,3,0,0,0,0,0,0,0,0,0,1
1,0.1183,828.35,11.49272276,4.87,767,9630.041667,8.052933036797567,8.6,3,0,0,0,0,0,0,1,0,0,0
1,0.1218,249.75,10.50012383,13.02,707,4140.0,8.784009071186633,42.7,1,0,0,1,0,0,1,0,0,0,0
1,0.1253,108.77,10.23995979,22.54,687,4110.041667,8.734238184268579,58.0,2,0,0,0,0,0,1,0,0,0,0
1,0.1148,304.96,10.23995979,18.9,717,3724.0,9.722205455316836,24.9,0,1,0,0,0,0,1,0,0,0,0
1,0.1287,121.08,11.23843599,1.58,692,3391.0,9.403931521028369,85.5,3,0,0,0,0,0,1,0,0,0,0
1,0.2086,827.33,11.81303006,12.78,672,10169.95833,11.043785462691345,44.2,2,0,0,0,0,0,1,0,0,0,0
1,0.074,217.42,10.60221911,8.89,772,9089.958333,9.547883463598888,14.1,2,0,0,0,0,1,0,0,0,0,0
1,0.0894,381.26,11.34332268,5.52,792,5280.0,7.57095858316901,2.4,1,0,0,0,0,0,1,0,0,0,0
1,0.1565,69.98,10.45737267,20.41,702,2549.958333,5.480638923341991,9.2,0,0,0,0,0,0,0,0,0,0,1
1,0.06,190.14,10.52942598,10.3,747,2160.958333,6.298949246855942,0.9,6,0,0,0,0,0,0,0,1,0,0
1,0.1704,713.49,11.73606902,9.66,667,3644.0,10.37726530082638,68.5,1,0,0,0,0,0,1,0,0,0,0
1,0.1461,577.46,11.65268741,10.12,747,3903.0,8.754949455098293,21.4,0,0,0,0,0,0,0,0,0,0,1
1,0.1496,207.87,10.81977828,19.58,702,2849.958333,9.568504206966335,99.3,0,0,0,0,1,0,0,0,0,0,0
1,0.1322,84.51,11.08214255,19.68,677,5399.958333,9.915514932748847,66.4,1,0,0,0,1,0,0,0,0,0,0
1,0.1183,397.61,11.71993963,15.88,722,7442.0,10.743696057004223,49.8,2,0,0,0,1,0,0,0,0,0,0
1,0.0894,152.51,11.3736634,10.54,732,4140.0,10.236453649828054,40.9,1,0,0,0,0,0,1,0,0,0,0
1,0.1114,377.25,11.88448902,3.32,757,4200.0,9.3487971151232,52.0,0,0,0,0,0,0,1,0,0,0,0
1,0.1496,173.23,10.6281334,4.22,667,1470.0,8.540323608805092,39.7,2,0,0,0,1,0,0,0,0,0,0
1,0.0859,316.11,11.23321156,4.75,752,5220.0,10.002382209510342,19.8,2,0,0,0,0,0,0,0,1,0,0
1,0.1218,333.0,10.4341158,22.34,712,7470.0,9.854034668816597,26.3,1,1,0,0,0,1,0,0,0,0,0
1,0.1183,165.67,11.39526742,5.66,702,5970.0,9.099520536870939,31.1,2,0,0,1,0,0,0,0,0,1,0
1,0.0894,413.03,11.40756495,8.77,747,4589.958333,9.495444123413163,54.3,2,0,0,0,0,0,1,0,0,0,0
1,0.0788,50.05,10.727663,7.74,717,3519.041667,9.276596167753247,26.3,0,0,0,0,0,0,0,0,0,0,1
1,0.1322,253.51,10.83295114,3.88,682,3959.958333,8.898638793680181,50.5,2,0,0,0,0,0,1,0,0,0,0
1,0.0894,457.51,10.54534144,23.4,747,4860.0,9.640433049909078,48.0,0,0,0,0,0,1,0,0,0,0,0
1,0.0859,379.33,11.04292184,9.02,777,13950.0,10.00129461253904,25.9,2,0,0,0,0,0,1,0,0,0,0
1,0.1183,313.95,11.22524339,14.48,727,2789.958333,9.459541457609681,63.5,0,0,0,0,1,0,0,0,0,0,0
1,0.1357,611.44,10.69194491,6.33,692,11101.0,8.611593866837723,14.1,0,0,0,0,0,0,1,0,0,0,0
1,0.167,603.53,11.48497363,10.71,672,3989.958333,10.94899789464713,97.4,2,0,1,0,0,0,1,0,0,0,0
1,0.1392,40.97,10.22557105,11.87,672,4916.041667,9.130105979265577,93.2,0,0,0,0,0,0,0,0,1,0,0
1,0.0774,202.93,11.1124479,12.77,772,7169.958333,7.983098940710892,3.3,0,2,0,0,1,0,0,0,0,0,0
1,0.0894,381.26,11.46163217,15.52,762,4020.0,9.232297539328226,21.8,0,0,0,0,0,1,0,0,0,0,0
1,0.1183,563.28,10.75052252,3.65,722,8856.0,9.60965326059915,43.6,0,0,0,0,0,0,1,0,0,0,0
1,0.0774,109.27,10.66326482,14.23,747,2489.958333,7.592366128519796,32.5,1,0,0,0,1,0,0,0,0,0,0
1,0.1392,136.55,9.998797732,21.49,667,3335.0,9.46699606582284,67.7,0,0,0,0,0,0,1,0,0,0,0
1,0.1357,101.91,10.22557105,9.87,672,2099.958333,7.709756864454165,82.6,2,0,0,0,0,0,1,0,0,0,0
1,0.0774,156.1,11.28978191,0.54,797,6000.0,6.063785208687608,0.6,0,0,0,0,0,0,0,0,1,0,0
1,0.1183,662.68,10.91508846,13.13,742,5789.958333,9.921229234012285,59.2,0,0,0,0,0,0,1,0,0,0,0
1,0.0894,397.15,10.34174248,14.94,762,6149.958333,9.71087320625674,30.9,1,0,0,0,0,1,0,0,0,0,0
1,0.1322,81.13,10.77167988,20.67,682,3420.0,9.897922094063247,94.7,1,0,0,0,1,0,0,0,0,0,0
1,0.1531,400.38,10.4487146,20.35,667,1860.0,9.344783848525674,61.5,3,0,0,0,0,0,1,0,0,0,0
1,0.1218,366.3,10.62132735,21.69,707,2549.958333,9.31739944426959,73.2,1,0,0,0,0,0,1,0,0,0,0
1,0.1218,333.0,11.12726298,5.36,712,5280.0,10.4665829937358,35.5,3,0,0,0,0,0,0,0,0,1,0
1,0.1253,401.6,10.84933709,9.27,742,6960.0,9.114710140960932,30.8,0,0,0,0,0,0,1,0,0,0,0
1,0.16,316.42,11.38639806,5.32,697,1574.0,8.570544366913232,43.6,0,0,1,0,0,0,1,0,0,0,0
1,0.1565,131.2,9.952277717,18.91,697,1170.0,9.53834831589953,90.7,0,0,0,0,0,1,0,0,0,0,0
1,0.1287,215.26,10.30895266,20.12,692,2340.0,8.850660919017152,78.4,1,0,0,0,0,0,1,0,0,0,0
1,0.074,186.36,10.47425013,0.85,782,4800.0,7.927685045615778,11.1,0,0,0,0,0,0,1,0,0,0,0
1,0.1496,173.23,11.66392834,12.71,677,5789.958333,10.390532647636716,95.5,0,0,0,0,0,0,1,0,0,0,0
1,0.1114,196.83,13.71015004,1.7,722,4112.0,8.784315349902657,23.3,2,0,0,0,0,0,0,0,0,1,0
1,0.1287,117.72,11.21182037,9.34,697,3030.0,10.33214821824748,84.1,2,0,0,0,1,0,0,0,0,0,0
1,0.1148,32.97,10.49127422,1.03,742,2220.0,7.7354333524996886,15.8,0,0,0,0,1,0,0,0,0,0,0
1,0.1322,676.02,11.01862914,9.68,712,6119.958333,7.158513997329321,6.3,3,0,1,0,1,0,0,0,0,0,0
1,0.1496,216.54,10.29688008,20.69,662,4110.0,9.813070382411665,75.8,0,0,0,0,0,0,1,0,0,0,0
1,0.1253,174.03,10.16585182,21.0,692,4080.0,8.966994113344454,37.7,2,0,0,0,0,0,1,0,0,0,0
1,0.16,703.15,11.98292909,5.31,717,5970.0,10.961329928661026,80.0,0,0,0,0,0,0,0,0,0,0,1
1,0.1531,330.75,10.49127422,21.87,667,1500.0,8.896588071791218,73.1,2,0,0,1,0,0,1,0,0,0,0
1,0.074,124.24,10.81977828,5.23,787,4500.0,8.311889558230359,11.8,0,0,0,0,0,0,1,0,0,0,0
1,0.1218,333.0,11.03488966,10.88,717,2443.958333,8.738575192110787,74.3,0,0,0,0,0,0,1,0,0,0,0
1,0.1218,582.75,10.77895629,12.7,717,7080.0,10.353830419422378,45.7,1,1,0,0,0,0,0,0,1,0,0
1,0.1461,155.14,10.81977828,19.78,737,2459.958333,8.869960510523953,9.2,2,0,0,0,0,0,1,0,0,0,0
1,0.1843,836.51,11.81303006,6.73,687,5819.958333,9.776051829226445,37.9,3,1,0,0,0,0,0,0,0,0,1
1,0.1253,259.37,10.08029393,3.27,757,4319.958333,7.444248649496705,94.9,3,0,0,1,0,1,0,0,0,0,0
1,0.1531,870.39,11.86358234,7.31,747,5850.0,8.9126079636709,17.1,0,0,0,0,0,0,0,0,0,0,1
1,0.1287,269.07,11.33857208,6.19,727,5142.0,6.530877627725885,85.6,0,0,0,1,0,1,0,0,0,0,0
1,0.0894,190.63,10.6454249,21.2,727,6059.958333,9.071882578828616,32.6,2,0,1,0,0,1,0,0,0,0,0
1,0.074,77.65,10.87804719,14.9,767,6059.958333,10.057581087873528,58.5,1,0,0,0,1,0,0,0,0,0,0
1,0.1183,662.68,10.76789534,6.77,812,3656.0,6.779921907472252,4.3,0,0,0,0,0,0,0,0,0,1,0
1,0.074,37.28,11.00209984,6.8,762,7982.958333,10.53102897599808,6.5,2,0,0,0,0,0,0,0,0,1,0
1,0.0859,94.84,10.55841352,5.61,727,2310.0,7.8674885686991285,39.0,1,0,0,0,0,0,0,0,1,0,0
1,0.0859,316.11,10.49127422,3.47,767,4150.041667,9.147400572202308,22.2,0,0,0,0,0,0,1,0,0,0,0
1,0.0774,187.32,10.66895539,23.22,762,8099.0,9.342595951096653,22.7,1,0,0,0,0,0,1,0,0,0,0
1,0.1218,266.4,9.510444964,1.24,747,2549.958333,6.56244409369372,35.3,0,0,0,0,0,0,0,0,0,1,0
1,0.1287,168.17,10.87426647,16.57,682,3644.958333,7.290292882446597,63.7,1,0,0,1,0,0,0,0,1,0,0
1,0.1392,392.58,11.08214255,14.88,682,3390.0,9.22078562983772,80.8,1,0,0,0,0,1,0,0,0,0,0
1,0.1253,281.12,11.8493977,8.36,697,9389.958333,8.919988070968524,27.8,2,0,0,0,0,1,0,0,0,0,0
1,0.0788,312.81,10.858999,9.09,762,5791.041667,8.907476977528738,33.9,0,0,0,0,1,0,0,0,0,0,0
1,0.1287,235.44,11.53272809,18.69,687,7980.0,10.036531326293892,69.4,3,0,0,0,1,0,0,0,0,0,0
1,0.1287,403.6,10.82774645,16.07,697,3629.958333,9.859431166339208,42.5,0,0,0,0,0,1,0,0,0,0,0
1,0.1461,110.33,11.2515607,16.44,662,4709.958333,8.67317077287059,72.1,1,1,0,0,0,0,1,0,0,0,0
1,0.0894,274.83,10.30895266,11.8,767,7080.0,8.186185994226083,30.7,0,0,0,0,0,1,0,0,0,0,0
1,0.1148,692.34,10.96065265,10.53,757,5190.0,8.476579508530941,25.9,0,0,0,0,1,0,0,0,0,0,0
1,0.0894,324.07,11.35040654,0.0,757,3910.958333,8.775549434486189,11.6,3,0,0,0,1,0,0,0,0,0,0
1,0.1426,411.67,11.00209984,16.28,702,5550.0,10.178540208587767,96.9,0,0,0,0,0,1,0,0,0,0,0
1,0.1114,328.04,10.818177,19.31,722,3241.958333,8.802221746402456,47.1,0,0,0,0,0,1,0,0,0,0,0
1,0.16,852.57,11.69524702,18.08,757,4019.958333,9.398312600278953,20.7,0,0,0,1,0,0,1,0,0,0,0
1,0.1287,215.26,11.16726111,11.09,687,6660.0,9.414749525234143,40.0,3,0,1,1,0,0,0,0,0,1,0
1,0.1183,828.35,11.22524339,8.74,807,5280.0,0.0,0.0,3,0,0,0,0,0,1,0,0,0,0
1,0.1114,360.84,11.53632944,1.54,757,4259.958333,9.590008925040337,32.0,0,0,0,0,1,0,0,0,0,0,0
1,0.1218,333.0,10.77895629,10.68,707,5730.0,8.156797046675651,51.3,2,0,0,0,1,0,0,0,0,0,0
1,0.16,703.15,10.858999,0.6,682,2640.041667,7.463363045520021,7.9,0,0,0,1,1,0,0,0,0,0,0
1,0.1148,65.94,10.81977828,12.03,712,4170.0,8.295548516225763,58.19,1,0,0,0,1,0,0,0,0,0,0
1,0.1357,509.53,10.70324447,4.88,717,4589.958333,8.793156870913819,79.4,1,0,0,0,1,0,0,0,0,0,0
1,0.1114,393.65,10.59663473,16.71,752,5557.041667,9.453051228782922,52.5,2,0,0,0,0,0,1,0,0,0,0
1,0.1218,333.0,10.59663473,16.14,707,2947.041667,9.211040127090456,68.5,0,0,0,0,0,0,1,0,0,0,0
1,0.0894,203.34,10.727663,0.26,782,5399.958333,0.0,0.0,3,0,0,0,1,0,0,0,0,0,0
1,0.1218,532.8,10.69194491,17.4,717,6390.0,9.745136396380753,24.7,0,0,0,0,0,0,1,0,0,0,0
1,0.1322,338.01,11.60823564,9.86,687,5880.0,9.466531777336593,54.3,1,0,0,0,0,0,0,0,0,1,0
1,0.1531,146.23,10.30895266,9.8,667,1860.0,8.567315800819449,93.9,0,0,0,1,1,0,0,0,0,0,0
1,0.0859,205.47,10.37349118,5.85,732,5910.041667,7.783640596221253,12.8,3,0,1,0,1,0,0,0,0,0,0
1,0.1183,198.81,10.95109493,14.77,722,5280.0,9.11690842718363,93.9,0,0,0,0,1,0,0,0,0,0,0
1,0.0859,292.4,11.09741002,14.16,747,5009.958333,9.764914902672189,27.7,3,0,0,0,0,0,1,0,0,0,0
1,0.1461,137.91,10.57131693,10.68,722,1260.0,7.57198844937744,48.5,0,0,0,0,1,0,0,0,0,0,0
1,0.1287,815.61,12.03617361,13.7,722,5280.041667,10.711970331775978,73.6,0,0,0,0,1,0,0,0,0,0,0
1,0.1357,339.69,10.81977828,15.53,702,9089.958333,8.988071438072634,90.0,2,0,0,0,0,0,1,0,0,0,0
1,0.0894,98.5,10.77895629,21.75,717,6175.0,9.639196432874924,47.8,3,0,0,0,0,0,1,0,0,0,0
1,0.0894,158.86,10.23895929,6.13,742,4110.0,8.776475789346321,36.2,1,1,0,0,0,0,1,0,0,0,0
1,0.1253,401.6,10.91508846,15.4,702,3540.0,9.83633227734872,69.3,1,0,0,0,0,0,1,0,0,0,0
1,0.0894,254.18,11.64745636,11.87,742,7050.0,10.879310545111617,53.9,2,0,0,0,0,1,0,0,0,0,0
1,0.074,62.12,11.28978191,3.92,752,6660.0,9.509184911634074,48.1,0,0,0,0,1,0,0,0,0,0,0
1,0.1114,590.47,11.6307085,0.99,772,4574.041667,0.0,0.0,0,0,0,0,1,0,0,0,0,0,0
1,0.1218,166.5,10.6896696,8.67,692,3239.958333,9.37568530456302,68.2,0,0,0,1,1,0,0,0,0,0,0
1,0.1809,506.74,10.34817337,11.73,662,1140.0,9.665737848832556,93.1,1,0,0,0,0,0,1,0,0,0,0
1,0.1531,208.9,10.72317927,14.7,682,3060.041667,8.775703886567738,93.8,1,0,0,0,0,0,1,0,0,0,0
1,0.1392,273.1,11.00209984,6.42,677,5789.958333,9.464827539570322,47.8,0,3,0,0,0,0,1,0,0,0,0
1,0.0894,317.72,10.47333652,12.52,812,6419.958333,7.8636512654486515,12.3,0,0,0,0,0,0,0,0,1,0,0
1,0.074,124.24,11.79810441,1.72,772,9990.041667,9.267098705794792,16.9,2,0,0,0,0,0,0,0,1,0,0
1,0.16,527.36,11.08214255,5.72,677,1440.0,9.256555795773146,51.1,1,0,0,0,0,0,1,0,0,0,0
1,0.1148,824.22,11.05089001,10.17,802,4058.041667,7.67275789664251,7.7,1,0,0,0,0,0,0,0,1,0,0
1,0.1062,423.28,10.71441777,23.55,722,3874.041667,10.123907397928742,57.6,1,0,0,0,0,0,1,0,0,0,0
1,0.1253,510.37,10.49404814,20.78,707,7740.041667,10.015788924623273,47.9,1,1,0,0,0,0,1,0,0,0,0
1,0.1183,165.67,11.35040654,20.57,717,4980.0,8.546363568716018,51.5,1,0,0,0,1,0,0,0,0,0,0
1,0.16,168.76,11.49272276,6.06,662,5010.0,11.188441085994343,97.2,0,0,0,0,0,0,1,0,0,0,0
1,0.1322,507.01,10.46310334,17.93,697,4320.0,9.422382530219219,57.2,0,0,0,0,0,0,1,0,0,0,0
1,0.0859,300.3,10.49127422,20.7,757,3330.041667,9.140454244512016,32.2,0,0,0,0,0,0,1,0,0,0,0
1,0.0859,309.78,11.00209984,14.46,792,4110.041667,1.9459101490553132,0.0,0,0,0,0,0,0,0,0,0,1,0
1,0.0859,316.11,11.41861479,2.94,752,4890.041667,9.247057954911346,28.7,0,0,0,0,0,0,0,0,1,0,0
1,0.0894,222.41,10.89673933,23.44,732,5310.041667,9.705402400562695,66.1,2,0,0,0,0,1,0,0,0,0,0
1,0.1253,284.47,10.79957558,19.06,712,2670.041667,7.732369222284388,53.0,2,0,0,0,0,0,1,0,0,0,0
1,0.0859,316.11,10.87804719,15.31,752,14580.0,10.250263664295613,49.1,1,0,0,0,0,0,0,0,0,1,0
1,0.1392,51.21,10.89673933,20.7,672,2400.041667,7.27931883541462,90.6,1,0,0,1,0,0,1,0,0,0,0
1,0.1148,197.82,10.81977828,1.87,717,13110.0,8.327000740241713,14.0,0,0,0,0,0,0,1,0,0,0,0
1,0.0859,316.11,11.28978191,6.52,802,5460.0,7.606387389772652,2.1,1,0,0,0,1,0,0,0,0,0,0
1,0.1218,532.8,11.69524702,21.58,722,7050.041667,11.360904183031861,70.9,0,0,0,0,0,1,0,0,0,0,0
1,0.1322,540.81,11.39639165,5.66,732,5160.041667,8.831711917821577,75.2,3,0,0,0,0,0,1,0,0,0,0
1,0.1114,164.02,10.81977828,5.88,717,5280.041667,8.576593534697684,16.8,3,0,1,0,0,1,0,0,0,0,0
1,0.1392,238.96,11.05089001,10.55,747,3251.0,8.286521373681236,17.6,3,0,0,0,0,0,0,0,0,0,1
1,0.1148,494.53,11.28978191,14.31,737,7170.0,10.549097533638411,45.7,0,0,0,0,0,1,0,0,0,0,0
1,0.0859,102.74,8.699514748,6.0,732,2157.0,7.103322062526113,32.8,1,0,0,1,0,0,1,0,0,0,0
1,0.1496,866.13,11.62625415,19.09,707,4860.041667,11.286614402384673,78.4,0,0,0,0,0,0,1,0,0,0,0
1,0.1253,117.14,10.27505111,6.91,692,1710.0,8.4368504387337,32.3,3,0,0,0,1,0,0,0,0,0,0
1,0.074,155.3,10.81977828,17.93,772,9420.0,9.72232532346202,47.5,0,0,0,0,0,0,1,0,0,0,0
1,0.1426,171.53,11.40756495,15.6,727,7560.0,10.258816591150495,99.4,1,0,0,0,0,0,1,0,0,0,0
1,0.0894,158.86,10.96127785,14.33,727,7020.041667,7.836369760545124,5.2,0,1,0,1,0,0,1,0,0,0,0
1,0.2121,746.24,11.73606902,19.87,662,7920.0,11.408275807703808,79.6,1,0,0,1,0,0,1,0,0,0,0
1,0.1426,343.06,11.44035477,4.27,677,5070.0,8.486527777105353,56.4,3,0,0,0,0,0,1,0,0,0,0
1,0.0774,187.32,10.59663473,11.58,762,3720.041667,7.57095858316901,12.5,0,0,0,0,0,0,1,0,0,0,0
1,0.0894,155.69,11.58058411,10.65,727,3330.041667,10.173247478478917,54.5,0,0,0,0,0,0,1,0,0,0,0
1,0.16,815.66,11.22524339,0.56,752,5520.041667,7.610357618312838,34.8,2,0,0,0,0,0,0,0,0,0,1
1,0.0774,218.54,11.15625052,12.32,752,3270.0,8.081475040137052,10.4,3,0,0,0,0,0,0,1,0,0,0
1,0.1531,334.23,11.16761428,21.31,672,4023.0,10.434409878001242,90.7,0,0,0,0,1,0,0,0,0,0,0
1,0.1565,874.66,10.90381461,9.84,687,5487.0,8.65434302956347,36.5,0,0,0,0,0,0,1,0,0,0,0
1,0.0894,158.86,10.87804719,24.34,732,4290.0,10.138401559449253,62.5,2,0,0,0,0,0,1,0,0,0,0
1,0.1183,99.41,9.764225485,20.34,732,1920.041667,5.43372200355424,9.9,1,0,0,1,1,0,0,0,0,0,0
1,0.1148,32.97,10.13459927,11.57,702,5760.0,8.931948346431495,74.2,2,0,0,1,1,0,0,0,0,0,0
1,0.1218,832.5,12.20607265,6.28,737,3690.041667,9.627075072342578,35.0,0,0,0,1,0,0,1,0,0,0,0
1,0.0859,237.08,11.03488966,0.0,782,3960.0,0.0,0.0,1,0,0,0,0,0,0,1,0,0,0
1,0.1461,620.56,10.93310697,12.73,682,3150.0,10.398823833405986,88.5,0,0,0,0,0,0,1,0,0,0,0
1,0.1148,49.46,10.40426284,23.67,757,1800.0,5.638354669333745,16.5,0,0,0,0,0,0,0,0,1,0,0
1,0.1183,165.67,11.47210347,23.75,702,7530.041667,11.100133581475603,40.6,1,0,0,0,0,1,0,0,0,0,0
1,0.1496,164.57,10.16277015,22.36,662,2850.0,5.62040086571715,3.2,3,1,0,1,1,0,0,0,0,0,0
1,0.1635,176.65,11.00209984,3.16,667,2880.0,0.0,0.0,1,0,0,1,1,0,0,0,0,0,0
1,0.0894,317.72,11.23413706,5.58,762,2430.0,4.204692619390966,0.5,3,0,0,0,0,0,0,0,1,0,0
1,0.0894,476.58,11.22524339,5.55,777,6840.0,7.545918151209323,5.3,2,0,0,0,0,1,0,0,0,0,0
1,0.1392,546.2,11.39751461,16.51,692,5790.0,9.292196818446016,60.9,0,5,0,0,0,1,0,0,0,0,0
1,0.0859,158.06,11.40756495,12.59,742,8040.0,8.28045768658256,17.6,1,1,0,1,0,0,0,0,0,1,0
1,0.1253,368.13,11.30958454,5.12,727,1410.0,5.883322388488279,7.5,2,0,0,0,1,0,0,0,0,0,0
1,0.0774,249.75,11.35040654,7.06,777,4440.041667,8.524764456912555,16.7,3,0,0,0,1,0,0,0,0,0,0
1,0.1531,313.34,10.70283989,6.74,662,3510.0,8.037543185118697,60.7,0,0,0,0,0,0,1,0,0,0,0
1,0.0859,31.62,11.22524339,2.42,752,5970.041667,8.648045999835,52.9,3,0,0,1,1,0,0,0,0,0,0
1,0.1461,41.38,10.59663473,16.35,662,1800.0,8.958668737047434,55.9,0,0,1,0,1,0,0,0,0,0,0
1,0.1392,204.83,10.23995979,15.64,672,3630.0,9.324293862052029,71.8,0,0,0,0,0,0,1,0,0,0,0
1,0.1148,329.69,10.49127422,0.5,777,2460.0,6.261491684321042,7.0,0,0,0,0,1,0,0,0,0,0,0
1,0.1183,331.34,10.1266311,12.96,742,1350.0,8.663542087751374,13.8,0,0,0,0,0,0,1,0,0,0,0
1,0.1531,452.6,10.6454249,21.51,672,2760.041667,9.42754633062364,55.6,0,0,0,0,1,0,0,0,0,0,0
1,0.1148,346.17,10.96819829,6.23,742,3030.041667,9.214830277249035,63.6,1,0,0,0,0,0,1,0,0,0,0
1,0.1287,403.6,10.79374227,21.06,692,3665.041667,9.446913343602054,79.7,2,0,0,0,0,0,1,0,0,0,0
1,0.16,562.52,10.77895629,20.6,662,4110.041667,9.253591413970497,50.7,2,2,0,1,0,1,0,0,0,0,0
1,0.1218,616.05,11.58988651,2.38,722,2280.041667,4.795790545596741,0.8,1,0,0,0,0,0,1,0,0,0,0
1,0.1496,277.16,10.54534144,10.33,667,2235.041667,8.54188580400661,35.3,1,2,0,0,0,0,1,0,0,0,0
1,0.1322,730.1,12.65395847,10.49,717,7050.041667,11.51402486041353,90.4,2,0,0,0,0,0,1,0,0,0,0
1,0.1392,286.75,10.41271189,18.48,682,2161.0,8.916371914881694,73.8,0,0,0,0,0,0,1,0,0,0,0
1,0.1878,91.37,11.08214255,2.79,662,3720.041667,7.86403565907245,40.6,2,1,1,0,0,0,0,0,0,0,1
1,0.1287,538.14,10.91508846,17.93,717,4110.041667,10.124789408970967,94.5,0,0,0,0,0,0,1,0,0,0,0
1,0.0859,316.11,11.51292546,0.22,792,8880.041667,7.496097345175956,3.8,1,0,0,0,0,0,1,0,0,0,0
1,0.1496,658.26,10.78692446,17.34,687,3540.0,10.066201463023875,46.3,2,0,0,0,0,0,1,0,0,0,0
1,0.1565,237.91,10.858999,22.71,662,1620.041667,9.006999447958153,55.4,2,0,0,0,0,0,1,0,0,0,0
1,0.1461,275.81,11.01862914,12.59,667,2280.041667,9.627997520849709,70.3,1,0,1,1,1,0,0,0,0,0,0
1,0.1183,119.29,10.46310334,13.92,712,1770.0,6.68586094706836,15.1,0,0,0,0,1,0,0,0,0,0,0
1,0.1218,832.5,11.56171563,8.21,762,5643.041667,7.736743682453495,0.7,0,0,0,0,0,0,0,0,0,1,0
1,0.1357,67.94,9.998797732,19.25,707,1110.041667,7.331714969726466,22.5,0,0,0,0,1,0,0,0,0,0,0
1,0.1287,201.8,9.59315079,5.81,682,8550.041667,7.727535110475448,25.2,2,1,0,0,1,0,0,0,0,0,0
1,0.167,514.77,10.26813067,7.54,677,1230.041667,8.606302366488013,80.4,2,0,0,1,1,0,0,0,0,0,0
1,0.1357,314.21,10.26813067,19.26,702,1802.0,0.0,0.0,2,0,0,0,1,0,0,0,0,0,0
1,0.1426,168.1,10.19913779,23.75,722,5070.0,9.798071479779479,99.4,1,0,0,0,0,0,1,0,0,0,0
1,0.0859,316.11,11.15625052,4.15,782,8520.041667,9.085457189829492,17.9,3,0,0,0,0,0,1,0,0,0,0
1,0.1287,336.34,10.71441777,17.89,697,2970.041667,9.35755275165657,49.1,0,0,0,0,0,0,1,0,0,0,0
1,0.1426,68.62,11.00209984,6.54,732,5226.041667,10.821436908133153,0.0,0,1,0,0,0,0,0,0,0,0,1
1,0.1531,278.53,11.01862914,0.49,677,3030.041667,6.755768921984255,66.0,2,0,0,1,0,0,1,0,0,0,0
1,0.1357,169.85,10.42228135,10.71,677,5190.041667,5.19295685089021,44.7,2,1,0,0,0,0,1,0,0,0,0
1,0.1565,524.8,11.98292909,3.41,687,2490.0,11.095483924851465,59.0,2,0,0,1,0,0,1,0,0,0,0
1,0.1565,524.8,11.30012821,9.47,677,7440.041667,0.0,0.0,0,0,0,0,0,0,0,0,1,0,0
1,0.1322,202.81,10.71441777,15.36,682,3870.0,8.704004653483045,80.9,1,0,0,1,0,0,1,0,0,0,0
1,0.0894,381.26,10.81977828,6.0,752,2760.041667,9.255122514748075,16.1,0,0,0,0,0,0,0,0,0,1,0
1,0.0894,301.04,10.20359214,7.07,752,3840.041667,8.970432074329242,44.7,0,0,0,0,0,0,1,0,0,0,0
1,0.1218,666.0,11.08214255,15.1,722,5760.0,9.133891199812776,48.0,1,0,1,0,0,0,1,0,0,0,0
1,0.1739,143.39,11.38509209,23.81,662,4800.041667,10.714239975170337,99.8,0,0,0,0,0,1,0,0,0,0,0
1,0.1565,559.78,10.89087028,12.94,677,4560.041667,9.280705634636746,91.7,2,1,1,0,0,0,1,0,0,0,0
1,0.1253,317.93,10.95080655,10.78,702,3600.0,9.024131268455035,38.8,0,0,0,0,0,0,1,0,0,0,0
1,0.1218,765.9,11.62625415,14.96,737,6001.041667,10.137571043888672,39.5,0,0,0,0,0,0,1,0,0,0,0
1,0.1114,341.16,10.6454249,9.2,732,3330.041667,9.453129675537227,29.8,1,0,0,0,0,0,1,0,0,0,0
1,0.1183,198.81,12.20607265,15.1,702,2730.041667,9.99897953399535,36.9,3,0,0,0,0,0,0,0,1,0,0
1,0.1114,442.85,10.7898715,17.48,742,10590.0,9.535679435605061,50.3,3,0,0,0,1,0,0,0,0,0,0
1,0.1253,66.94,10.37349118,9.04,687,1740.0,9.228867676590067,50.7,0,0,0,1,1,0,0,0,0,0,0
1,0.1218,632.7,10.5941316,13.71,737,3510.0,9.888272386729648,59.0,0,0,0,0,0,0,1,0,0,0,0
1,0.0774,218.54,10.16585182,4.29,772,4770.041667,0.0,0.0,0,0,0,0,1,0,0,0,0,0,0
1,0.1148,328.87,10.09195684,15.6,727,8431.041667,9.954798346770556,85.2,0,0,0,0,0,0,1,0,0,0,0
1,0.1496,242.52,11.91839057,0.24,682,3738.041667,6.452048954437226,42.2,1,0,0,0,1,0,0,0,0,0,0
1,0.1426,686.12,11.69524702,20.09,692,8790.041667,10.964813256418221,81.9,1,0,0,0,0,0,0,1,0,0,0
1,0.0894,190.63,10.13459927,20.1,752,4087.041667,9.795568210316635,72.4,0,0,0,0,0,1,0,0,0,0,0
1,0.1461,448.18,10.5865844,21.39,677,2430.0,9.548382803766913,71.9,0,0,0,0,0,0,1,0,0,0,0
1,0.1461,620.56,11.81303006,8.04,767,5026.0,8.264878262801748,12.8,2,0,0,0,0,0,0,0,0,0,1
1,0.0859,221.28,10.93310697,9.11,762,5190.041667,6.885509670034818,2.7,1,0,0,0,0,0,1,0,0,0,0
1,0.1357,203.82,11.00209984,13.28,682,1710.0,6.522092798170152,7.4,3,1,0,0,0,0,0,0,0,1,0
1,0.0751,186.66,10.91508846,22.28,737,3607.0,9.562264046489428,20.2,2,0,0,0,0,0,1,0,0,0,0
1,0.1426,377.37,10.75739211,22.84,677,5250.041667,9.721125994942152,60.6,1,0,0,0,0,0,1,0,0,0,0
1,0.1322,84.51,10.35210793,14.56,727,8160.041667,9.787346917401315,99.4,0,0,0,1,0,0,1,0,0,0,0
1,0.1461,189.62,11.3736634,8.06,667,5460.0,10.315928274380717,79.3,2,0,0,0,0,0,1,0,0,0,0
1,0.1322,270.41,10.858999,8.58,697,3750.041667,9.106977858981029,39.6,1,0,0,0,0,0,1,0,0,0,0
1,0.0894,413.03,11.00209984,24.12,757,5370.0,9.757247170313121,40.0,0,0,0,0,0,0,1,0,0,0,0
1,0.074,49.7,10.41331268,3.46,752,3330.041667,7.697121317282625,5.0,2,0,0,0,1,0,0,0,0,0,0
1,0.1148,164.85,10.30895266,9.92,747,15692.0,6.115892125483034,90.4,0,0,0,1,1,0,0,0,0,0,0
1,0.1218,333.0,11.35040654,0.52,712,5011.0,5.480638923341991,5.3,1,2,0,0,0,0,0,0,1,0,0
1,0.1114,229.63,10.55841352,1.53,772,1500.041667,6.656726524178391,4.8,0,0,0,0,0,0,0,1,0,0,0
1,0.1565,587.77,11.28978191,23.65,672,1890.0,9.869620483024551,61.2,2,0,0,0,0,0,1,0,0,0,0
1,0.1183,397.61,10.30895266,15.16,722,4472.041667,8.495765244002618,58.2,0,0,1,0,0,0,1,0,0,0,0
1,0.0705,92.7,10.71441777,7.44,772,4740.0,9.506065016071148,38.6,1,0,0,0,0,0,1,0,0,0,0
1,0.1218,666.0,11.22524339,6.96,732,8703.0,9.352100317014015,46.1,0,1,0,0,0,0,1,0,0,0,0
1,0.1565,349.87,11.32055357,22.23,662,6960.041667,10.487851700636917,80.8,1,0,0,0,0,0,1,0,0,0,0
1,0.1496,277.16,11.35040654,17.34,667,3360.041667,9.058470422638056,87.7,1,0,0,0,0,0,0,0,1,0,0
1,0.1287,319.52,10.75790288,12.28,697,2855.0,8.80941494391005,47.8,1,1,0,0,0,0,1,0,0,0,0
1,0.0894,95.32,10.89673933,13.42,722,2610.041667,7.8407064517494,11.1,2,0,0,0,1,0,0,0,0,0,0
1,0.1148,32.97,10.13459927,0.29,712,2610.041667,1.9459101490553132,0.1,0,0,0,0,0,0,0,1,0,0,0
1,0.1426,343.06,11.51292546,8.95,677,4758.0,7.286191714702382,26.1,1,0,0,0,1,0,0,0,0,0,0
1,0.1114,164.02,10.84349481,13.31,772,4410.041667,4.1588830833596715,0.5,1,0,0,0,1,0,0,0,0,0,0
1,0.1357,163.05,12.4292162,0.89,682,2190.0,9.137769679141348,67.4,2,0,0,0,0,0,0,0,0,1,0
1,0.1322,135.21,9.798127037,2.47,702,3000.041667,7.163946684342547,47.8,0,0,0,0,1,0,0,0,0,0,0
1,0.1392,238.96,11.08214255,9.47,682,2070.041667,5.993961427306569,44.4,0,0,0,0,0,0,0,0,0,1,0
1,0.0705,108.15,9.574983486,23.42,792,7980.0,9.453208116138121,21.0,1,0,0,0,1,0,0,0,0,0,0
1,0.1218,266.4,10.49127422,17.27,702,3990.0,8.984317679911129,47.2,3,0,1,1,0,0,1,0,0,0,0
1,0.0705,92.7,10.89673933,13.67,797,9930.041667,8.702177865629675,43.9,1,0,0,0,0,0,1,0,0,0,0
1,0.0894,285.95,11.1123882,17.7,737,6970.041667,9.790934566296798,42.8,1,0,0,0,0,1,0,0,0,0,0
1,0.1253,60.24,10.57745191,11.9,682,5190.041667,7.822845290279774,56.7,3,0,1,0,1,0,0,0,0,0,0
1,0.0859,252.89,11.2708539,8.09,772,4761.0,5.883322388488279,8.1,0,0,0,0,1,0,0,0,0,0,0
1,0.1253,811.56,11.5228758,14.3,737,4500.041667,10.407258349428416,83.8,0,0,0,0,0,0,1,0,0,0,0
1,0.1183,397.61,10.4744671,5.69,722,5010.0,9.575469478561473,67.6,1,0,0,1,0,0,1,0,0,0,0
1,0.074,198.78,14.18015367,0.0,772,5071.0,7.9817332866918855,13.0,0,0,0,0,0,0,0,0,0,1,0
1,0.1218,199.8,10.85013987,4.68,722,2040.041667,8.376320632534823,46.2,0,0,0,0,1,0,0,0,0,0,0
1,0.1496,277.16,11.08214255,6.65,662,1920.041667,8.969032850034301,74.1,0,0,0,0,1,0,0,0,0,0,0
1,0.1426,171.53,10.59663473,1.65,682,1620.041667,8.619208116822968,72.8,0,0,0,0,0,0,1,0,0,0,0
1,0.1148,799.49,12.20607265,5.18,777,12690.0,7.853604813097837,7.5,3,0,0,0,0,0,1,0,0,0,0
1,0.1148,725.31,11.40366848,0.56,802,3810.041667,7.66105638236183,4.8,0,0,0,1,1,0,0,0,0,0,0
1,0.1253,251.0,10.95080655,11.28,697,2880.0,8.45553053102413,40.2,2,1,0,0,1,0,0,0,0,0,0
1,0.1739,179.24,11.2515607,23.19,687,9631.041667,10.486289592589621,96.8,1,0,0,1,0,0,0,0,0,0,1
1,0.0859,316.11,10.70324447,3.42,752,5130.041667,8.793915423631676,31.2,0,0,0,0,0,0,1,0,0,0,0
1,0.1183,828.35,11.49272276,15.6,752,5130.041667,11.33989263407853,55.3,0,0,0,0,0,0,1,0,0,0,0
1,0.0705,92.7,10.858999,11.22,777,16652.0,9.578103612900335,26.6,0,0,0,0,1,0,0,0,0,0,0
1,0.1183,198.81,11.00141627,15.91,702,2970.041667,9.82822506803558,43.6,0,0,0,0,0,0,1,0,0,0,0
1,0.1183,662.68,11.33857208,14.67,747,6240.041667,9.00663173330058,22.0,2,0,0,0,0,0,1,0,0,0,0
1,0.1218,399.6,11.21182037,0.84,712,3450.041667,9.589872098057842,70.9,2,0,0,0,0,0,1,0,0,0,0
1,0.0894,413.03,10.93310697,16.76,752,5071.0,9.812851432276684,48.6,0,0,0,0,0,0,1,0,0,0,0
1,0.1183,198.81,10.02127059,4.48,747,3060.041667,7.807510042216193,68.3,1,0,0,0,1,0,0,0,0,0,0
1,0.1253,267.74,11.71993963,12.06,697,6510.0,10.53966747745482,70.1,0,0,0,0,1,0,0,0,0,0,0
1,0.0774,249.75,10.30895266,12.52,792,4170.041667,8.494538500851432,14.4,0,0,0,0,0,0,1,0,0,0,0
1,0.0859,158.06,9.903487553,6.3,742,9210.041667,8.133587417660966,9.8,1,0,1,0,0,0,1,0,0,0,0
1,0.0859,205.47,10.30895266,12.28,742,3853.041667,10.290041635752532,49.6,2,0,0,0,0,0,1,0,0,0,0
1,0.1531,844.28,11.75587164,9.71,682,7140.041667,10.358567881186488,75.8,0,0,0,0,0,0,1,0,0,0,0
1,0.1426,411.67,11.35040654,15.78,707,4530.041667,7.756195343948118,97.3,3,0,0,1,0,0,1,0,0,0,0
1,0.1114,164.02,10.55581274,2.84,712,4200.041667,7.8826922062890254,48.2,2,0,1,0,0,0,0,0,0,1,0
1,0.0774,135.03,11.46507298,0.96,797,8490.041667,7.934871565945177,5.4,1,0,0,0,1,0,0,0,0,0,0
1,0.1322,270.41,11.01862914,17.01,692,4020.0,9.241935933565934,47.8,0,0,0,0,0,1,0,0,0,0,0
1,0.0894,381.26,10.55059289,0.94,797,11130.04167,5.308267697401205,0.5,1,0,0,0,0,0,1,0,0,0,0
1,0.0859,316.11,11.54248427,15.22,752,4830.041667,8.855948534052018,24.5,1,0,0,0,0,0,1,0,0,0,0
1,0.1253,334.67,11.33857208,20.86,702,5640.041667,10.869291996279744,48.9,1,0,0,0,1,0,0,0,0,0,0
1,0.0774,183.41,12.82395734,0.3,807,9663.041667,8.715880102296456,0.0,2,0,0,0,1,0,0,0,0,0,0
1,0.1496,86.62,10.62132735,13.2,667,4020.0,7.473069088032197,48.9,2,0,0,0,0,0,1,0,0,0,0
1,0.1183,66.27,10.95954023,17.16,692,2070.0,9.278839788400875,79.9,0,0,0,0,0,1,0,0,0,0,0
1,0.1426,343.06,11.66134547,15.74,677,4410.041667,10.286877452992435,57.1,2,0,0,0,0,0,0,0,0,1,0
1,0.1148,461.56,10.91508846,6.2,727,2310.041667,9.463120392418698,26.6,3,0,0,0,0,0,1,0,0,0,0
1,0.0859,316.11,11.91839057,4.14,757,6180.0,11.31989881255983,16.7,2,0,0,0,0,0,1,0,0,0,0
1,0.1357,441.6,10.61643736,15.79,687,4770.0,9.781602364546004,72.5,0,0,0,0,0,0,1,0,0,0,0
1,0.1392,102.42,10.49127422,8.77,682,1200.041667,9.0940312495758,65.4,0,0,0,0,0,0,1,0,0,0,0
1,0.1287,184.99,9.169518377,4.75,692,6270.041667,5.537334267018537,3.2,0,0,0,0,0,0,1,0,0,0,0
1,0.06,380.27,11.35040654,9.98,677,5705.041667,9.291459423260974,68.6,3,1,0,0,0,0,1,0,0,0,0
1,0.1148,164.85,11.42081018,3.54,712,5130.0,9.291274989472182,25.7,1,0,1,0,0,0,1,0,0,0,0
1,0.167,795.24,11.35040654,8.3,717,3180.0,9.368881400104733,38.3,3,0,0,0,0,0,0,0,0,1,0
1,0.1392,51.21,10.30895266,19.08,667,3300.041667,7.86480400332846,44.1,3,0,0,0,1,0,0,0,0,0,0
1,0.1357,679.37,10.94022444,22.06,727,5981.041667,10.041944295683145,23.8,0,0,0,0,0,0,1,0,0,0,0
1,0.1148,263.75,10.79345484,12.91,717,2280.041667,9.697446909121581,49.2,0,0,0,0,0,1,0,0,0,0,0
1,0.1114,393.65,10.71441777,23.2,772,3846.041667,8.20631072579402,28.2,0,0,0,1,0,0,1,0,0,0,0
1,0.0894,108.03,10.25428526,20.24,777,7112.041667,8.14902386805177,17.3,5,0,0,0,0,1,0,0,0,0,0
1,0.1253,217.54,10.08580911,14.2,702,1800.0,7.495541943884256,37.5,2,1,0,0,1,0,0,0,0,0,0
1,0.0894,317.72,11.49272276,15.86,747,7230.0,10.389272253058634,40.8,1,0,0,0,0,0,1,0,0,0,0
1,0.0894,462.28,11.29488139,16.15,767,5130.0,10.047111592619004,50.1,2,0,0,0,0,0,1,0,0,0,0
1,0.1982,556.1,10.91508846,17.87,692,5422.0,9.29596745794362,97.3,3,1,0,0,0,0,0,0,0,0,1
1,0.1357,679.37,11.51292546,9.8,702,4860.041667,10.2191008899166,53.8,2,1,0,0,0,0,1,0,0,0,0
1,0.0774,312.19,11.77528973,3.56,787,4230.041667,9.228671328660907,26.9,1,0,0,0,1,0,0,0,0,0,0
1,0.1253,502.0,11.33857208,10.13,712,5370.0,9.660842578559068,52.1,0,0,0,1,0,0,0,0,1,0,0
1,0.1322,456.31,10.9864446,9.3,692,6120.0,8.810310466357958,56.3,1,0,0,0,0,0,1,0,0,0,0
1,0.1426,480.29,10.69194491,21.82,747,3661.0,9.580523665939708,53.8,3,0,0,1,0,0,0,0,0,0,1
1,0.1322,157.18,10.26370422,21.3,687,5970.041667,10.077902937758985,73.7,0,0,0,0,0,0,1,0,0,0,0
1,0.1357,237.78,11.08214255,12.55,677,2640.041667,8.285261134068948,55.8,1,0,0,0,0,0,1,0,0,0,0
1,0.1253,334.67,10.91508846,0.65,792,2311.041667,5.950642552587727,8.5,0,0,0,0,1,0,0,0,0,0,0
1,0.1287,161.44,10.25765937,12.29,697,1950.041667,8.201934351194222,93.5,1,0,0,0,0,0,1,0,0,0,0
1,0.1392,273.1,10.49127422,8.93,692,2940.041667,9.515543058145953,75.4,3,0,0,0,1,0,0,0,0,0,0
1,0.1114,328.04,10.30895266,5.16,747,2706.041667,8.943375541113124,38.1,4,0,0,0,0,0,1,0,0,0,0
1,0.0774,280.97,11.23843599,11.84,772,7440.041667,9.201400530406708,15.3,1,0,0,0,1,0,0,0,0,0,0
1,0.1322,507.01,11.77528973,8.36,697,9420.0,10.064542911536916,46.3,0,3,1,0,0,1,0,0,0,0,0
1,0.1426,274.45,11.39075783,11.61,682,2610.041667,9.64956257688248,77.2,0,0,0,1,1,0,0,0,0,0,0
1,0.1565,874.66,11.08214255,13.88,747,5370.0,10.00654040759221,76.7,1,0,0,0,0,0,0,0,0,0,1
1,0.0859,252.89,11.22524339,15.36,767,10380.04167,9.270964993792617,19.0,0,0,0,0,0,0,1,0,0,0,0
1,0.1218,532.8,11.15625052,23.82,717,4710.0,9.645946636996333,62.8,0,0,0,0,0,0,1,0,0,0,0
1,0.1183,662.68,11.94470788,22.64,737,13020.04167,10.393753262336757,39.2,2,0,0,0,0,1,0,0,0,0,0
1,0.1218,832.5,10.75790288,16.67,752,3540.0,10.069129101578879,58.1,4,0,0,0,0,0,1,0,0,0,0
1,0.1183,198.81,11.28978191,8.89,707,5070.0,9.4539138048019,31.1,0,0,1,0,0,0,1,0,0,0,0
1,0.1114,328.04,10.39145388,19.93,782,14130.0,9.543449817892206,23.1,0,0,0,0,0,0,1,0,0,0,0
1,0.1461,172.38,10.40329267,16.74,667,2280.041667,8.502282578680484,40.0,2,0,0,0,0,0,1,0,0,0,0
1,0.1322,287.31,9.798127037,13.67,682,1894.041667,8.490438454107418,46.4,0,0,0,1,0,0,0,0,0,1,0
1,0.0894,142.98,11.07069263,7.53,787,3691.041667,6.755768921984255,4.4,4,0,0,0,0,0,0,0,1,0,0
1,0.074,83.86,9.392661929,9.6,757,2250.041667,7.055312843339752,18.7,2,0,0,0,1,0,0,0,0,0,0
1,0.1148,164.85,10.30895266,16.4,782,5910.041667,7.047517221357296,23.9,0,0,0,0,1,0,0,0,0,0,0
1,0.1218,333.0,11.0744205,18.7,707,3637.0,10.43055063239178,79.0,3,0,0,0,0,0,1,0,0,0,0
1,0.1183,381.04,10.60903256,15.7,722,9870.0,9.85413973290579,82.4,0,0,0,0,0,0,1,0,0,0,0
1,0.2121,491.2,11.95761129,10.45,667,3538.0,9.596894455192587,40.4,1,0,0,0,0,0,0,0,0,0,1
1,0.1218,266.4,10.59663473,19.32,707,2220.041667,7.903965634032166,31.5,0,0,0,0,0,0,1,0,0,0,0
1,0.1531,522.23,10.81977828,5.26,727,12690.0,9.035391569511642,79.2,3,0,0,1,0,0,0,0,0,0,1
1,0.1357,118.89,11.03488966,8.05,687,4320.0,6.111467339502679,26.5,0,1,0,0,1,0,0,0,0,0,0
1,0.1392,136.55,10.66895539,18.45,672,5940.041667,8.867145589594143,51.4,0,0,0,0,0,0,0,0,0,1,0
1,0.1635,565.27,12.14950229,18.76,662,7140.041667,10.36542750757227,84.4,0,1,0,0,0,0,1,0,0,0,0
1,0.1218,432.9,11.15625052,3.36,717,5070.0,9.05204779298159,50.8,0,1,0,0,0,0,0,1,0,0,0
1,0.1253,585.67,10.69194491,21.63,717,3690.041667,9.904037401341563,85.1,0,0,0,0,0,0,1,0,0,0,0
1,0.0894,349.49,10.30949651,19.02,742,3122.041667,9.56836440548421,23.9,0,0,0,0,0,0,1,0,0,0,0
1,0.1322,84.51,10.54534144,15.6,692,15360.04167,8.236950048061455,35.0,2,0,0,0,0,0,1,0,0,0,0
1,0.0859,221.28,10.6454249,17.26,737,2250.041667,7.10002716662926,18.9,1,0,0,0,0,0,1,0,0,0,0
1,0.1114,82.01,10.1266311,7.58,707,3270.0,8.866581653303996,73.1,0,0,0,0,1,0,0,0,0,0,0
1,0.0774,280.97,10.42263843,15.1,782,10770.04167,9.091669442258505,17.0,0,0,0,1,0,0,1,0,0,0,0
1,0.1218,186.48,9.392661929,6.0,727,1198.041667,6.738152494595957,31.2,0,0,0,0,1,0,0,0,0,0,0
1,0.1496,173.23,10.77895629,13.68,692,4920.041667,9.120306249272202,41.3,0,0,0,1,0,0,1,0,0,0,0
1,0.1322,270.41,10.46310334,9.02,682,2280.041667,8.967631665167133,84.3,1,0,0,0,0,0,1,0,0,0,0
1,0.0894,190.63,10.6454249,18.23,722,5850.0,8.484049972822984,62.0,3,0,0,0,0,1,0,0,0,0,0
1,0.1218,266.4,10.71441777,0.8,747,4770.0,5.017279836814924,10.0,2,0,0,0,0,0,0,0,0,1,0
1,0.16,682.06,11.77528973,12.6,672,4771.041667,9.094705028377259,26.7,3,1,0,0,0,0,1,0,0,0,0
1,0.1218,666.0,11.00209984,24.86,727,5190.041667,10.57082962691412,69.2,0,0,0,0,0,0,1,0,0,0,0
1,0.1496,866.16,11.51292546,17.24,702,4170.041667,10.32347995992483,79.4,0,0,0,0,0,0,1,0,0,0,0
1,0.1635,847.9,11.91839057,14.45,717,1904.041667,8.17188200612782,36.5,1,0,0,1,0,0,0,0,0,0,1
1,0.0859,316.11,10.54534144,23.34,752,3302.0,9.161990111035136,44.7,0,0,0,0,0,0,1,0,0,0,0
1,0.1148,263.75,11.03488966,18.66,722,3300.0,9.773378867189107,49.9,0,0,0,0,0,1,0,0,0,0,0
1,0.1114,492.06,10.82972862,20.29,757,3270.0,10.019446703703723,37.0,0,0,0,0,0,0,1,0,0,0,0
1,0.1114,328.04,11.00209984,17.18,732,3900.0,9.440022500129976,67.3,1,0,0,0,0,0,1,0,0,0,0
1,0.0894,222.41,11.69524702,9.44,727,4020.0,8.871365005136852,31.0,0,0,0,0,1,0,0,0,0,0,0
1,0.1392,102.42,11.04292184,4.63,667,7500.041667,6.803505257608338,19.6,2,0,0,1,0,0,0,0,0,1,0
1,0.1565,874.66,11.73606902,0.04,762,7170.0,7.889459149404524,76.2,1,0,0,0,0,0,0,0,0,0,1
1,0.1253,602.4,11.35040654,18.96,727,6510.0,10.999797192141562,92.2,0,0,0,0,0,0,1,0,0,0,0
1,0.0774,140.49,11.1927202,17.85,757,8465.041667,9.921474807550515,19.6,0,1,0,0,0,0,0,0,1,0,0
1,0.1287,840.83,11.33857208,8.64,712,3811.041667,10.293365137302578,75.7,0,0,0,0,0,0,1,0,0,0,0
1,0.0774,202.93,10.30895266,17.68,752,6090.0,8.366835309827675,37.7,0,0,0,0,0,1,0,0,0,0,0
1,0.167,532.53,11.22524339,20.4,697,3749.041667,10.143212863442015,83.1,0,0,0,0,0,0,0,0,0,0,1
1,0.1635,229.64,11.08214255,11.41,672,2970.041667,8.916506080039204,95.6,0,0,1,0,0,0,1,0,0,0,0
1,0.1322,540.81,11.29836745,19.91,707,6332.041667,9.627206902808789,36.1,0,1,0,0,0,1,0,0,0,0,0
1,0.0894,476.58,10.04498711,10.1,772,5640.041667,9.019785010255125,23.7,0,0,0,0,0,0,1,0,0,0,0
1,0.074,155.3,10.81977828,3.17,792,7470.041667,8.396831834745054,6.8,0,0,0,0,1,0,0,0,0,0,0
1,0.1531,696.31,11.69524702,9.1,682,4800.041667,9.915910072534686,93.3,0,0,0,0,0,0,1,0,0,0,0
1,0.1322,676.02,11.08980542,9.07,707,3060.041667,9.641473226832925,81.0,0,0,0,0,0,0,1,0,0,0,0
1,0.0894,95.32,12.07254125,17.22,722,7050.041667,11.195677256916682,56.0,1,0,0,0,1,0,0,0,0,0,0
1,0.1183,497.01,11.00209984,10.44,732,3241.0,8.51959031601596,38.5,0,0,0,0,0,0,1,0,0,0,0
1,0.0774,168.59,10.42228135,23.88,747,2490.0,7.837948916025283,22.2,2,0,0,0,1,0,0,0,0,0,0
1,0.1148,79.13,10.40411131,21.49,717,1472.0,8.292298107063221,67.7,0,0,0,0,0,0,0,0,0,1,0
1,0.0774,124.88,11.26446411,7.17,792,6360.041667,5.1298987149230735,0.7,0,0,0,0,0,0,0,0,0,1,0
1,0.1253,40.16,9.655026193,23.69,707,2580.041667,8.965334573804839,70.5,1,0,0,0,1,0,0,0,0,0,0
1,0.074,62.12,10.91508846,1.88,767,5671.041667,7.936302693201959,9.3,1,0,0,0,0,0,0,0,0,1,0
1,0.16,773.47,11.9511804,19.9,697,7410.041667,11.197556969613501,97.7,0,0,0,0,0,1,0,0,0,0,0
1,0.1183,546.71,10.96337634,17.44,727,4890.041667,10.100369260661413,66.2,1,0,0,0,0,0,1,0,0,0,0
1,0.1287,403.6,11.00209984,12.48,692,1860.041667,9.438192819018127,62.2,1,0,0,0,0,0,1,0,0,0,0
1,0.1114,492.06,11.98292909,8.75,772,5640.041667,8.710454688248527,41.6,4,0,0,0,0,0,0,0,1,0,0
1,0.0859,278.17,11.10495723,14.29,767,5160.041667,9.44604470533525,8.6,1,0,0,0,0,0,1,0,0,0,0
1,0.0774,312.19,11.12726298,1.71,802,7440.041667,8.712430973476739,24.6,0,0,0,0,0,0,0,0,1,0,0
1,0.1148,428.59,11.51292546,5.24,732,4020.0,10.214458814215858,44.8,0,0,0,0,0,1,0,0,0,0,0
1,0.1565,419.84,12.15477935,8.21,672,3630.0,10.412321193621326,92.9,0,0,0,0,0,0,1,0,0,0,0
1,0.1357,326.1,10.24281286,4.66,682,2280.041667,8.098338846189057,35.0,1,0,0,0,0,0,0,0,0,1,0
1,0.1114,183.7,11.15625052,13.37,722,3630.0,6.07993319509559,7.4,0,0,0,0,1,0,0,0,0,0,0
1,0.1392,153.62,10.30895266,24.6,672,2582.041667,7.212294468500341,36.6,2,0,0,0,1,0,0,0,0,0,0
1,0.0859,193.62,11.02451344,10.21,747,3330.041667,8.821142236331891,22.0,0,0,0,0,0,0,1,0,0,0,0
1,0.0894,349.49,10.82774645,22.38,762,9539.041667,9.070503426788383,54.0,4,0,0,0,0,1,0,0,0,0,0
1,0.1322,302.52,10.57131693,22.12,682,7560.0,9.831508082743964,40.0,0,0,0,1,0,1,0,0,0,0,0
1,0.1287,504.5,11.52698615,14.07,702,5430.0,9.809945808127765,55.5,0,1,0,0,0,0,1,0,0,0,0
1,0.1287,403.6,11.1188453,7.15,697,8100.041667,9.552510629712033,70.0,0,0,0,0,0,1,0,0,0,0,0
1,0.167,142.01,9.574983486,0.0,662,1800.0,0.0,0.0,0,4,0,0,0,0,1,0,0,0,0
1,0.1114,426.45,11.77528973,12.15,747,9510.0,10.474438850135297,70.5,0,0,0,0,0,0,0,0,1,0,0
1,0.1357,339.69,10.91508846,18.22,682,4440.041667,9.687940077843546,39.1,0,0,0,1,0,0,1,0,0,0,0
1,0.1183,497.01,11.08214255,13.79,722,4710.0,9.204523486654617,45.4,0,0,0,0,0,1,0,0,0,0,0
1,0.1565,279.89,10.75149944,15.52,662,4110.041667,9.33353098253138,63.5,2,0,0,0,0,0,1,0,0,0,0
1,0.1183,265.08,10.81154448,10.79,707,4320.0,7.952966790923131,26.1,2,1,0,1,0,0,1,0,0,0,0
1,0.1183,258.45,11.35927299,8.82,757,2973.041667,8.245909264774093,5.8,0,0,0,0,0,0,0,1,0,0,0
1,0.1287,210.21,10.27505111,23.26,692,3780.041667,9.399554785027307,82.2,1,1,0,1,0,0,1,0,0,0,0
1,0.1322,270.41,10.26813067,14.92,697,2913.0,8.861491864286915,91.6,0,0,0,0,0,0,1,0,0,0,0
1,0.0774,46.83,11.15008872,4.36,737,2880.0,7.596894438144544,28.9,1,0,0,0,1,0,0,0,0,0,0
1,0.1426,240.15,11.08214255,11.13,672,3360.041667,8.73681053295389,89.0,1,0,0,0,0,0,1,0,0,0,0
1,0.1183,198.81,11.45924237,5.38,707,3720.041667,7.517520850603031,13.3,0,1,0,0,1,0,0,0,0,0,0
1,0.0859,252.89,10.75790288,9.45,752,6540.0,9.295416544331301,41.4,2,0,0,0,1,0,0,0,0,0,0
1,0.167,275.14,10.16585182,19.52,697,1650.041667,9.271905727634337,71.5,0,0,0,1,0,0,0,0,0,0,1
1,0.1253,334.67,9.980448594,4.72,727,1200.041667,7.878155336503324,11.5,2,0,0,0,1,0,0,0,0,0,0
1,0.1496,467.71,11.46813728,16.49,692,5910.041667,9.993419660036736,96.4,1,0,0,0,0,0,1,0,0,0,0
1,0.0894,47.66,10.59663473,9.6,712,2610.041667,5.267858159063328,7.4,0,0,0,1,1,0,0,0,0,0,0
1,0.1253,811.56,11.8493977,20.28,722,5400.0,11.013929592957815,62.5,1,0,0,0,0,0,1,0,0,0,0
1,0.1287,285.89,10.61043901,10.36,687,2760.041667,8.277666160851503,52.5,1,0,1,0,0,0,1,0,0,0,0
1,0.0894,406.68,10.4341158,0.18,817,5432.0,5.726847747587197,0.5,0,0,0,0,0,0,1,0,0,0,0
1,0.1253,133.87,10.55581274,22.31,707,1440.0,8.046549357283078,56.8,0,0,0,0,1,0,0,0,0,0,0
1,0.1218,283.05,10.79957558,7.08,707,3210.0,8.946374826141717,80.0,0,0,0,0,0,1,0,0,0,0,0
1,0.1114,328.04,11.8493977,8.1,742,5040.0,9.794286337492364,0.0,3,0,0,0,1,0,0,0,0,0,0
1,0.1114,131.22,11.05089001,10.29,717,4320.0,7.933079771880415,30.3,3,0,0,0,1,0,0,0,0,0,0
1,0.1635,482.25,10.40426284,7.89,702,3510.041667,9.324561516066206,66.7,1,0,0,1,0,0,0,0,0,0,1
1,0.1392,512.06,11.53329656,13.1,682,11550.0,9.080914824535725,37.4,1,0,0,0,0,0,0,0,1,0,0
1,0.0894,95.32,10.6454249,10.29,717,2220.041667,8.756210091886738,31.6,0,0,0,0,0,0,1,0,0,0,0
1,0.0894,127.09,10.49127422,2.77,762,2700.041667,8.286521373681236,19.7,0,0,0,0,0,0,1,0,0,0,0
1,0.1287,67.27,10.54534144,17.21,677,2580.0,7.766840537085513,59.0,0,3,0,0,1,0,0,0,0,0,0
1,0.1322,676.02,11.48612964,23.86,707,5090.0,10.23566486487446,78.3,1,0,0,0,0,0,1,0,0,0,0
1,0.1461,517.13,11.95761129,7.83,682,5730.0,8.797699580118923,30.5,2,0,0,0,0,0,0,0,1,0,0
1,0.0894,190.63,11.34568955,0.0,737,2166.0,0.0,0.0,1,0,0,0,0,1,0,0,0,0,0
1,0.0774,312.19,11.35040654,0.17,777,6570.0,8.00469951054955,9.5,0,0,0,0,0,0,1,0,0,0,0
1,0.1322,338.01,10.59663473,15.21,692,2100.0,9.163143937145207,43.8,0,0,0,0,0,0,1,0,0,0,0
1,0.1183,828.35,11.88446833,5.54,777,10290.04167,5.7430031878094825,0.4,1,0,0,0,0,0,0,0,1,0,0
1,0.0859,316.11,11.49799455,4.46,757,5282.041667,10.527686503469802,55.4,0,0,0,0,0,1,0,0,0,0,0
1,0.1218,199.8,10.96819829,13.9,727,4740.0,8.425954710981966,67.1,0,0,0,0,0,0,1,0,0,0,0
1,0.1774,612.36,11.07906088,14.13,687,5749.0,9.924759687811667,66.1,2,0,0,1,0,0,0,0,0,0,1
1,0.1392,119.48,10.30895266,5.36,692,2671.041667,8.059276223305648,73.5,1,0,0,0,1,0,0,0,0,0,0
1,0.0894,444.81,11.76107378,4.48,757,6198.0,8.633374945705647,8.9,0,0,0,0,1,0,0,0,0,0,0
1,0.1461,861.88,11.53718872,17.76,707,8910.041667,10.145609862448119,65.3,0,1,0,0,0,1,0,0,0,0,0
1,0.1148,296.72,10.37349118,11.36,747,3720.041667,9.681718056775063,30.6,1,0,0,1,0,0,1,0,0,0,0
1,0.0859,158.06,10.99406767,20.32,742,3990.0,8.80597465931132,32.4,0,0,0,0,1,0,0,0,0,0,0
1,0.1531,188.01,9.798127037,11.33,677,1710.0,8.188966863648876,94.7,0,0,0,0,0,0,1,0,0,0,0
1,0.1218,832.5,13.47019937,2.26,747,5880.041667,10.100779820259904,84.3,0,0,0,0,0,0,1,0,0,0,0
1,0.1287,168.17,10.42228135,13.14,702,7710.041667,9.319643106866632,86.5,1,0,1,0,0,0,1,0,0,0,0
1,0.074,62.12,10.69194491,4.53,787,4770.0,6.561030665896573,1.4,1,0,0,0,0,0,0,0,1,0,0
1,0.0774,124.88,10.25765937,17.64,767,5610.041667,6.416732282512326,6.9,1,0,0,0,0,0,0,0,0,1,0
1,0.0894,190.63,10.81977828,15.7,737,3120.041667,4.02535169073515,0.6,3,0,0,1,0,0,0,0,1,0,0
1,0.0788,206.45,11.1844214,9.62,732,5132.0,9.357897936333798,20.8,0,1,0,0,0,1,0,0,0,0,0
1,0.1531,217.6,10.1266311,13.73,712,3510.041667,7.5953872788539725,99.4,0,0,0,0,0,0,1,0,0,0,0
1,0.0859,158.06,11.00209984,22.08,772,6060.041667,7.983098940710892,20.1,5,0,0,0,1,0,0,0,0,0,0
1,0.1357,475.56,10.77895629,8.8,702,5700.041667,9.331229689251636,94.8,0,0,0,0,0,0,1,0,0,0,0
1,0.1148,824.22,11.28978191,9.9,777,6120.0,10.339449534086297,63.0,2,0,0,0,0,0,1,0,0,0,0
1,0.1287,201.8,10.59663473,3.45,697,1590.041667,8.225235324101668,58.3,2,0,0,0,0,0,1,0,0,0,0
1,0.0894,305.01,10.87804719,18.41,742,4050.041667,9.166597449028265,31.1,3,1,0,0,0,0,1,0,0,0,0
1,0.0859,252.89,10.54534144,0.95,812,9780.0,5.545177444479562,0.6,1,0,0,0,1,0,0,0,0,0,0
1,0.0894,317.72,11.08214255,15.05,742,6660.041667,10.531349266397443,61.9,1,0,0,0,0,0,0,0,1,0,0
1,0.1459,413.58,11.72803684,15.36,672,7610.0,10.316689322016014,67.3,0,2,0,0,0,1,0,0,0,0,0
1,0.1392,827.82,11.77528973,2.06,757,9810.0,8.82981174915805,30.4,5,0,0,1,0,0,0,0,1,0,0
1,0.0894,317.72,11.0744205,10.33,742,3630.0,9.60784051043005,58.0,2,0,0,0,1,0,0,0,0,0,0
1,0.1253,267.74,11.05089001,1.81,697,3630.0,8.450412157725886,47.2,1,0,0,0,1,0,0,0,0,0,0
1,0.1218,479.52,10.23995979,0.0,787,4860.041667,0.0,0.0,3,0,0,0,0,0,1,0,0,0,0
1,0.1114,295.24,10.89673933,17.47,732,7140.041667,9.857967037234319,38.0,2,0,0,0,0,0,1,0,0,0,0
1,0.0894,133.45,11.40756495,19.24,727,4200.041667,9.639977632055333,50.9,3,0,0,0,0,0,0,0,1,0,0
1,0.0894,285.95,10.69194491,8.97,747,3907.041667,8.306965865368573,13.6,1,0,0,0,1,0,0,0,0,0,0
1,0.1426,171.53,11.60823564,17.64,667,5340.041667,10.899808684315772,75.0,1,1,0,0,1,0,0,0,0,0,0
1,0.1322,169.01,11.60823564,15.4,692,3842.041667,10.892322176885992,92.1,2,0,0,1,0,0,0,0,1,0,0
1,0.1426,222.99,9.980448594,15.17,707,1470.0,7.526178913346146,23.2,0,0,0,0,1,0,0,0,0,0,0
1,0.0894,317.72,10.87804719,13.09,737,2280.041667,8.217978203150732,11.2,1,0,0,0,0,0,0,0,0,1,0
1,0.1322,253.51,11.5228758,22.22,687,6840.0,10.418285277054519,89.3,2,0,0,0,0,0,1,0,0,0,0
1,0.1114,32.81,9.169518377,4.38,747,1260.041667,6.18826412308259,21.0,0,0,0,0,0,0,1,0,0,0,0
1,0.1148,501.13,10.77895629,24.13,757,8043.0,8.734399150063695,49.7,2,0,0,0,0,0,1,0,0,0,0
1,0.0859,316.11,10.95960979,8.31,757,8430.041667,9.93440465517085,21.9,0,0,0,0,0,0,1,0,0,0,0
1,0.1496,259.84,10.13459927,5.38,687,1140.041667,8.591558273371545,58.5,1,0,0,0,0,0,1,0,0,0,0
1,0.1426,411.67,10.3859137,5.33,692,1288.041667,8.685753832960154,61.0,3,0,0,0,1,0,0,0,0,0,0
1,0.1774,144.09,10.71441777,14.04,667,3264.0,8.03365842788615,99.4,0,0,0,0,0,0,1,0,0,0,0
1,0.0894,540.12,11.69524702,2.19,777,4020.0,11.061107470117504,9.8,1,0,0,0,1,0,0,0,0,0,0
1,0.1218,807.53,11.57988293,17.65,742,9360.0,11.313754755078138,35.3,0,0,0,0,0,0,1,0,0,0,0
1,0.1114,278.83,10.25765937,24.63,727,8010.0,9.126306376366173,28.5,0,0,0,0,0,0,1,0,0,0,0
1,0.1496,866.13,11.43171541,0.47,772,4410.041667,8.271548374755515,6.5,3,0,0,0,0,0,0,0,0,0,1
1,0.0894,324.07,10.91508846,8.47,737,5730.0,9.475930197953147,39.0,1,0,0,0,0,0,1,0,0,0,0
1,0.1114,472.38,12.20607265,9.68,737,7627.0,10.289158033316113,59.3,3,0,0,0,0,1,0,0,0,0,0
1,0.1531,678.9,11.40756495,15.89,792,16350.0,10.435291582687311,1.6,4,0,0,0,0,0,0,0,0,0,1
1,0.0774,109.27,11.08214255,9.42,742,2790.0,7.643961949002529,9.8,0,0,0,0,0,0,1,0,0,0,0
1,0.1392,136.55,10.71441777,15.76,672,5130.0,8.2960476427647,54.9,1,0,0,0,0,0,1,0,0,0,0
1,0.1114,367.4,10.46310334,10.8,732,3810.041667,9.271623600393081,36.9,3,0,0,1,0,0,1,0,0,0,0
1,0.1253,240.96,10.62132735,13.61,722,2670.041667,9.018089684104343,93.7,2,0,0,0,1,0,0,0,0,0,0
1,0.1183,397.61,10.71441777,20.69,737,3420.041667,9.113719333371757,68.8,0,0,0,0,0,1,0,0,0,0,0
1,0.1183,99.41,10.96819829,19.31,697,6450.0,9.522300336887486,79.0,1,0,0,0,0,1,0,0,0,0,0
1,0.1253,585.67,10.52492389,20.85,722,4953.041667,9.671555495188839,78.6,0,0,0,0,0,1,0,0,0,0,0
1,0.1114,196.83,10.59663473,24.1,717,4740.0,8.327726166461412,52.4,0,0,0,0,0,1,0,0,0,0,0
1,0.167,532.53,11.00584283,2.11,742,1261.041667,8.507142855562735,0.0,1,0,0,1,0,0,0,0,0,0,1
1,0.0894,103.26,10.71441777,6.13,747,2043.041667,8.457230850243555,43.2,1,0,0,1,1,0,0,0,0,0,0
1,0.1218,199.8,10.08580911,9.65,747,3690.041667,8.125926802707886,31.9,4,0,0,1,0,0,1,0,0,0,0
1,0.1385,818.5,10.66895539,13.7,722,9600.041667,9.44200749423127,88.2,0,0,0,0,0,0,1,0,0,0,0
1,0.0774,93.66,10.08580911,24.55,742,5220.041667,9.93280360687018,38.3,0,0,0,0,1,0,0,0,0,0,0
1,0.1114,393.65,11.42954386,12.52,752,4920.041667,10.136423006312807,53.3,4,0,0,0,0,0,0,0,1,0,0
1,0.1357,305.72,10.41331268,11.14,682,3930.0,8.09559870137819,41.0,0,0,0,0,0,0,1,0,0,0,0
1,0.1426,102.92,9.729134165,12.21,672,3660.0,7.480428306074208,73.8,0,0,0,0,1,0,0,0,0,0,0
1,0.167,168.64,10.34817337,18.27,687,1633.041667,9.611864390851085,40.8,0,0,0,1,0,0,0,0,0,0,1
1,0.0894,305.01,11.22524339,18.19,742,4981.0,9.338029733117072,35.0,2,1,0,0,0,0,0,0,1,0,0
1,0.1531,348.16,10.42821608,15.02,667,2370.041667,9.054504940418054,44.3,1,0,0,0,0,0,1,0,0,0,0
1,0.0894,476.58,11.53272809,7.31,797,7260.0,9.873698223725375,32.5,0,0,0,0,0,1,0,0,0,0,0
1,0.1426,483.72,10.858999,20.91,722,6360.041667,10.659938116765312,98.4,1,0,0,1,0,1,0,0,0,0,0
1,0.0894,158.86,10.34174248,16.41,727,3330.041667,7.537962659768208,10.3,1,0,0,0,0,0,1,0,0,0,0
1,0.1426,274.45,11.15625052,18.48,672,6540.0,8.969923491991516,71.5,0,0,0,0,0,1,0,0,0,0,0
1,0.0859,173.86,10.91508846,14.97,742,6990.041667,9.3487971151232,12.5,0,1,0,0,0,0,1,0,0,0,0
1,0.1322,676.02,10.81977828,10.44,712,5520.0,10.024686967937972,82.7,3,0,0,0,0,0,1,0,0,0,0
1,0.1218,666.0,11.01862914,12.96,727,4774.041667,10.254320464991228,74.7,1,0,0,0,0,0,1,0,0,0,0
1,0.1287,282.52,11.75194237,16.36,687,3540.0,10.167427498042906,60.8,1,0,0,0,0,0,0,0,1,0,0
1,0.1253,502.0,11.02026715,16.56,712,2190.0,9.000853147109458,59.6,0,0,0,0,1,0,0,0,0,0,0
1,0.1357,441.6,10.42821608,21.76,692,6780.041667,10.091128270807683,70.5,3,0,0,0,0,0,1,0,0,0,0
1,0.1531,389.94,10.66914142,21.85,667,2779.041667,9.275940829060131,55.0,1,0,0,0,0,0,0,0,0,1,0
1,0.1322,540.81,11.11266399,11.94,702,5040.0,9.49288426657184,62.3,1,0,0,0,0,0,1,0,0,0,0
1,0.1322,331.25,10.98189713,5.88,687,2675.041667,9.207636720401869,35.9,3,0,1,0,0,0,0,0,0,1,0
1,0.1148,280.24,9.862665558,14.06,717,2850.0,8.10711747075039,62.6,0,0,0,0,0,0,0,1,0,0,0
1,0.0859,221.28,11.51292546,11.18,737,6420.041667,11.200909715502995,16.6,2,0,0,0,0,0,1,0,0,0,0
1,0.1531,334.23,10.83958091,5.81,662,1920.041667,8.047509510981422,32.6,0,2,0,0,0,0,1,0,0,0,0
1,0.074,124.24,10.49127422,10.43,777,3450.041667,7.6324011266014535,12.1,0,0,0,0,0,0,0,0,0,1,0
1,0.1461,86.19,11.08214132,15.23,662,3990.0,8.46884293047519,78.1,2,0,1,0,0,1,0,0,0,0,0
1,0.1531,557.05,11.15625052,20.64,677,1800.0,9.369563877524161,54.8,1,0,0,1,0,0,1,0,0,0,0
1,0.0859,221.28,10.91508846,6.09,757,3667.0,8.380456667842767,29.3,0,0,0,0,0,0,0,0,0,1,0
1,0.1565,699.73,10.95954023,4.88,682,3150.041667,9.040382074165628,87.9,0,0,0,0,0,0,1,0,0,0,0
1,0.1426,205.84,11.21946674,14.05,667,9240.041667,8.133880887949207,48.7,2,5,0,0,0,0,1,0,0,0,0
1,0.16,506.27,11.31938926,12.74,662,4710.0,10.46809088198259,69.4,3,0,0,0,0,0,1,0,0,0,0
1,0.1947,184.49,11.69524702,9.35,707,4260.0,7.77485576666552,40.3,1,0,0,0,0,0,0,0,0,0,1
1,0.1148,329.69,10.74194646,9.75,717,4500.041667,9.032289682032873,66.9,1,0,0,0,0,0,1,0,0,0,0
1,0.1253,502.0,10.46310334,12.03,707,4680.0,9.323490469908839,53.3,0,0,1,0,0,0,1,0,0,0,0
1,0.0859,94.84,11.25480219,15.92,727,4290.0,9.687629894522718,67.7,2,0,0,0,1,0,0,0,0,0,0
1,0.1392,477.92,11.21182037,21.91,682,7000.041667,9.561067663645012,42.8,1,2,0,0,0,0,1,0,0,0,0
1,0.1148,395.63,11.69524702,1.01,772,3570.0,7.579678823090456,12.1,1,0,0,0,1,0,0,0,0,0,0
1,0.1218,176.49,11.01224817,20.73,697,4440.041667,9.496571392160648,31.3,0,0,0,0,0,0,1,0,0,0,0
1,0.1878,803.99,10.55581274,9.69,662,1290.041667,9.462187991418748,37.9,1,0,0,0,1,0,0,0,0,0,0
1,0.1426,754.73,11.00209984,21.34,702,3360.041667,10.469851945892822,69.1,2,0,0,0,0,0,1,0,0,0,0
1,0.1183,157.39,10.49127422,21.8,702,2130.0,10.255938588321637,75.7,2,0,0,0,0,0,1,0,0,0,0
1,0.1183,331.34,10.7623822,9.66,792,9990.041667,6.09807428216624,0.9,3,0,0,0,1,0,0,0,0,0,0
1,0.1253,381.52,10.95080655,13.64,702,3780.041667,9.812084729062784,60.8,1,0,0,0,0,0,1,0,0,0,0
1,0.1253,811.56,12.32385568,12.7,727,9000.0,11.708196152050393,26.6,1,0,0,0,0,0,0,0,1,0,0
1,0.1287,50.45,11.00209984,8.52,677,8820.041667,7.317876198626496,37.6,0,2,0,0,1,0,0,0,0,0,0
1,0.1183,99.41,11.32659589,11.71,697,7920.0,9.792611856190192,64.9,1,0,0,0,0,1,0,0,0,0,0
1,0.1253,585.67,11.21182037,23.35,727,5820.0,9.476006870370282,52.2,0,0,0,0,0,0,0,0,1,0,0
1,0.1496,242.52,11.26446411,2.64,667,3660.0,10.910130740440835,89.2,0,0,0,0,0,1,0,0,0,0,0
1,0.074,46.59,10.54534144,0.69,747,2640.041667,7.026426808699636,16.5,1,0,0,0,0,0,1,0,0,0,0
1,0.074,93.18,10.1266311,6.91,752,2250.041667,6.102558594613569,17.2,0,0,0,0,0,0,0,0,0,1,0
1,0.1183,497.01,10.6454249,14.2,727,6841.0,9.29605924737872,39.6,0,0,1,0,0,1,0,0,0,0,0
1,0.1287,252.25,10.6454249,8.31,687,3000.041667,8.998631198287637,30.9,1,0,0,0,0,0,1,0,0,0,0
1,0.1148,197.82,10.46310334,15.67,717,11160.04167,8.769351707798972,48.7,1,0,0,0,0,0,1,0,0,0,0
1,0.0859,237.08,11.08214255,19.88,767,4440.041667,8.651898894268529,11.0,0,0,0,0,0,0,0,0,0,1,0
1,0.1878,913.63,11.46163217,18.18,667,5160.0,9.623112055266786,77.9,1,0,0,0,0,0,1,0,0,0,0
1,0.1253,93.71,10.77895629,23.23,682,4770.0,10.322987049608095,66.3,1,0,1,0,0,1,0,0,0,0,0
1,0.1148,791.25,11.51292546,12.68,792,6780.041667,10.047284820283895,25.7,0,0,0,0,0,0,1,0,0,0,0
1,0.1148,329.69,10.70987413,14.79,727,3030.041667,9.685207156887905,54.9,0,0,0,0,1,0,0,0,0,0,0
1,0.1496,291.02,10.39690249,13.92,667,5370.0,9.18132342290569,63.5,1,1,0,0,0,0,1,0,0,0,0
1,0.1392,751.02,11.22524339,23.92,707,4699.0,9.490771217713771,61.3,0,0,0,0,0,1,0,0,0,0,0
1,0.1114,164.02,10.08580911,3.3,717,1860.041667,7.025538314638521,9.7,1,0,0,0,1,0,0,0,0,0,0
1,0.0859,189.67,11.28978191,22.52,742,5310.041667,8.209852481301272,10.2,1,0,0,0,0,0,1,0,0,0,0
1,0.1218,807.53,11.00209984,21.9,742,8617.041667,11.521320130958498,34.4,1,0,0,0,0,0,1,0,0,0,0
1,0.1287,336.34,10.79949394,21.97,697,4560.041667,10.010546624829535,66.8,0,0,0,0,1,0,0,0,0,0,0
1,0.1357,101.91,11.15625052,5.69,672,6770.041667,8.09437844497296,21.0,1,3,0,0,0,0,1,0,0,0,0
1,0.1025,442.06,10.73116563,13.98,727,4813.0,10.036181094261593,79.3,0,0,0,0,0,0,1,0,0,0,0
1,0.1025,518.16,11.1844214,4.93,752,5909.0,8.087332926473351,25.0,1,0,0,0,0,1,0,0,0,0,0
1,0.1099,695.63,10.75900865,17.93,722,3181.041667,10.190056505700436,61.6,1,0,0,0,0,0,1,0,0,0,0
1,0.1114,518.3,11.51292546,21.88,747,4620.0,10.304308560150634,47.6,0,0,0,0,0,0,1,0,0,0,0
1,0.1183,803.5,12.03171926,11.42,762,5343.041667,10.926352063765963,39.5,0,0,0,0,0,0,1,0,0,0,0
1,0.0894,444.81,11.69524702,15.8,762,4770.0,11.014818613612013,80.4,0,0,0,0,0,0,1,0,0,0,0
1,0.1287,403.6,10.37349118,21.68,737,4559.041667,8.905308661189288,85.7,1,0,0,1,0,0,1,0,0,0,0
1,0.1809,253.37,10.62132735,7.52,692,2430.0,9.100525505968976,97.4,1,0,0,0,1,0,0,0,0,0,0
1,0.1253,167.34,10.52674861,21.49,707,4590.041667,0.0,0.0,0,0,0,1,0,0,1,0,0,0,0
1,0.0894,317.72,13.54370183,1.69,752,3570.0,9.258273025731485,41.0,0,0,0,0,0,0,1,0,0,0,0
1,0.1253,836.66,11.60827201,10.97,732,5611.041667,10.415832022271388,63.2,1,0,0,0,1,0,0,0,0,0,0
1,0.0894,190.63,11.56171563,10.42,727,4560.041667,9.255887186932153,44.0,0,0,0,1,1,0,0,0,0,0,0
1,0.074,77.65,10.1266311,20.02,762,3301.0,9.38210641483062,14.7,0,0,0,0,1,0,0,0,0,0,0
1,0.1357,339.69,11.01862914,21.52,687,5190.041667,9.215029361462314,46.3,0,0,0,0,0,0,1,0,0,0,0
1,0.0774,202.93,11.1927202,13.72,757,3690.041667,9.235813167949214,24.0,0,0,0,0,1,0,0,0,0,0,0
1,0.1218,599.4,11.44035477,10.61,722,4491.041667,10.273705376290232,22.2,1,0,0,0,0,1,0,0,0,0,0
1,0.16,878.94,11.56171563,10.8,732,6210.0,10.407530224005287,98.8,1,0,0,0,0,0,1,0,0,0,0
1,0.167,710.03,11.47210347,15.82,672,7200.0,9.614337736809313,36.7,0,2,0,0,0,0,1,0,0,0,0
1,0.1183,662.68,11.49272276,19.93,737,4890.041667,10.629779331688376,56.6,2,0,0,0,0,0,1,0,0,0,0
1,0.0774,152.98,11.22524339,4.64,767,5073.0,9.28628237555134,27.7,1,0,0,0,1,0,0,0,0,0,0
1,0.1183,662.68,11.23848862,10.72,737,5040.0,7.724004656676065,17.5,0,0,0,1,0,0,1,0,0,0,0
1,0.1218,666.0,10.92665765,23.72,727,5520.041667,10.546498663602277,52.6,1,0,0,0,0,1,0,0,0,0,0
1,0.0894,127.09,10.79957558,18.59,722,5430.0,8.453827315794417,35.3,0,0,0,0,0,1,0,0,0,0,0
1,0.0894,317.72,10.90646961,7.68,737,5160.041667,8.783549477153265,7.8,3,0,0,0,0,1,0,0,0,0,0
1,0.1392,221.89,10.08580911,16.2,672,2430.0,8.973858256222792,59.3,1,0,0,0,0,0,1,0,0,0,0
1,0.1183,248.51,11.22524339,18.88,707,2928.0,9.06566136060674,29.6,2,1,0,0,0,0,1,0,0,0,0
1,0.1253,401.6,11.15625052,23.14,702,4470.041667,10.146394514691288,64.6,2,0,0,0,0,1,0,0,0,0,0
1,0.1148,181.33,9.574983486,12.08,707,3280.0,8.572249397164315,30.0,3,0,0,0,1,0,0,0,0,0,0
1,0.1357,50.96,11.00209984,20.6,667,9840.0,9.858124010784598,82.0,1,0,0,0,1,0,0,0,0,0,0
1,0.1218,807.53,10.90738615,17.41,737,4111.041667,10.25976241645352,73.2,0,0,0,1,0,0,1,0,0,0,0
1,0.1218,832.5,11.6784399,3.48,757,9780.0,9.232884336411077,40.1,1,0,0,0,0,0,1,0,0,0,0
1,0.1635,309.13,11.15625052,3.05,662,3420.041667,8.913011922472597,81.2,0,0,0,0,1,0,0,0,0,0,0
1,0.1114,246.03,10.7243681,7.18,762,4770.0,8.720460512725655,21.1,1,0,0,0,0,0,1,0,0,0,0
1,0.0894,254.18,11.46163217,8.82,742,5730.0,9.965334955862208,50.2,0,0,0,0,0,0,0,0,1,0,0
1,0.074,155.3,10.69194491,13.58,777,4020.0,10.540170196114946,35.2,0,0,0,0,0,0,1,0,0,0,0
1,0.1114,164.02,11.16336799,12.65,742,1950.041667,8.56388591940822,73.4,0,0,0,0,0,1,0,0,0,0,0
1,0.1218,233.1,10.83958091,15.69,702,5640.041667,9.631678829240638,81.9,0,0,0,0,0,1,0,0,0,0,0
1,0.1114,295.24,10.59663473,9.9,732,5460.0,9.138414632404594,25.5,0,1,0,0,0,0,1,0,0,0,0
1,0.1218,133.2,11.10375349,19.84,697,3210.0,9.947934967271424,67.7,2,0,0,0,0,0,0,0,0,1,0
1,0.1357,713.34,11.87756858,13.95,707,6270.041667,10.14831431468148,32.1,0,0,0,0,0,1,0,0,0,0,0
1,0.1114,239.47,10.19351188,21.32,717,3331.041667,8.784009071186633,72.5,0,0,0,0,0,0,1,0,0,0,0
1,0.1218,765.9,11.26446411,8.58,742,3990.0,10.186898014636986,49.2,2,0,0,1,0,1,0,0,0,0,0
1,0.1774,734.83,10.95080655,6.84,667,1830.0,7.507141079727608,42.3,2,1,0,1,1,0,0,0,0,0,0
1,0.0859,189.67,10.77895629,12.65,757,2370.041667,4.787491742782046,0.5,1,0,0,0,0,1,0,0,0,0,0
1,0.1114,524.86,11.2835123,6.51,747,7020.041667,9.61012269694885,56.1,1,0,0,0,0,0,1,0,0,0,0
1,0.1531,696.31,11.46163217,9.28,697,2610.041667,9.325453179076687,32.4,0,1,0,0,0,0,1,0,0,0,0
1,0.1114,656.07,11.22524339,11.31,777,3000.041667,7.027314514039777,7.9,0,0,0,0,1,0,0,0,0,0,0
1,0.1183,149.11,10.09823163,0.99,792,3511.041667,4.770684624465665,8.4,5,0,0,0,1,0,0,0,0,0,0
1,0.0774,199.8,10.46310334,18.07,752,3210.0,8.986571625268054,24.7,0,0,0,0,0,0,1,0,0,0,0
1,0.0859,316.11,10.51867319,14.85,757,6210.0,9.673445259530762,42.6,0,0,0,0,0,1,0,0,0,0,0
1,0.1218,158.18,11.82815218,23.49,697,5520.041667,10.09559441006488,73.7,1,0,0,0,0,0,1,0,0,0,0
1,0.1426,137.23,10.30895266,11.32,672,1590.041667,7.943427767876373,52.1,0,1,0,0,0,0,1,0,0,0,0
1,0.1392,290.17,10.59663473,16.05,697,1980.041667,9.47378098005493,66.1,1,0,0,1,0,0,1,0,0,0,0
1,0.074,62.12,11.00209984,10.04,757,4351.0,8.12296471523406,11.7,0,0,0,0,1,0,0,0,0,0,0
1,0.0859,189.67,10.16585182,9.45,762,2850.0,3.091042453358316,0.1,0,0,0,0,0,0,1,0,0,0,0
1,0.1253,836.66,11.33857208,13.63,732,6275.041667,10.128110009729737,45.4,3,0,0,0,0,0,1,0,0,0,0
1,0.16,534.4,10.57131693,13.91,667,5460.0,9.987690823818202,75.7,0,1,0,0,0,0,1,0,0,0,0
1,0.1322,608.42,11.31447453,19.33,702,4838.041667,8.424419791263883,47.0,1,0,0,0,1,0,0,0,0,0,0
1,0.1253,251.0,10.91508846,4.49,697,2610.041667,8.801619971147346,44.9,1,0,0,0,0,0,0,1,0,0,0
1,0.1253,267.74,10.30768519,19.22,692,1950.041667,9.36434818445553,60.7,0,0,0,0,0,0,1,0,0,0,0
1,0.0894,285.95,10.77895629,16.35,737,4050.0,9.143024664691316,22.2,3,0,0,0,1,0,0,0,0,0,0
1,0.1114,82.01,10.91508846,6.2,712,2646.041667,8.740816627567298,64.5,3,0,0,0,0,1,0,0,0,0,0
1,0.1253,669.33,12.04355372,3.43,717,4380.0,8.208219383496834,18.9,0,0,0,0,0,0,0,0,1,0,0
1,0.1392,81.93,10.18111929,21.0,732,7560.0,8.81060879571578,98.6,1,0,0,1,1,0,0,0,0,0,0
1,0.1322,236.61,11.39639165,14.25,687,6960.0,9.870551052289864,89.6,0,1,0,0,0,0,1,0,0,0,0
1,0.1287,336.34,10.46310334,12.17,717,2310.041667,8.58466490653125,76.4,1,0,0,0,0,0,0,0,1,0,0
1,0.1357,101.91,11.51292546,10.19,677,1710.0,8.304494897963567,87.8,2,0,0,0,1,0,0,0,0,0,0
1,0.1531,835.57,11.19821472,13.78,682,8700.0,9.633579908183512,57.7,0,0,1,0,1,0,0,0,0,0,0
1,0.1322,118.31,11.12726298,14.33,707,3660.0,9.94611591459175,96.2,0,0,0,0,0,0,0,0,0,1,0
1,0.0859,316.11,10.91508846,13.85,752,5910.041667,9.293117798433752,28.5,2,0,0,0,1,0,0,0,0,0,0
1,0.1565,139.95,9.472704636,3.42,667,1710.0,6.796823718274855,59.6,1,0,0,0,1,0,0,0,0,0,0
1,0.0774,312.19,11.1844214,3.42,777,9570.041667,9.339788439163069,34.7,0,0,0,0,1,0,0,0,0,0,0
1,0.0894,285.95,10.4341158,4.91,737,1860.041667,7.764296006450518,24.5,0,0,0,0,1,0,0,0,0,0,0
1,0.1392,716.88,11.12726298,17.95,697,4920.041667,9.584246011176582,80.7,0,0,0,1,1,0,0,0,0,0,0
1,0.1426,638.09,11.50992096,17.26,682,4230.041667,9.892477160016076,48.8,0,0,0,0,0,1,0,0,0,0,0
1,0.0894,174.75,10.89673933,13.71,727,2702.041667,8.644354337032917,32.6,1,0,0,0,0,1,0,0,0,0,0
1,0.0894,158.86,10.81977828,13.27,742,2130.0,8.450412157725886,18.0,0,0,0,0,0,0,0,1,0,0,0
1,0.1322,169.01,10.6454249,13.49,717,3330.041667,9.61273410155986,97.7,0,0,0,1,1,0,0,0,0,0,0
1,0.1253,66.94,11.00209984,4.12,687,3600.0,8.013674142832684,18.1,1,0,0,0,0,0,1,0,0,0,0
1,0.1218,66.6,10.81977828,14.83,692,2250.041667,8.984192311641674,67.6,1,0,0,0,1,0,0,0,0,0,0
1,0.1322,338.01,10.81977828,7.44,692,2070.0,8.910450756416656,31.9,2,0,0,0,0,1,0,0,0,0,0
1,0.2086,94.02,10.727663,0.53,662,2029.041667,7.653020413804189,91.6,3,0,0,1,1,0,0,0,0,0,0
1,0.1565,69.98,11.22524339,6.61,667,2709.041667,0.0,0.0,1,0,0,0,0,0,0,0,1,0,0
1,0.1287,168.17,10.49127422,18.23,682,9600.041667,8.960724500330858,82.0,3,0,0,0,1,0,0,0,0,0,0
1,0.1287,336.34,10.08580911,8.45,697,3750.041667,7.1731917424865985,18.4,0,1,0,0,1,0,0,0,0,0,0
1,0.1426,171.53,11.51292546,12.18,667,2670.041667,10.253122775683622,40.3,2,0,0,0,0,0,0,1,0,0,0
1,0.1183,198.81,11.00209984,18.82,717,5040.0,9.657523073436215,93.1,1,0,0,1,1,0,0,0,0,0,0
1,0.1426,411.67,10.16585182,10.85,682,1620.041667,9.11679862756782,52.6,0,0,0,0,0,0,1,0,0,0,0
1,0.1218,666.0,11.30958454,9.79,727,6000.041667,10.329147367929812,81.0,2,0,0,0,0,1,0,0,0,0,0
1,0.1635,176.65,11.3222491,14.33,707,5490.0,11.201524305897856,98.5,0,0,0,0,0,1,0,0,0,0,0
1,0.1531,870.39,11.28978191,0.81,797,6510.0,8.204398418149381,11.8,1,0,0,0,0,0,0,0,0,0,1
1,0.0894,158.86,11.43712375,15.02,732,6212.0,11.330887867855907,41.7,0,0,0,0,0,1,0,0,0,0,0
1,0.1426,614.94,11.33857208,16.57,697,3720.041667,7.543273346705446,94.3,0,0,0,0,1,0,0,0,0,0,0
1,0.1218,106.56,10.41232119,19.84,697,4620.041667,7.358193752733032,71.3,2,0,1,0,1,0,0,0,0,0,0
1,0.1183,99.41,11.29476946,23.67,697,7380.041667,9.788637710857186,66.3,3,0,0,1,1,0,0,0,0,0,0
1,0.0894,111.21,10.77895629,15.8,722,3870.041667,9.274253697719836,76.4,0,0,0,1,1,0,0,0,0,0,0
1,0.1496,554.32,11.57119437,9.87,692,4500.041667,10.46015614461037,87.5,2,0,0,0,0,0,1,0,0,0,0
1,0.1774,720.42,11.81303006,19.85,672,4080.041667,10.459210057184402,90.8,1,0,1,0,0,0,1,0,0,0,0
1,0.0859,316.11,11.15625052,15.38,757,5100.0,9.636653312597184,41.2,0,0,0,0,0,1,0,0,0,0,0
1,0.1322,243.37,11.00209984,14.42,682,6210.0,10.046721720622037,74.9,0,0,0,0,0,0,1,0,0,0,0
1,0.1218,333.0,10.54534144,10.2,712,4033.0,9.07726601775084,48.9,0,0,0,0,0,0,1,0,0,0,0
1,0.1287,242.16,11.00209984,14.34,687,1860.0,6.974478911025045,10.9,0,0,0,0,1,0,0,0,0,0,0
1,0.1392,341.37,11.1124479,21.65,707,5550.041667,9.885425409717719,86.5,0,0,0,0,0,0,1,0,0,0,0
1,0.1253,669.33,11.00209984,2.6,747,3570.0,8.798152718107191,76.1,2,0,0,0,0,0,0,0,1,0,0
1,0.1287,168.17,10.6454249,20.14,682,3930.0,7.618742377670413,40.0,2,1,0,0,0,0,0,0,0,1,0
1,0.0894,389.21,10.37349118,12.6,752,6870.0,9.677527538712344,41.1,1,0,0,0,0,0,1,0,0,0,0
1,0.1392,256.03,10.46310334,14.06,682,2010.041667,9.479603858903946,69.3,0,0,0,0,0,0,1,0,0,0,0
1,0.1218,83.25,10.69964248,22.41,687,4380.0,9.588091641516831,34.9,1,0,0,1,1,0,0,0,0,0,0
1,0.1218,832.5,11.2515607,22.44,742,5411.0,10.70976250536426,35.2,1,0,0,0,0,1,0,0,0,0,0
1,0.0774,124.88,11.58988651,6.02,787,4230.041667,5.823045895483019,1.9,0,0,0,0,1,0,0,0,0,0,0
1,0.1322,324.49,11.51292546,11.44,692,4770.0,8.419359831067474,14.3,0,4,0,0,1,0,0,0,0,0,0
1,0.2121,755.69,11.24895992,5.72,672,1440.0,6.2166061010848646,83.3,1,0,0,0,0,0,0,0,0,0,1
1,0.1496,173.23,10.33516607,14.69,672,4800.041667,9.383200644980624,90.0,0,0,0,0,0,0,1,0,0,0,0
1,0.16,843.78,11.91839057,7.01,727,4778.0,9.750452916367067,26.0,1,1,0,0,0,0,0,0,0,0,1
1,0.1253,485.27,10.23995979,15.13,747,4771.0,9.343471684579365,68.4,0,0,0,0,0,0,1,0,0,0,0
1,0.1183,417.49,10.76320793,20.14,717,3660.0,9.276408971945887,54.7,0,0,0,0,0,0,1,0,0,0,0
1,0.1218,116.55,10.59663473,18.18,712,4770.0,8.76123680683819,66.5,1,0,1,0,1,0,0,0,0,0,0
1,0.1357,509.53,11.00209984,17.22,692,2850.0,9.475086413144906,66.6,1,0,0,0,0,1,0,0,0,0,0
1,0.1183,198.81,11.23848862,3.44,707,3330.041667,8.891511570527564,38.7,0,0,0,0,0,0,1,0,0,0,0
1,0.1426,137.23,10.54534144,9.92,667,5100.0,7.945555428253489,37.1,1,0,0,0,1,0,0,0,0,0,0
1,0.1136,329.12,11.77528973,20.19,702,3660.0,9.23883064237581,64.3,0,0,0,0,0,0,1,0,0,0,0
1,0.1913,557.24,10.91508846,2.38,717,4740.0,6.198478716492308,98.2,0,0,0,0,0,0,0,0,0,0,1
1,0.1461,689.51,11.40756495,9.91,687,6780.041667,5.480638923341991,3.5,1,0,0,0,0,0,0,0,1,0,0
1,0.1218,399.6,11.00209984,17.86,707,7170.041667,9.743084031043104,58.7,1,0,0,0,0,0,1,0,0,0,0
1,0.1183,256.79,9.952277717,17.43,707,2130.0,9.324829098460881,44.5,1,0,0,0,0,0,1,0,0,0,0
1,0.0894,381.26,10.93310697,10.26,767,3810.041667,8.423761246623686,15.2,0,0,0,0,0,0,1,0,0,0,0
1,0.1183,397.61,11.48246626,2.09,717,4590.041667,8.63994165667529,22.3,0,0,0,0,0,0,1,0,0,0,0
1,0.1531,348.16,10.30895266,18.6,667,4980.041667,9.115260165725912,68.4,1,0,0,0,0,0,1,0,0,0,0
1,0.0894,381.26,10.76848499,2.78,782,5405.0,8.83608319099221,20.0,0,0,0,0,0,0,1,0,0,0,0
1,0.0894,47.66,10.858999,7.27,717,11400.04167,7.826044013518965,21.4,0,1,0,0,0,0,0,0,0,1,0
1,0.0894,222.41,10.59663473,18.42,742,2670.041667,8.597297435657898,55.3,0,0,0,0,0,0,1,0,0,0,0
1,0.0894,476.58,10.59663473,20.4,802,6510.0,8.249052274171293,9.0,0,0,0,0,0,0,0,0,0,1,0
1,0.1426,445.98,10.59663473,23.85,687,4440.041667,10.090796650841122,91.7,0,0,0,0,1,0,0,0,0,0,0
1,0.1496,840.15,11.1124479,21.74,687,8189.041667,10.685194910075554,77.8,0,0,0,0,0,0,1,0,0,0,0
1,0.1357,597.85,11.70354582,23.83,692,6965.0,10.846322839632395,81.5,1,0,0,0,0,0,1,0,0,0,0
1,0.1253,33.47,10.23995979,20.19,682,2460.0,7.437206366871292,39.5,1,0,0,0,1,0,0,0,0,0,0
1,0.1253,140.56,10.30895266,18.36,687,2700.041667,8.122371243406553,32.7,2,0,0,0,1,0,0,0,0,0,0
1,0.1531,844.28,11.28978191,24.3,692,4290.0,10.178274337002176,86.6,0,0,0,0,0,0,1,0,0,0,0
1,0.1287,336.34,10.4341158,21.42,707,5100.0,9.553717287770926,86.0,1,0,0,0,0,0,1,0,0,0,0
1,0.1148,164.85,10.96819829,8.67,712,5190.041667,7.542213463193403,19.6,0,0,1,1,0,0,1,0,0,0,0
1,0.0859,249.72,11.41861479,15.2,812,10320.04167,8.281723990411392,4.9,0,0,0,0,0,1,0,0,0,0,0
1,0.0774,187.32,11.57402056,6.89,762,5880.041667,8.975124239427704,25.0,0,0,0,0,0,1,0,0,0,0,0
1,0.0859,284.5,11.98292909,10.32,767,6930.0,11.744743285792774,27.0,0,0,0,0,0,0,1,0,0,0,0
1,0.1287,168.17,10.58446093,20.01,697,2760.041667,8.53050420547591,84.4,1,0,0,0,0,0,1,0,0,0,0
1,0.074,139.77,11.00209984,12.76,782,3812.041667,9.039907859574642,20.4,1,0,0,0,1,0,0,0,0,0,0
1,0.16,527.36,10.858999,10.08,667,4410.0,9.710327470561179,52.7,0,0,0,0,0,0,1,0,0,0,0
1,0.1322,608.42,10.77230925,12.33,732,3900.0,8.443977129084978,55.2,1,0,0,1,1,0,0,0,0,0,0
1,0.1148,197.82,11.08214255,18.11,712,4050.0,9.970445020661009,82.2,0,0,0,0,0,0,1,0,0,0,0
1,0.1183,803.5,11.53272809,3.0,767,6314.041667,8.602453035367061,9.7,0,0,0,0,0,0,1,0,0,0,0
1,0.1774,288.17,10.59663473,8.91,667,1200.041667,7.509883061154913,67.6,3,1,0,0,0,0,0,0,0,1,0
1,0.0894,127.09,9.92329018,3.88,722,4079.041667,7.044905117129371,19.4,0,0,0,0,1,0,0,0,0,0,0
1,0.1426,528.31,11.69524702,7.98,682,7650.0,10.211192816193375,87.8,0,1,0,0,0,1,0,0,0,0,0
1,0.1565,874.66,10.91508846,4.25,742,2880.0,8.959825623865841,22.6,2,0,0,0,0,0,0,0,0,0,1
1,0.0894,381.26,11.08214255,10.14,752,3755.041667,6.55250788703459,5.1,3,0,0,0,1,0,0,0,0,0,0
1,0.1565,227.41,10.49127422,14.97,662,4290.0,8.379768515504566,92.7,1,0,0,1,0,0,1,0,0,0,0
1,0.1148,105.5,11.60823564,6.63,722,3990.0,9.903637541287253,67.8,0,0,0,0,1,0,0,0,0,0,0
1,0.1287,524.68,10.62132735,22.04,707,3630.0,9.652265977087122,81.4,0,0,0,0,0,0,1,0,0,0,0
1,0.0894,158.86,10.62175555,14.16,767,3630.0,8.403800504061147,28.8,0,0,0,0,0,1,0,0,0,0,0
1,0.1253,214.19,10.97678203,18.22,697,7230.0,8.841881989497114,73.6,0,0,0,0,1,0,0,0,0,0,0
1,0.1357,169.85,10.4778512,14.05,697,3480.041667,5.455321115357702,46.6,0,1,0,0,0,0,0,0,0,1,0
1,0.1357,407.63,11.49276357,0.18,712,5970.041667,6.089044875446846,7.9,1,0,0,0,0,0,1,0,0,0,0
1,0.1183,530.15,10.59663473,9.6,732,9840.0,9.114159813502214,35.1,2,2,0,0,1,0,0,0,0,0,0
1,0.1114,104.98,10.30895266,5.04,732,2670.041667,8.761550139129644,46.6,0,0,0,0,0,0,1,0,0,0,0
1,0.1357,118.89,11.38509209,16.05,672,7080.041667,9.303648549109834,70.8,0,0,2,0,0,0,0,0,0,1,0
1,0.1148,197.82,11.22524339,11.9,707,4110.041667,9.803888187313373,59.5,3,0,0,0,0,1,0,0,0,0,0
1,0.1287,84.09,10.44488118,13.86,687,6780.041667,8.931419805192975,27.0,1,2,0,0,1,0,0,0,0,0,0
1,0.1183,139.17,9.287301413,0.0,747,2970.041667,0.0,0.0,2,0,0,0,1,0,0,0,0,0,0
1,0.1496,623.61,10.84349481,10.71,717,5400.0,9.832689481227412,98.1,0,0,0,0,0,0,1,0,0,0,0
1,0.0894,317.72,11.48246626,7.62,737,4830.041667,9.93183202554527,38.2,2,0,0,0,0,0,1,0,0,0,0
1,0.0774,187.32,11.40756495,15.89,762,8730.0,10.529372506036905,29.0,0,0,0,0,0,0,1,0,0,0,0
1,0.1183,99.41,10.6454249,14.46,697,3090.041667,8.74798740166097,76.8,1,0,0,0,0,0,1,0,0,0,0
1,0.1496,242.52,10.6873891,12.66,662,5250.041667,8.100161446936607,70.1,1,0,0,1,0,0,1,0,0,0,0
1,0.1183,497.01,11.00209984,11.7,732,3721.041667,10.331952784873353,55.9,0,0,0,0,0,0,0,0,1,0,0
1,0.1287,269.07,10.81977828,5.3,692,8070.0,8.95040315983296,35.1,0,2,0,0,0,0,1,0,0,0,0
1,0.0774,312.19,10.83958091,7.98,777,3510.041667,6.546785410760524,15.5,0,0,0,0,0,0,0,0,1,0,0
1,0.1114,656.07,11.69524702,9.55,772,6120.0,10.19249374795004,43.1,0,0,0,0,1,0,0,0,0,0,0
1,0.1183,430.75,11.33857208,12.87,717,2220.0,9.570250078424845,37.8,1,0,0,0,0,0,1,0,0,0,0
1,0.1183,298.21,10.4341158,17.12,712,3030.041667,9.51296031679217,42.3,1,0,0,0,0,0,1,0,0,0,0
1,0.1253,689.41,11.51372515,14.45,722,4291.0,9.485848643496254,51.8,3,0,0,0,0,0,1,0,0,0,0
1,0.1322,338.01,10.49127422,8.3,687,2280.041667,9.103868127465667,36.2,0,0,0,0,0,0,1,0,0,0,0
1,0.1357,285.34,10.98305293,21.34,677,6270.041667,10.916414856894058,87.8,0,0,0,0,0,1,0,0,0,0,0
1,0.0894,285.95,10.75790288,21.19,737,5820.0,9.242420265439595,30.1,0,0,1,0,1,0,0,0,0,0,0
1,0.1461,172.38,10.49127422,16.57,742,5400.0,0.0,34.5,0,0,0,0,1,0,0,0,0,0,0
1,0.1114,65.61,10.08580911,21.45,712,4350.0,6.329720905522696,70.0,3,1,0,0,1,0,0,0,0,0,0
1,0.1183,99.41,10.77895629,23.93,712,5580.041667,0.0,0.0,2,0,0,0,1,0,0,0,0,0,0
1,0.0894,476.58,11.51292546,2.14,782,11010.04167,8.994420665751292,17.4,2,0,0,0,0,1,0,0,0,0,0
1,0.1496,173.23,10.30895266,24.4,662,2880.0,7.280697195384741,46.8,0,1,0,1,1,0,0,0,0,0,0
1,0.1357,326.1,11.00209984,13.2,677,4050.0,9.123147160273806,47.0,1,0,0,0,1,0,0,0,0,0,0
1,0.1148,412.11,11.08214255,1.63,732,3600.0,9.898424758193666,36.4,2,0,0,0,0,1,0,0,0,0,0
1,0.1348,474.94,10.71441777,9.17,692,3540.041667,9.226607344440055,61.6,1,0,0,0,0,0,1,0,0,0,0
1,0.1531,217.6,9.862665558,15.13,662,8490.041667,8.479698986988657,94.4,0,1,0,0,0,0,0,1,0,0,0
1,0.0894,381.26,11.51092346,15.64,757,12990.04167,8.472195825485501,17.1,0,0,0,0,0,0,1,0,0,0,0
1,0.0894,476.58,11.56171563,12.53,777,10800.04167,9.001962272862446,5.9,0,0,0,0,0,0,1,0,0,0,0
1,0.1913,293.77,11.65268741,11.79,667,4410.0,9.756610356675369,29.1,3,0,0,0,1,0,0,0,0,0,0
1,0.0894,142.98,10.1064284,13.86,762,2970.041667,8.446770727119691,30.1,0,0,0,0,0,0,1,0,0,0,0
1,0.0894,397.15,12.10598708,4.26,772,5103.0,10.34631266940137,0.4,2,0,0,1,0,0,0,0,1,0,0
1,0.1357,54.35,9.422220731,21.46,712,1470.0,0.0,0.0,3,0,0,1,1,0,0,0,0,0,0
1,0.1322,212.95,10.30895266,5.28,772,11040.04167,9.587543170366375,98.0,1,0,0,0,0,0,1,0,0,0,0
1,0.1114,590.47,11.15625052,10.7,752,4320.0,10.00306135743222,23.7,0,0,0,0,0,0,1,0,0,0,0
1,0.1322,507.01,11.2009507,1.66,692,3602.0,9.747418366886238,81.5,2,0,0,0,0,0,1,0,0,0,0
1,0.1496,173.23,9.574983486,11.0,697,1230.041667,7.769800996003896,56.4,0,0,0,1,1,0,0,0,0,0,0
1,0.0894,158.86,10.6454249,7.71,727,5280.041667,8.772455372611907,35.1,0,0,0,0,0,0,0,1,0,0,0
1,0.0774,156.1,10.30895266,17.28,752,2612.041667,9.922603669728359,18.5,0,0,0,0,0,0,0,1,0,0,0
1,0.1287,100.9,9.757305042,3.89,677,3150.041667,7.220373836723949,85.4,1,0,0,0,0,0,0,1,0,0,0
1,0.1287,168.17,10.49127422,8.7,692,2672.041667,8.39728289474368,31.0,3,1,0,0,0,0,0,0,0,1,0
1,0.0859,120.12,10.1266311,5.33,792,7830.041667,7.806696372521179,8.1,3,0,0,0,0,1,0,0,0,0,0
1,0.1218,296.37,10.80972795,12.68,707,3570.0,9.204724633190548,61.8,3,0,0,0,0,0,1,0,0,0,0
1,0.1253,811.56,11.4065422,11.41,732,3961.0,8.909910726701899,54.8,1,0,0,0,0,0,1,0,0,0,0
1,0.1253,560.57,10.40426284,17.38,717,2040.041667,0.0,0.0,1,1,0,0,0,0,1,0,0,0,0
1,0.1287,571.77,10.63103616,18.03,717,3120.041667,8.196987927258897,82.5,0,0,0,0,1,0,0,0,0,0,0
1,0.1287,336.34,11.51292546,21.28,717,5670.041667,9.155989777226102,31.4,1,0,0,0,0,0,1,0,0,0,0
1,0.1218,333.0,10.30895266,24.56,707,2430.041667,10.230486487364859,41.6,3,0,0,1,1,0,0,0,0,0,0
1,0.1531,522.23,10.59663473,12.33,682,1440.0,8.58783803098557,78.9,0,0,0,0,0,0,1,0,0,0,0
1,0.1496,225.2,11.00209984,1.08,697,1200.041667,0.0,0.0,3,3,0,1,1,0,0,0,0,0,0
1,0.1322,338.01,11.46163217,8.29,687,4290.0,9.60393530751386,76.4,0,0,0,1,0,0,1,0,0,0,0
1,0.0894,222.41,10.77895629,14.4,722,3750.041667,7.507690077819904,31.4,2,0,0,0,0,0,1,0,0,0,0
1,0.1183,497.01,11.00209984,7.78,727,6150.0,9.442245428958966,67.1,0,0,0,0,0,0,1,0,0,0,0
1,0.1148,158.25,11.50690739,23.76,742,6240.0,10.960287773389798,24.2,0,0,0,0,1,0,0,0,0,0,0
1,0.1114,459.25,12.03765399,4.76,662,3300.0,8.86007342433278,61.8,1,0,0,0,1,0,0,0,0,0,0
1,0.1461,310.28,10.30895266,15.44,677,3690.0,8.287025025165063,58.4,0,0,0,1,0,0,0,0,0,1,0
1,0.1287,311.11,9.998615898,15.44,687,4573.041667,8.47782846789396,27.2,0,0,0,0,0,0,1,0,0,0,0
1,0.1531,348.16,11.36210258,16.33,672,10845.0,9.785210644945074,65.8,1,0,1,0,0,0,1,0,0,0,0
1,0.1322,287.31,11.22524339,7.73,687,7950.0,8.335191583433202,19.8,1,1,0,0,0,1,0,0,0,0,0
1,0.1426,343.06,10.67359577,0.78,692,4800.041667,6.874198495453294,48.3,3,0,0,0,1,0,0,0,0,0,0
1,0.1565,349.87,10.49127422,14.97,662,3810.041667,9.319015388601839,82.6,2,0,0,0,1,0,0,0,0,0,0
1,0.1392,426.72,11.81303006,4.95,787,10260.0,9.402282172147128,14.1,1,0,0,0,0,0,0,0,0,0,1
1,0.1287,269.07,10.87426647,17.16,687,2970.041667,8.299783171949787,82.1,2,0,0,0,0,0,1,0,0,0,0
1,0.1531,87.04,13.00357984,0.18,712,1710.041667,0.0,52.7,1,0,0,0,0,0,0,0,0,1,0
1,0.1253,368.13,10.81977828,16.78,707,10200.0,8.492490578775866,46.0,2,0,0,0,0,1,0,0,0,0,0
1,0.1287,504.5,11.00209984,10.86,702,3630.0,10.059208427532903,58.0,2,0,0,0,0,0,1,0,0,0,0
1,0.1287,282.52,10.46310334,21.36,687,2191.0,8.992184362173012,75.8,0,0,0,0,0,0,1,0,0,0,0
1,0.1114,433.01,11.73606902,7.62,752,6240.0,7.521859252201629,4.6,0,0,0,0,0,0,1,0,0,0,0
1,0.1322,202.81,11.05725069,10.96,682,4410.0,9.929739923680193,85.9,2,0,0,0,0,0,0,0,0,1,0
1,0.1426,624.37,10.93131966,15.65,682,2610.041667,9.770356079932933,76.4,3,0,0,0,0,0,1,0,0,0,0
1,0.1183,165.67,9.903487553,13.02,702,3960.0,7.686162303492906,31.6,2,0,0,0,1,0,0,0,0,0,0
1,0.0859,284.5,10.70772878,21.99,762,7830.041667,9.161150127785412,17.8,3,0,0,0,1,0,0,0,0,0,0
1,0.1114,98.42,10.20359214,14.67,762,4800.041667,6.298949246855942,54.3,0,0,0,0,0,0,1,0,0,0,0
1,0.1461,861.88,11.17043516,22.62,712,4140.041667,10.388533723314632,52.7,0,0,0,0,0,0,1,0,0,0,0
1,0.1218,599.4,11.08214255,13.9,717,3780.041667,8.807471889715284,55.7,0,0,0,1,0,0,0,0,0,1,0
1,0.1357,339.69,11.59873612,21.32,682,4740.0,9.974737874064294,37.9,2,1,0,0,1,0,0,0,0,0,0
1,0.1461,172.38,10.40426284,18.62,667,3030.041667,8.543835122362658,77.8,1,0,0,1,0,0,1,0,0,0,0
1,0.1635,247.31,11.15625052,2.57,707,1710.041667,8.960210955576986,30.5,0,0,0,0,0,0,0,0,0,0,1
1,0.0859,237.08,11.56171563,7.39,777,8161.041667,5.652489180268651,0.9,0,0,0,0,0,0,0,0,0,1,0
1,0.1496,277.16,11.69524702,11.7,667,7027.041667,9.80543361206074,81.1,3,0,0,0,0,0,1,0,0,0,0
1,0.1809,115.83,9.655026193,6.38,697,1170.041667,7.374629015218945,99.6,0,0,0,0,0,0,0,0,0,1,0
1,0.0859,158.06,11.03488966,16.3,732,4110.041667,8.954156966583772,32.8,0,0,0,0,1,0,0,0,0,0,0
1,0.1287,269.07,11.82041016,16.59,687,4140.041667,10.676208099877172,79.9,0,0,0,0,0,0,1,0,0,0,0
1,0.1357,203.82,10.03801845,20.19,702,1920.041667,8.509564164251746,88.6,1,0,0,0,0,0,1,0,0,0,0
1,0.1183,165.67,10.49127422,15.17,742,4804.041667,8.014666370464942,33.26,1,0,0,0,0,0,1,0,0,0,0
1,0.1218,199.8,11.26446411,19.88,702,3750.041667,9.20974019190415,88.4,0,0,0,0,0,0,1,0,0,0,0
1,0.1947,383.73,11.12499689,11.74,662,1512.0,8.744169388750624,43.6,2,0,0,0,0,0,0,0,0,0,1
1,0.1322,135.21,10.6454249,13.69,677,1920.041667,9.066700921774572,68.2,2,0,1,0,0,0,0,1,0,0,0
1,0.074,93.18,10.89673933,22.82,777,7110.041667,0.0,0.0,0,0,0,0,1,0,0,0,0,0,0
1,0.074,99.39,11.17043516,11.98,772,5790.0,7.640123172695364,2.0,2,0,0,0,1,0,0,0,0,0,0
1,0.1114,52.49,11.15625052,0.45,717,1920.041667,6.19644412779452,2.0,2,0,0,0,0,1,0,0,0,0,0
1,0.1148,69.24,10.42228135,13.39,702,2520.0,9.607706101827697,37.7,1,0,0,0,0,1,0,0,0,0,0
1,0.1183,278.33,10.75790288,5.67,712,2341.041667,9.108750516214549,33.3,1,0,0,0,0,0,1,0,0,0,0
1,0.1531,348.16,11.30220443,6.59,662,4020.0,8.314587291319576,60.9,2,0,0,0,0,0,0,0,1,0,0
1,0.1461,189.62,11.02516511,20.38,667,5376.0,9.554213724077707,58.0,0,0,0,0,1,0,0,0,0,0,0
1,0.1392,682.74,11.69524702,21.64,697,3870.041667,11.193862798488182,64.6,1,0,0,0,0,0,1,0,0,0,0
1,0.167,106.51,10.71441777,13.41,672,4650.0,7.621684998724611,72.9,0,0,0,0,0,0,0,0,0,1,0
1,0.0894,31.78,13.5670492,1.39,717,2820.0,8.343553835005117,10.9,2,0,0,0,0,0,1,0,0,0,0
1,0.0859,31.62,10.91508846,10.69,757,9960.041667,9.745077815788486,11.3,1,0,0,0,0,0,0,1,0,0,0
1,0.1426,185.26,10.49127422,18.37,667,5130.0,8.837971491357209,47.2,2,0,0,0,0,0,0,0,1,0,0
1,0.1218,599.4,11.35040654,11.93,717,3240.0,11.072791269326771,80.7,0,0,0,0,0,0,1,0,0,0,0
1,0.1148,412.11,11.73606902,9.43,732,6600.0,8.38160253710989,49.0,0,0,0,0,0,0,1,0,0,0,0
1,0.1947,590.35,11.07558262,19.36,667,3810.041667,9.17014318222477,86.5,3,0,0,1,1,0,0,0,0,0,0
1,0.1183,828.35,10.80900445,21.45,777,3662.0,7.01571242048723,4.5,1,0,0,0,1,0,0,0,0,0,0
1,0.1253,267.74,11.00209984,8.58,697,6060.041667,8.91918561004543,50.8,0,0,0,0,0,0,1,0,0,0,0
1,0.1357,849.22,12.46843691,9.3,717,7140.041667,9.854769885738698,50.9,2,0,0,0,1,0,0,0,0,0,0
1,0.1322,253.51,10.59663473,13.31,682,4153.041667,9.000113045928519,51.9,0,0,0,0,0,1,0,0,0,0,0
1,0.1183,430.75,10.57131693,24.31,712,2280.041667,8.966356154790121,55.2,0,0,0,0,0,0,1,0,0,0,0
1,0.1287,134.54,10.08580911,22.55,677,1920.041667,8.946374826141717,38.8,1,0,0,0,0,0,1,0,0,0,0
1,0.1148,148.36,10.6454249,0.0,772,5520.0,0.0,0.0,0,0,0,0,0,1,0,0,0,0,0
1,0.1496,124.73,10.08580911,4.75,662,2310.041667,7.691200097522863,91.2,0,1,0,1,1,0,0,0,0,0,0
1,0.0859,316.11,11.53272809,9.33,802,5760.0,7.969357742016346,4.7,0,0,0,0,1,0,0,0,0,0,0
1,0.0774,31.22,11.49272276,0.43,752,2130.0,7.403670290012373,4.0,1,0,0,0,0,0,0,0,0,1,0
1,0.0774,81.17,10.25765937,20.13,787,4680.0,7.57095858316901,24.2,0,0,0,0,0,0,0,0,0,1,0
1,0.1253,686.06,10.61972606,17.38,712,3876.041667,9.801565562810744,78.2,1,0,0,0,0,0,1,0,0,0,0
1,0.074,186.36,11.28978191,2.9,772,5628.041667,9.174713194333032,17.8,1,0,0,0,1,0,0,0,0,0,0
1,0.0774,312.19,13.99783211,0.8,807,11700.0,8.952864141581468,12.9,0,0,0,0,1,0,0,0,0,0,0
1,0.1322,169.01,10.81977828,3.26,687,1500.0,8.027150106832774,33.3,1,0,0,1,0,0,1,0,0,0,0
1,0.1322,405.61,10.17495945,3.7,767,3750.041667,8.478452363099807,43.3,0,0,0,0,0,0,1,0,0,0,0
1,0.1114,328.04,12.04355372,10.79,722,8340.0,8.143807976771484,41.9,3,0,0,0,0,1,0,0,0,0,0
1,0.1322,101.41,10.38899537,22.74,677,5310.041667,9.000853147109458,33.0,1,0,0,0,0,0,0,0,1,0,0
1,0.1357,203.82,11.8493977,9.51,677,8430.0,10.685675299886803,67.6,1,1,0,0,0,0,0,0,1,0,0
1,0.1183,165.67,10.79949394,24.39,702,5460.0,9.090880931938855,63.4,1,0,1,0,1,0,0,0,0,0,0
1,0.1114,82.01,10.30895266,19.88,757,2280.041667,7.485491608030754,35.6,0,0,0,0,0,1,0,0,0,0,0
1,0.1322,405.61,10.59663473,1.83,697,2163.0,7.617267813628347,37.6,1,0,0,0,1,0,0,0,0,0,0
1,0.1322,172.39,11.15625052,9.14,692,3720.041667,7.600902459542082,54.0,3,0,0,1,0,0,0,0,1,0,0
1,0.1426,548.9,11.36210258,12.71,687,5264.041667,9.72913416539135,74.7,1,1,0,0,0,1,0,0,0,0,0
1,0.1426,274.45,10.40426284,16.22,687,3330.0,6.699500340161678,54.1,0,0,0,0,1,0,0,0,0,0,0
1,0.1322,216.33,11.1124479,15.15,677,4020.0,10.380156419650625,48.4,2,0,0,0,0,0,0,0,0,1,0
1,0.1253,130.52,9.917981999,24.13,697,2490.0,6.5722825426940075,31.0,1,0,0,0,0,0,0,0,0,1,0
1,0.1114,492.06,11.00009784,0.0,797,7080.041667,0.0,0.0,1,0,0,0,1,0,0,0,0,0,0
1,0.1148,478.05,11.27720313,6.88,752,7592.0,9.798349234412823,35.0,5,0,0,0,0,0,1,0,0,0,0
1,0.0774,156.1,11.58058411,6.24,752,5491.0,9.40713994795079,22.4,0,0,0,0,0,0,0,0,0,1,0
1,0.1392,85.35,10.74720759,16.54,672,3690.0,7.7284157798410416,87.3,1,1,0,0,0,0,1,0,0,0,0
1,0.1426,34.31,9.903487553,8.34,667,1710.041667,8.146129510025405,69.0,1,0,0,0,1,0,0,0,0,0,0
1,0.1287,168.17,11.40756495,22.43,677,4140.041667,10.693874867521128,65.1,1,0,0,0,0,0,1,0,0,0,0
1,0.0894,317.72,11.65094676,6.34,737,2310.041667,9.399140894867847,71.7,1,0,0,0,0,0,1,0,0,0,0
1,0.1218,832.5,11.26446411,17.62,742,4290.0,9.492808877375076,35.5,0,0,0,0,0,1,0,0,0,0,0
1,0.1392,238.96,10.13459927,14.14,702,1230.041667,5.924255797414532,41.4,0,0,0,0,0,0,1,0,0,0,0
1,0.0859,31.62,10.49127422,1.9,737,2730.041667,6.403574197934815,2.2,0,0,0,0,0,0,1,0,0,0,0
1,0.1357,407.63,11.51292546,11.48,712,7139.041667,9.95261099449568,95.0,0,0,0,0,0,1,0,0,0,0,0
1,0.1357,509.53,11.58988651,9.43,687,3720.041667,10.308585926738967,83.1,0,0,0,0,0,0,1,0,0,0,0
1,0.1774,540.32,11.39639165,7.15,692,4410.0,6.541029999189903,11.5,0,1,0,1,0,0,0,0,0,0,1
1,0.0894,66.73,9.392661929,5.8,732,2310.041667,7.183111701743281,4.1,0,1,0,0,1,0,0,0,0,0,0
1,0.1426,384.23,10.77895629,12.55,682,1927.041667,9.390158798552019,82.5,0,0,0,0,1,0,0,0,0,0,0
1,0.1148,164.85,10.08580911,11.0,732,2612.041667,8.333270353255308,59.4,1,0,0,0,1,0,0,0,0,0,0
1,0.1218,666.0,10.78384018,7.61,727,3180.0,9.234252192022495,38.5,1,0,0,0,0,0,1,0,0,0,0
1,0.1426,384.23,11.19908503,5.83,677,3990.0,9.206031100388085,63.0,0,0,0,0,0,0,1,0,0,0,0
1,0.1253,562.24,10.81977828,8.21,732,2160.0,9.979985523508853,84.9,0,0,0,0,0,0,1,0,0,0,0
1,0.1357,475.56,11.65268741,15.43,702,4140.041667,10.204221576482523,81.9,0,0,0,1,0,0,1,0,0,0,0
1,0.0859,31.62,10.91272203,3.59,802,7350.0,8.182000136293405,2.8,5,0,0,0,0,0,0,0,1,0,0
1,0.0859,31.62,11.16193434,13.62,747,3690.0,3.1780538303479458,0.1,1,0,0,0,1,0,0,0,0,0,0
1,0.1426,514.59,11.51292546,1.09,687,2940.0,8.038834757787749,72.0,0,0,0,0,1,0,0,0,0,0,0
1,0.0774,112.39,11.12726298,1.41,737,10320.04167,7.97522083865341,21.9,0,0,0,0,0,0,0,0,0,1,0
1,0.1392,102.42,9.700146629,14.71,712,1140.0,7.274479558773871,15.3,3,0,0,0,1,0,0,0,0,0,0
1,0.0894,381.26,11.39639165,1.0,787,5340.041667,7.916078096302786,2.1,2,0,0,0,1,0,0,0,0,0,0
1,0.16,562.52,11.00209984,19.06,722,3570.0,10.057666803383801,74.3,0,0,0,0,0,0,0,0,0,0,1
1,0.1218,832.5,11.36210258,9.99,742,7020.041667,10.039590635528468,24.1,1,0,0,0,0,0,1,0,0,0,0
1,0.0894,234.32,11.46163217,6.44,742,1747.0,8.345930261979017,9.6,0,0,0,0,1,0,0,0,0,0,0
1,0.1322,270.41,11.46126368,18.55,682,4410.0,10.523418670764814,82.8,2,0,0,0,0,0,1,0,0,0,0
1,0.1287,269.07,11.59542669,15.86,687,7890.041667,9.193499354780156,80.6,3,1,0,0,1,0,0,0,0,0,0
1,0.0751,77.78,9.7433188,23.45,727,12990.04167,9.392995206560258,54.1,1,0,0,0,0,1,0,0,0,0,0
1,0.1461,86.19,10.46310334,17.25,662,2250.041667,7.560601162768557,48.0,1,0,0,0,1,0,0,0,0,0,0
1,0.16,878.94,11.60823564,5.12,677,5077.0,9.509481537516857,36.0,3,0,0,0,0,0,0,0,1,0,0
1,0.1461,103.43,10.71441777,23.2,662,3608.0,7.312553498102598,62.4,1,0,0,0,0,0,1,0,0,0,0
1,0.1426,82.34,10.26813067,19.13,662,5220.041667,7.621684998724611,70.4,0,0,1,1,0,0,1,0,0,0,0
1,0.1183,331.34,10.20359214,0.67,777,2700.041667,4.465908118654584,6.6,4,0,0,0,0,0,0,0,1,0,0
1,0.1947,184.49,10.3185148,2.5,697,4800.041667,7.639161171659173,64.9,2,2,0,1,0,0,0,0,0,0,1
1,0.1183,281.64,10.98529272,15.36,712,2250.041667,8.771059915373288,41.8,0,0,0,0,0,0,1,0,0,0,0
1,0.1218,399.6,11.60823564,3.64,717,4860.041667,6.093569770045136,6.9,0,2,0,0,1,0,0,0,0,0,0
1,0.1496,332.6,11.11765818,5.56,667,4920.041667,9.308283446306147,23.5,1,1,0,0,0,0,1,0,0,0,0
1,0.074,155.3,11.21721122,2.15,777,5250.041667,9.028218795184895,27.1,0,0,0,0,1,0,0,0,0,0,0
1,0.1287,393.51,10.89362336,24.7,697,7380.041667,9.127176130715414,81.4,2,0,0,0,0,1,0,0,0,0,0
1,0.1392,102.42,11.08214255,17.82,682,4080.041667,6.493753839851686,82.5,0,0,0,0,0,0,0,0,1,0,0
1,0.0774,171.71,10.55841352,8.42,757,3360.041667,8.582793648500186,23.0,1,0,0,0,0,0,1,0,0,0,0
1,0.0774,249.75,11.73606902,0.74,802,7141.041667,7.978653729082731,7.4,0,0,0,0,0,0,0,0,0,1,0
1,0.1496,554.32,11.22524339,7.02,742,3720.041667,9.129021850798594,24.4,0,0,0,0,0,0,0,0,0,0,1
1,0.2052,299.43,10.30895266,8.12,677,1522.0,8.899457906353966,86.2,2,0,0,1,0,0,0,0,0,0,1
1,0.1287,504.5,10.78931908,15.39,717,3060.041667,9.62397204275074,61.5,0,0,0,0,0,0,1,0,0,0,0
1,0.1461,499.89,10.16585182,2.63,712,13023.04167,7.1846291527173145,94.1,0,0,0,0,1,0,0,0,0,0,0
1,0.1496,692.9,11.69903982,21.04,687,6990.041667,11.446764294716028,89.1,2,0,0,0,0,0,1,0,0,0,0
1,0.1392,170.69,11.6784399,21.98,677,7050.041667,10.89416193284752,86.3,3,0,0,0,0,0,1,0,0,0,0
1,0.1218,466.2,10.93310697,6.36,732,3660.0,9.526609901279876,47.6,2,0,0,0,0,0,1,0,0,0,0
1,0.1253,200.8,11.19821472,2.91,692,2670.041667,7.688455356549944,59.0,1,2,0,0,1,0,0,0,0,0,0
1,0.0774,187.32,11.28978191,6.75,767,3601.0,8.257385655730436,16.8,1,0,0,0,0,0,0,1,0,0,0
1,0.1357,339.69,10.76848499,21.3,687,5490.0,9.077037524661762,75.5,0,0,0,1,0,0,1,0,0,0,0
1,0.074,31.06,10.71441777,3.84,762,3360.041667,7.778211474512493,6.9,1,0,0,0,1,0,0,0,0,0,0
1,0.0894,171.57,11.22524339,10.48,732,4650.0,10.721966979398362,61.5,1,0,0,0,0,0,1,0,0,0,0
1,0.1148,32.97,10.96127785,24.46,707,3480.041667,8.291797105048733,14.8,0,0,1,0,1,0,0,0,0,0,0
1,0.1461,430.94,10.66802473,0.84,772,2820.0,6.054439346269371,6.6,2,0,0,0,0,0,0,0,0,0,1
1,0.0894,381.26,10.71441777,10.77,757,7806.041667,9.804550804676104,33.1,0,0,0,0,0,1,0,0,0,0,0
1,0.1183,347.91,11.27720313,4.57,777,5220.041667,5.556828061699537,0.7,0,0,0,1,0,0,0,0,1,0,0
1,0.167,541.4,10.24281286,13.16,747,1140.0,3.4011973816621555,0.3,2,0,0,1,0,0,0,0,0,0,1
1,0.0894,381.26,11.1933448,15.1,762,3870.041667,8.97941663334301,19.2,3,0,0,0,0,0,0,0,1,0,0
1,0.1218,599.4,11.52781408,9.28,722,5190.041667,9.252824983582338,45.8,0,0,1,0,0,0,1,0,0,0,0
1,0.1461,172.38,10.91508846,2.42,667,4050.0,7.927324360309794,16.4,0,0,0,0,0,0,1,0,0,0,0
1,0.1114,203.39,10.08580911,8.9,737,4470.041667,8.723231274827508,56.4,1,0,0,1,0,0,1,0,0,0,0
1,0.1496,866.13,11.3736634,24.19,707,10591.0,9.516427036104067,48.5,3,0,0,0,0,0,1,0,0,0,0
1,0.1114,164.02,11.12534939,13.35,722,4650.0,8.234564993267135,43.0,0,0,0,0,0,0,1,0,0,0,0
1,0.1322,464.76,10.6454249,24.03,707,5820.0,10.181838727246433,85.0,0,0,0,1,0,0,1,0,0,0,0
1,0.1287,50.45,10.96819829,17.32,687,6032.041667,9.63782786411884,94.6,1,0,0,0,0,0,0,0,0,1,0
1,0.1565,34.99,9.680344001,14.1,667,1470.0,8.666130304190608,70.1,0,0,0,0,1,0,0,0,0,0,0
1,0.1392,512.06,12.01370075,6.65,697,8880.041667,10.151986911112646,92.2,0,1,0,0,0,0,1,0,0,0,0
1,0.0751,451.09,11.26446411,17.8,792,5854.0,8.902999661861218,26.7,0,0,0,0,0,0,1,0,0,0,0
1,0.1148,49.46,9.798127037,7.07,737,2220.0,7.704361167910313,34.1,1,0,0,1,1,0,0,0,0,0,0
1,0.1635,247.31,10.49127422,3.73,672,1860.0,8.222285073872717,93.0,0,0,0,0,1,0,0,0,0,0,0
1,0.1253,267.74,10.54534144,8.43,697,2280.041667,9.014082149443356,67.5,0,0,0,0,0,0,1,0,0,0,0
1,0.1183,646.12,11.14041146,16.44,737,6570.0,10.21884558783815,62.4,2,0,0,0,0,1,0,0,0,0,0
1,0.0859,347.72,10.46310334,11.07,747,3720.041667,9.137662146478197,36.0,1,0,0,0,0,0,1,0,0,0,0
1,0.0859,410.94,10.47243113,17.63,777,5970.041667,9.243871855184976,20.2,0,0,0,0,0,0,1,0,0,0,0
1,0.0859,208.63,10.46310334,14.84,737,3450.041667,8.35772841676521,15.3,2,0,0,0,0,0,1,0,0,0,0
1,0.074,149.09,11.69524702,15.3,792,7320.0,8.443761913330354,12.7,3,0,0,0,0,0,1,0,0,0,0
1,0.1982,519.03,10.59663473,7.38,677,1590.041667,9.288504392945537,85.1,0,0,0,0,0,0,0,0,0,0,1
1,0.1114,196.83,9.873234509,13.17,732,2550.0,7.0967213784947605,28.1,3,0,0,0,0,0,1,0,0,0,0
1,0.1253,829.97,11.3736634,5.9,752,7230.0,0.0,0.0,0,0,0,0,0,0,1,0,0,0,0
1,0.0859,316.11,11.60823564,2.02,787,6720.041667,1.6094379124341003,0.0,0,0,0,0,1,0,0,0,0,0,0
1,0.1461,551.61,11.81303006,20.74,747,4110.041667,11.302500686063793,61.7,0,0,0,0,0,0,0,0,0,0,1
1,0.1461,51.72,10.30895266,6.44,677,5040.0,8.60611940061064,86.7,1,0,0,0,1,0,0,0,0,0,0
1,0.1148,329.69,10.95080655,19.12,712,5130.0,8.902863672196222,51.1,0,0,1,0,0,0,1,0,0,0,0
1,0.1218,166.5,11.12726298,12.76,712,4710.0,10.79628445299455,93.6,3,0,0,0,0,0,0,0,1,0,0
1,0.0894,317.72,11.1844214,9.38,782,5943.041667,8.067149039910106,13.1,0,0,0,0,1,0,0,0,0,0,0
1,0.1531,844.28,11.00209984,19.88,682,4823.041667,10.365868452461307,79.6,2,0,0,0,0,0,1,0,0,0,0
1,0.1253,267.74,11.40756495,10.59,692,3963.0,9.13830716907635,28.3,2,0,1,0,0,1,0,0,0,0,0
1,0.1253,33.47,9.862665558,1.25,692,2970.0,5.940171252720432,15.8,1,0,0,0,1,0,0,0,0,0,0
1,0.0894,190.63,11.00209984,2.86,757,4830.041667,8.9082888855571,42.5,0,0,0,0,0,0,1,0,0,0,0
1,0.0859,110.64,10.61643736,8.56,787,14580.0,5.272999558563747,2.9,0,0,0,1,0,0,0,0,1,0,0
1,0.0894,285.95,10.46310334,7.58,752,2610.041667,9.240772579096385,35.2,1,0,0,0,0,1,0,0,0,0,0
1,0.074,31.06,10.34174248,0.97,812,6030.041667,6.625392368007956,2.4,0,0,0,0,1,0,0,0,0,0,0
1,0.0859,252.89,10.0024275,22.17,757,5670.041667,7.943072717277933,8.5,0,0,0,0,0,0,1,0,0,0,0
1,0.1114,426.45,10.81977828,14.06,742,4410.0,9.46335335689267,50.9,1,0,0,0,1,0,0,0,0,0,0
1,0.1426,222.99,10.13459927,16.38,672,3990.0,7.354362330421477,57.9,3,0,1,1,0,0,0,0,1,0,0
1,0.0894,355.85,11.15625052,13.08,762,4410.0,5.209486152841421,60.7,0,0,0,0,0,0,1,0,0,0,0
1,0.16,527.36,11.51292546,18.91,667,6420.041667,10.326268538409524,66.2,0,0,0,0,0,0,1,0,0,0,0
1,0.0705,494.4,11.59910316,5.8,727,7260.0,10.092743345182981,55.8,2,0,0,0,1,0,0,0,0,0,0
1,0.1357,441.6,10.49127422,22.53,692,4020.0,9.771383711902791,82.9,0,0,0,1,0,0,1,0,0,0,0
1,0.074,71.44,10.50232405,18.59,762,5640.041667,7.686162303492906,7.3,2,0,0,0,1,0,0,0,0,0,0
1,0.0894,158.86,10.16585182,14.95,737,11702.0,9.276315360899716,22.3,0,0,0,0,1,0,0,0,0,0,0
1,0.1148,824.22,11.51292546,7.22,777,6630.041667,7.044905117129371,6.8,2,0,0,0,0,0,0,0,1,0,0
1,0.1218,799.2,12.20607265,9.13,757,3810.041667,5.700443573390687,1.0,1,0,0,0,0,0,1,0,0,0,0
1,0.1183,795.22,12.1547583,1.88,792,4200.041667,6.52649485957079,3.3,1,0,0,0,0,0,1,0,0,0,0
1,0.1496,831.48,12.20607265,0.2,707,5220.041667,5.545177444479562,0.8,0,1,0,0,0,0,1,0,0,0,0
1,0.1183,795.22,11.91839057,0.7,812,11700.0,5.849324779946859,0.7,0,0,0,0,0,0,1,0,0,0,0
1,0.1704,651.06,10.60905725,14.96,662,2430.041667,9.564442007795789,44.9,1,1,0,0,0,0,1,0,0,0,0
1,0.1253,133.87,10.90716699,14.12,707,2497.0,7.501082124259871,11.4,0,0,0,0,1,0,0,0,0,0,0
1,0.0894,158.86,9.705036614,12.29,727,1830.0,8.974871170971337,44.4,2,0,0,0,0,0,1,0,0,0,0
1,0.0705,148.32,10.6873891,7.37,772,3780.041667,0.0,0.0,4,0,0,1,1,0,0,0,0,0,0
1,0.1287,840.83,11.96718074,16.42,717,7200.041667,10.771511983000792,82.6,1,0,0,0,0,0,1,0,0,0,0
1,0.1218,166.5,10.7538359,6.38,772,1440.0,5.455321115357702,6.7,0,0,0,0,0,0,1,0,0,0,0
1,0.0774,78.05,10.08580911,0.78,757,2380.041667,5.6131281063880705,1.6,1,0,0,0,1,0,0,0,0,0,0
1,0.0774,280.97,10.81977828,8.21,807,4410.0,8.551787836180736,6.6,0,0,0,0,0,0,1,0,0,0,0
1,0.1253,836.66,11.6351431,6.9,727,7110.041667,10.006991345550789,55.9,2,1,0,0,1,0,0,0,0,0,0
1,0.0894,238.29,10.43998092,8.88,792,4710.0,7.81237820598861,32.1,0,0,0,0,1,0,0,0,0,0,0
1,0.0859,205.47,10.76663064,4.83,782,3844.041667,7.222566018822171,27.4,0,0,0,0,1,0,0,0,0,0,0
1,0.1287,302.7,10.91508846,16.15,687,3391.041667,9.194922119247803,80.0,0,0,0,0,0,0,1,0,0,0,0
1,0.1461,330.97,11.2835123,13.93,667,3660.0,9.126415137038421,82.8,0,0,0,0,1,0,0,0,0,0,0
1,0.1148,296.72,10.4341158,24.49,722,4050.0,8.989319566042951,49.8,0,0,0,0,0,0,1,0,0,0,0
1,0.074,186.36,11.58247951,9.51,772,10020.04167,8.635687085464026,14.2,0,0,0,0,0,1,0,0,0,0,0
1,0.074,496.95,11.1844214,21.52,702,3210.0,9.842356552531896,53.9,1,0,0,0,1,0,0,0,0,0,0
1,0.1531,426.49,10.47333652,19.65,667,3810.041667,9.367856809851165,81.3,0,0,0,0,0,1,0,0,0,0,0
1,0.0894,184.28,9.92329018,8.0,747,2971.0,6.903747257584598,4.2,1,0,0,0,1,0,0,0,0,0,0
1,0.1287,807.2,11.28978191,10.0,722,1890.041667,9.181529290122063,24.6,1,0,0,0,1,0,0,0,0,0,0
1,0.1099,818.38,11.98292909,10.24,742,5191.0,10.54901887915441,41.8,2,0,0,0,0,1,0,0,0,0,0
1,0.2121,816.14,11.03488966,15.45,667,3120.041667,9.229260256828693,98.9,1,0,0,0,0,0,1,0,0,0,0
1,0.1114,656.07,11.00209984,8.56,772,8880.041667,9.831454349636296,16.6,2,0,0,0,0,0,1,0,0,0,0
1,0.1183,745.52,11.44035477,10.89,757,9540.0,11.008363516700205,47.9,0,0,0,0,0,0,0,0,1,0,0
1,0.1183,803.5,11.87756858,4.79,757,2670.041667,7.6487397889562425,12.1,1,0,0,0,0,0,0,0,0,1,0
1,0.1392,819.29,11.26446411,4.48,707,8191.041667,6.48768401848461,8.6,1,0,0,0,0,0,0,0,0,1,0
1,0.1148,276.94,10.23995979,21.05,732,7470.041667,6.0844994130751715,21.9,1,0,0,0,1,0,0,0,0,0,0
1,0.0774,636.86,11.22524339,15.38,707,7991.0,10.249238041316636,45.3,3,0,0,0,1,0,0,0,0,0,0
1,0.0894,667.21,11.91839057,10.42,757,3812.041667,5.700443573390687,1.0,1,0,0,0,0,0,0,0,1,0,0
1,0.1183,828.35,11.77528973,16.19,752,5942.041667,10.795239659963128,18.3,1,0,0,0,0,0,1,0,0,0,0
1,0.1114,196.83,10.66895539,6.28,712,2640.041667,7.360103972989152,30.2,1,0,0,0,0,0,1,0,0,0,0
1,0.1148,494.53,10.62132735,24.97,737,4140.041667,9.590897844378162,60.5,3,0,0,0,0,0,1,0,0,0,0
1,0.1913,110.17,11.00209984,1.08,702,5100.0,7.583756300707112,98.2,0,0,1,0,0,0,0,0,0,0,1
1,0.1183,762.08,11.98292909,2.2,792,4202.041667,6.52649485957079,3.3,1,0,0,0,0,0,0,0,1,0,0
1,0.1287,302.7,10.91508846,4.43,687,5370.041667,8.872487182278038,28.8,1,1,1,0,0,0,1,0,0,0,0
1,0.1426,171.53,12.54254488,14.27,707,4380.0,11.353976625698015,98.2,1,0,0,0,0,1,0,0,0,0,0
1,0.1426,686.12,12.10071213,0.2,707,5222.041667,5.545177444479562,0.8,0,1,0,0,0,0,0,0,0,1,0
1,0.1183,795.22,11.91839057,0.7,812,11702.0,5.849324779946859,0.7,0,0,0,0,1,0,0,0,0,0,0
1,0.1148,527.5,10.59663473,16.44,737,3990.0,8.660254034256889,39.2,1,0,0,0,0,0,1,0,0,0,0
1,0.0774,156.1,10.8729019,23.1,757,3030.041667,8.514790306799927,12.2,0,0,0,0,0,1,0,0,0,0,0
1,0.074,155.3,10.858999,16.43,777,8910.041667,11.39951037593053,11.6,1,0,0,0,1,0,0,0,0,0,0
1,0.1218,765.9,12.20607265,9.13,757,3813.041667,5.700443573390687,1.0,1,0,0,0,0,1,0,0,0,0,0
1,0.1148,692.34,12.10071213,1.98,792,4203.041667,6.52649485957079,3.3,1,0,0,0,0,0,0,0,1,0,0
1,0.1565,166.19,9.952277717,19.14,667,4520.041667,9.452658902676433,72.8,0,0,0,0,0,1,0,0,0,0,0
1,0.0774,273.17,11.91839057,0.9,782,12450.0,8.520587424484253,17.9,0,0,0,0,1,0,0,0,0,0,0
1,0.1287,100.9,9.458449669,18.35,682,6031.041667,8.477620416296414,84.3,0,0,1,0,0,0,1,0,0,0,0
1,0.1531,452.6,10.858999,16.34,667,3720.041667,9.553433499191511,57.8,0,1,0,0,0,0,1,0,0,0,0
1,0.1496,831.48,11.98292909,0.2,707,5223.041667,5.545177444479562,0.8,0,1,0,0,1,0,0,0,0,0,0
1,0.1148,659.37,11.91839057,0.7,812,11703.0,5.849324779946859,0.7,0,0,0,0,0,0,0,0,1,0,0
1,0.0894,238.29,10.4341158,6.46,757,2443.041667,8.144679183447758,15.9,2,0,0,0,1,0,0,0,0,0,0
1,0.1183,795.22,11.0744205,19.11,747,4170.041667,8.1797604936999,7.4,2,0,0,0,0,0,1,0,0,0,0
1,0.0859,379.33,10.59663473,9.33,797,6030.041667,7.945909598613133,5.7,1,0,0,0,0,1,0,0,0,0,0
1,0.1253,669.33,11.98292909,21.17,717,5490.0,11.26478456713898,66.5,2,0,0,1,0,0,1,0,0,0,0
1,0.1218,166.5,10.04324949,9.08,702,7379.041667,8.699514748210191,40.8,1,0,1,0,0,0,1,0,0,0,0
1,0.0859,316.11,11.91839057,15.75,757,4830.041667,10.649250902099034,59.4,1,0,0,1,0,0,1,0,0,0,0
1,0.1357,339.69,11.17745273,4.72,687,4440.0,9.103868127465667,79.5,0,0,0,0,0,0,1,0,0,0,0
1,0.1426,686.12,11.45158183,24.77,687,3690.0,9.78790833668397,70.4,0,0,0,0,1,0,0,0,0,0,0
1,0.0705,231.75,10.77895629,0.85,712,5190.041667,6.682108597449809,31.9,0,0,1,0,1,0,0,0,0,0,0
1,0.1287,470.87,10.42228135,22.29,767,4928.041667,9.395989718862811,88.0,4,0,0,0,1,0,0,0,0,0,0
1,0.1218,83.25,10.81977828,15.55,692,2040.041667,8.7937637591133,48.1,1,0,0,0,1,0,0,0,0,0,0
1,0.1114,492.06,11.51292546,17.01,767,5820.0,9.085797036901582,19.5,2,0,0,0,1,0,0,0,0,0,0
1,0.1183,728.95,12.25486281,13.51,757,3814.041667,5.700443573390687,1.0,1,0,0,0,0,0,1,0,0,0,0
1,0.1183,762.08,12.15477935,6.91,792,4204.041667,6.52649485957079,3.3,1,0,0,0,0,1,0,0,0,0,0
1,0.0894,406.68,11.62735176,15.43,777,3000.041667,0.0,0.0,1,0,0,0,0,0,0,1,0,0,0
1,0.1385,682.08,11.15625052,8.16,697,3480.041667,8.056426767522984,28.9,2,0,0,0,0,0,1,0,0,0,0
1,0.0705,278.1,11.77528973,4.98,792,7620.0,8.397057390176256,3.9,0,0,0,0,1,0,0,0,0,0,0
1,0.0705,355.35,11.2185544,16.38,722,4380.0,9.084096645401932,67.6,1,0,0,0,1,0,0,0,0,0,0
1,0.1148,80.78,11.00209984,18.66,702,9360.041667,9.590624414887088,51.5,1,0,0,0,1,0,0,0,0,0,0
1,0.1287,336.34,10.69194491,11.75,692,2730.041667,6.556778356158042,18.5,0,1,0,0,0,0,1,0,0,0,0
1,0.1322,709.82,11.48246626,20.1,712,4358.0,10.009917496151974,72.5,2,0,0,0,0,0,1,0,0,0,0
1,0.0894,381.26,12.59133505,0.5,797,5970.041667,8.576781982827894,2.8,0,0,0,0,1,0,0,0,0,0,0
1,0.1426,720.43,12.04355372,0.2,707,5224.041667,5.545177444479562,0.8,0,1,0,0,1,0,0,0,0,0,0
1,0.1183,795.22,11.91839057,7.06,812,11704.0,5.849324779946859,0.7,0,0,0,0,0,0,0,0,0,1,0
1,0.0894,31.78,11.46163217,0.25,767,2100.0,5.111987788356544,1.1,0,0,0,0,0,1,0,0,0,0,0
1,0.0894,571.89,12.46843691,0.65,782,11580.0,8.715552125907816,17.3,0,0,0,0,1,0,0,0,0,0,0
1,0.1287,134.54,9.798127037,7.0,737,1140.0,3.8918202981106265,4.8,1,0,0,1,1,0,0,0,0,0,0
1,0.0705,494.4,12.39617634,6.4,802,5430.0,11.224282931423323,13.9,0,0,0,0,1,0,0,0,0,0,0
1,0.1148,659.37,11.56171563,11.14,747,5875.0,8.997270906233448,23.5,1,0,0,0,0,1,0,0,0,0,0
1,0.1114,328.04,10.858999,22.08,732,3960.0,8.844336332748933,34.2,3,0,0,0,1,0,0,0,0,0,0
1,0.1183,82.84,12.12269104,8.45,692,5130.0,5.991464547107982,39.9,0,1,3,0,0,0,0,0,1,0,0
1,0.1148,197.82,11.00209984,9.12,712,4652.0,9.072915696064511,50.1,0,1,0,0,1,0,0,0,0,0,0
1,0.167,488.15,11.28978191,18.81,682,2494.0,9.544309478379278,99.7,0,0,1,0,0,0,1,0,0,0,0
1,0.0894,285.95,10.59663473,12.42,767,4478.041667,6.606650186198215,2.1,1,0,0,0,1,0,0,0,0,0,0
1,0.1218,799.2,11.8493977,24.2,757,3815.041667,5.700443573390687,1.0,1,0,0,0,1,0,0,0,0,0,0
1,0.1148,692.34,11.77528973,23.43,792,4205.041667,6.52649485957079,3.3,1,0,0,0,1,0,0,0,0,0,0
1,0.1426,720.43,11.69524702,8.51,707,5225.041667,5.545177444479562,0.8,0,1,0,0,0,0,0,0,1,0,0
1,0.1114,328.04,10.95080655,16.21,722,4771.0,10.298329770340379,28.4,0,0,0,0,0,0,1,0,0,0,0
1,0.1253,83.67,10.30895266,9.52,682,2520.0,8.514790306799927,22.3,3,1,0,0,0,0,0,0,0,1,0
1,0.1357,84.93,10.59663473,7.89,672,8460.0,7.126087273299125,17.8,2,0,0,1,0,0,1,0,0,0,0
1,0.1183,795.22,11.77528973,15.38,812,11705.0,5.849324779946859,0.7,0,0,0,0,0,0,1,0,0,0,0
1,0.1183,712.38,11.8493977,24.2,757,3816.041667,5.700443573390687,1.0,1,0,0,0,0,0,1,0,0,0,0
1,0.1183,755.46,11.77528973,23.43,792,4206.041667,6.52649485957079,3.3,1,0,0,0,0,0,0,0,1,0,0
1,0.1183,579.85,11.81303006,12.28,737,7140.041667,9.880730565413511,52.5,1,0,0,0,0,0,0,0,0,1,0
1,0.1496,817.63,11.69524702,8.51,707,5226.041667,5.545177444479562,0.8,0,1,0,0,1,0,0,0,0,0,0
1,0.1183,811.79,11.91839057,13.42,812,11706.0,5.849324779946859,0.7,0,0,0,0,1,0,0,0,0,0,0
1,0.1253,510.37,10.42228135,19.21,712,3780.041667,8.941937914256359,41.9,1,1,0,0,0,0,1,0,0,0,0
1,0.1114,328.04,11.11575585,9.64,757,4410.0,11.0192027491039,37.6,5,0,0,0,1,0,0,0,0,0,0
1,0.0988,483.16,10.71441777,12.91,797,5190.0,6.695798917058491,0.5,2,1,0,0,1,0,0,0,0,0,0
1,0.0705,494.4,12.20607265,6.94,737,7983.0,11.070801559199014,60.8,0,0,0,0,1,0,0,0,0,0,0
1,0.1253,334.67,11.08214255,3.54,707,4890.041667,9.16062477973025,27.2,1,0,0,0,0,0,1,0,0,0,0
1,0.1183,695.82,11.91839057,22.94,757,3817.041667,5.700443573390687,1.0,1,0,0,0,0,1,0,0,0,0,0
1,0.1148,685.75,11.8493977,21.77,792,4207.041667,6.52649485957079,3.3,1,0,0,0,0,0,0,0,1,0,0
1,0.1496,782.98,11.77528973,7.88,707,5227.041667,5.545177444479562,0.8,0,1,0,0,1,0,0,0,0,0,0
1,0.1183,795.22,11.98292909,12.63,812,11707.0,5.849324779946859,0.7,0,0,0,0,0,0,1,0,0,0,0
1,0.1287,235.44,11.40756495,24.76,687,8416.0,10.175116459665661,57.4,1,0,0,0,0,0,1,0,0,0,0
1,0.16,175.79,10.84349481,8.88,687,2610.0,7.492203042618741,99.6,0,0,0,1,1,0,0,0,0,0,0
1,0.1025,647.7,10.71441777,4.11,747,3183.041667,8.53346016388011,40.0,0,0,0,0,0,0,1,0,0,0,0
1,0.1253,147.26,9.980448594,6.17,687,6060.041667,6.805722553416985,12.2,2,2,0,0,1,0,0,0,0,0,0
1,0.1183,689.19,11.88448902,23.55,757,3818.041667,5.700443573390687,1.0,1,0,0,0,0,0,0,0,1,0,0
1,0.1148,712.12,11.83500896,22.09,792,4208.041667,6.52649485957079,3.3,1,0,0,0,0,0,1,0,0,0,0
1,0.1496,814.16,11.72803684,8.25,707,5228.041667,5.545177444479562,0.8,0,1,0,0,1,0,0,0,0,0,0
1,0.1183,798.53,11.8493977,14.33,812,11708.0,5.849324779946859,0.7,0,0,0,0,0,0,0,0,0,1,0
1,0.1183,99.41,11.1844214,11.12,727,8220.041667,7.57198844937744,77.7,0,0,0,0,1,0,0,0,0,0,0
1,0.1322,388.71,10.92593848,20.7,687,2280.041667,9.651429991057276,57.4,3,0,0,0,0,0,1,0,0,0,0
1,0.1322,338.01,11.95761129,14.57,687,6750.041667,8.301025253838453,17.4,1,2,0,0,0,1,0,0,0,0,0
1,0.0705,587.1,10.89673933,7.0,752,4682.0,7.865955413933502,57.9,0,0,0,1,1,0,0,0,0,0,0
1,0.074,248.48,11.19821472,0.44,697,5190.041667,6.502790045915623,8.5,0,1,0,0,1,0,0,0,0,0,0
1,0.1183,828.35,11.77528973,5.18,772,4440.0,8.774931387494947,1.1,1,0,0,0,0,0,0,0,1,0,0
1,0.1218,233.1,10.30895266,19.36,702,2100.0,8.795127912413138,58.2,1,0,0,1,0,0,1,0,0,0,0
1,0.1114,393.65,11.28978191,2.85,757,3480.041667,10.347660421747342,72.5,3,0,0,0,0,0,1,0,0,0,0
1,0.1253,309.57,11.17745273,13.83,692,2490.0,9.823578169307826,79.2,1,0,0,0,0,0,1,0,0,0,0
1,0.1273,429.65,10.70099475,12.3,712,3727.0,9.654962088618868,66.9,0,0,0,0,0,1,0,0,0,0,0
1,0.1461,344.76,10.46310334,10.22,672,4530.041667,9.237469039364436,76.1,1,0,0,0,0,0,1,0,0,0,0
1,0.1496,554.32,11.28978191,24.63,677,4412.0,9.978502256341574,68.0,1,0,0,0,0,0,1,0,0,0,0
1,0.1148,329.69,10.30895266,16.0,722,2730.041667,8.39615486303918,18.8,2,0,0,0,0,0,1,0,0,0,0
1,0.1099,818.38,11.22524339,17.34,737,5890.0,9.99492661285291,40.0,1,0,0,0,0,0,1,0,0,0,0
1,0.1287,50.45,9.798127037,19.8,687,2340.041667,8.772610303280743,86.1,0,0,0,0,0,0,1,0,0,0,0
1,0.0705,231.75,9.450930837,0.0,732,1200.041667,0.0,0.0,3,0,0,1,1,0,0,0,0,0,0
1,0.0705,247.2,11.22524339,1.73,807,6810.041667,8.0861025356691,6.1,1,0,0,0,1,0,0,0,0,0,0
1,0.0705,268.83,10.89673933,2.67,787,4800.0,8.166216268592143,11.3,0,0,0,0,1,0,0,0,0,0,0
1,0.1287,504.5,10.91508846,16.93,712,5160.0,9.832045255081763,87.0,0,0,0,0,0,0,1,0,0,0,0
1,0.1774,864.51,11.08214255,6.18,707,11940.0,10.738589920723442,75.5,2,0,1,0,0,0,0,0,0,0,1
1,0.1114,262.43,11.00209984,8.12,732,3330.0,9.003070169818264,60.2,2,0,0,0,0,0,1,0,0,0,0
1,0.1287,210.21,11.08424188,13.61,687,5070.0,9.044521887281242,44.4,1,0,0,0,0,0,0,0,1,0,0
1,0.1531,348.16,10.83958091,8.0,687,2760.041667,9.352707613263105,96.1,2,0,0,0,0,0,1,0,0,0,0
1,0.074,31.06,11.58058411,0.96,772,4140.041667,8.504918160540624,1.9,1,0,0,0,0,0,0,0,1,0,0
1,0.1218,166.5,10.91508846,3.32,737,4950.041667,8.952734767106872,32.1,0,0,0,0,0,0,0,0,1,0,0
1,0.1114,32.81,8.881836305,9.5,722,5040.0,7.347943823148687,9.1,2,0,0,0,0,0,0,1,0,0,0
1,0.1183,439.03,11.00209984,15.54,712,2641.041667,9.483568487457813,44.8,1,0,0,0,0,0,1,0,0,0,0
1,0.1635,529.94,10.59663473,0.78,757,1350.041667,7.203405521083095,8.7,0,0,0,0,0,0,0,0,0,0,1
1,0.1287,605.4,10.71441777,21.09,707,4530.041667,9.399058096275375,39.7,0,0,0,0,0,0,1,0,0,0,0
1,0.1322,50.71,10.54534144,4.8,712,1890.041667,8.262558973010657,94.5,1,0,0,0,1,0,0,0,0,0,0
1,0.1531,174.08,10.91508846,9.45,732,2643.041667,0.0,70.9,0,0,0,0,0,0,1,0,0,0,0
1,0.1385,341.04,11.1844214,12.83,682,6210.0,9.588297240667746,70.8,0,0,0,0,0,0,1,0,0,0,0
1,0.1253,836.66,11.81790703,0.02,797,7920.041667,4.31748811353631,0.1,3,0,0,0,1,0,0,0,0,0,0
1,0.0894,317.72,11.36210258,17.43,757,6060.041667,10.193990642174612,0.3,0,0,0,0,1,0,0,0,0,0,0
1,0.0894,571.89,11.56171563,12.29,777,6964.0,11.045957224268014,9.8,0,0,0,0,0,0,1,0,0,0,0
1,0.1607,612.38,11.51292546,9.9,667,7772.041667,9.432523462195268,72.2,2,0,0,0,0,0,1,0,0,0,0
1,0.1183,828.35,11.36210258,11.4,747,3180.041667,9.338029733117072,42.1,0,0,0,0,1,0,0,0,0,0,0
1,0.1218,532.8,11.10495723,19.71,737,12600.04167,10.265905971101926,82.6,3,0,0,0,0,0,1,0,0,0,0
1,0.1739,716.95,11.75194237,11.39,662,4740.0,10.271008465728148,48.3,0,2,0,0,0,0,1,0,0,0,0
1,0.1218,333.0,9.798127037,10.07,707,4560.041667,8.87626525995469,73.1,1,1,0,1,0,0,0,0,1,0,0
1,0.1635,883.23,10.7864283,10.52,717,4262.041667,9.485013189834323,64.9,0,1,0,1,0,0,0,0,0,0,1
1,0.1774,504.3,11.46163217,22.19,662,4421.0,9.894900791598806,53.6,1,0,0,0,0,0,1,0,0,0,0
1,0.1218,133.2,10.62132735,16.65,697,1920.041667,7.408530566894626,22.6,3,0,0,1,0,0,1,0,0,0,0
1,0.1496,304.88,10.75244803,16.35,667,2820.041667,9.55393007636626,77.5,0,0,0,0,0,0,1,0,0,0,0
1,0.1607,211.17,10.80972795,15.39,702,6600.0,8.505525386548555,98.8,1,0,1,0,0,0,1,0,0,0,0
1,0.1426,377.37,12.63460303,10.21,692,7050.041667,11.015180580742769,97.3,0,0,0,0,1,0,0,0,0,0,0
1,0.1183,795.22,11.22524339,3.33,807,4440.0,8.774931387494947,1.1,1,0,0,0,1,0,0,0,0,0,0
1,0.0894,301.83,10.23995979,15.81,757,2310.041667,5.683579767338681,2.3,2,0,0,0,0,0,1,0,0,0,0
1,0.1114,114.82,10.71441777,15.49,782,4260.041667,0.0,0.0,1,0,0,0,1,0,0,0,0,0,0
1,0.0894,177.93,10.53209621,21.54,747,1950.041667,6.990256500493881,14.5,4,0,0,0,0,0,1,0,0,0,0
1,0.1114,262.43,10.97944515,0.31,727,4080.0,5.971261839790462,7.2,1,0,0,0,1,0,0,0,0,0,0
1,0.1531,870.39,11.98292909,16.36,697,3120.041667,10.365868452461307,45.2,1,0,0,0,0,0,1,0,0,0,0
1,0.074,186.36,11.28978191,13.66,772,4441.0,7.936302693201959,7.2,0,0,0,0,1,0,0,0,0,0,0
1,0.1913,550.81,11.73606902,9.96,687,4561.041667,9.451795243061646,95.0,1,0,0,0,0,0,0,0,0,0,1
1,0.1218,116.55,10.15767851,3.44,707,3540.041667,7.504391559161238,62.6,0,0,0,1,1,0,0,0,0,0,0
1,0.16,527.36,11.21182037,12.65,707,3064.041667,7.471363088187097,31.4,1,0,0,0,0,0,0,0,0,0,1
1,0.1273,342.38,10.91508846,9.6,697,2370.041667,9.76898425919765,39.6,3,0,0,0,1,0,0,0,0,0,0
1,0.0774,312.19,11.28978191,1.14,812,8190.041667,8.154212694914229,7.3,0,0,0,0,1,0,0,0,0,0,0
1,0.074,217.42,10.18111929,9.18,787,9000.041667,8.718663567048953,16.4,2,0,0,0,1,0,0,0,0,0,0
1,0.0774,312.19,10.49127422,22.37,782,5490.0,8.023879992734878,5.2,0,0,0,0,1,0,0,0,0,0,0
1,0.1148,263.75,11.02679245,19.69,717,3276.0,9.901886271169154,52.0,0,0,0,0,0,0,0,1,0,0,0
1,0.0859,252.89,10.93310697,1.82,752,3510.041667,8.089175678837561,5.5,2,0,0,0,0,0,0,0,0,1,0
1,0.1148,576.95,13.36295384,1.55,742,2970.0,9.11964950669168,36.5,3,1,0,0,0,0,1,0,0,0,0
1,0.1357,271.75,10.65725935,24.99,697,1800.0,8.761393485256058,74.2,1,0,0,0,0,0,1,0,0,0,0
1,0.16,140.63,10.18746276,12.74,707,1890.041667,8.36730010184162,51.8,1,0,0,0,0,0,0,0,0,0,1
1,0.1183,828.35,11.06663836,22.22,767,7680.0,9.773264965486154,26.2,0,0,0,0,0,0,1,0,0,0,0
1,0.1183,57.99,10.59663473,22.44,707,6270.0,8.956479847999912,93.0,1,0,0,0,0,0,1,0,0,0,0
1,0.1114,262.43,11.00209984,13.52,732,2850.0,8.259199362666282,13.5,3,0,0,0,1,0,0,0,0,0,0
1,0.1322,304.21,10.73639668,15.57,682,2970.0,9.72082593792907,73.1,0,0,0,0,0,0,1,0,0,0,0
1,0.1218,832.5,11.51292546,18.3,747,7350.0,4.23410650459726,0.6,0,0,0,0,0,1,0,0,0,0,0
1,0.074,31.06,10.71441777,3.31,772,3600.0,6.238324625039508,3.1,2,0,0,0,0,0,0,0,0,1,0
1,0.1218,807.53,11.77528973,14.77,742,7500.041667,10.238100919672341,25.3,0,0,0,0,0,0,1,0,0,0,0
1,0.1565,223.92,10.75790288,8.94,662,2580.0,0.0,0.0,0,0,1,1,0,0,1,0,0,0,0
1,0.1287,840.83,11.28978191,18.81,722,12482.0,10.37007911730487,78.7,1,0,0,0,0,0,1,0,0,0,0
1,0.0859,189.67,11.60823564,6.43,742,6360.041667,8.54188580400661,16.8,2,0,0,0,0,0,1,0,0,0,0
1,0.1218,499.5,11.40756495,17.85,722,6961.0,9.119320973589014,63.0,0,0,0,0,0,0,1,0,0,0,0
1,0.0894,317.72,11.2710195,0.61,782,3390.041667,6.858565034791365,3.9,1,0,0,0,1,0,0,0,0,0,0
1,0.1426,34.31,11.51292546,3.55,742,5940.041667,9.8220605538404,7.2,2,0,0,0,0,0,0,0,0,1,0
1,0.1531,208.9,10.30895266,8.76,667,1440.0,8.61830469278465,79.0,3,0,0,0,0,1,0,0,0,0,0
1,0.1739,860.34,11.75194237,15.0,672,9720.041667,8.81877816903701,27.8,0,3,0,0,0,0,1,0,0,0,0
1,0.1253,334.67,10.46310334,21.29,702,3660.0,9.632269206115012,57.9,0,0,0,0,0,0,1,0,0,0,0
1,0.0894,190.63,10.59663473,19.26,727,4230.041667,8.580167990577626,66.5,0,0,0,0,0,0,0,1,0,0,0
1,0.0894,317.72,11.40756495,12.83,742,12570.04167,10.68317933449626,16.7,0,0,0,0,1,0,0,0,0,0,0
1,0.1183,99.41,9.574983486,4.17,737,2250.0,0.0,0.0,1,0,0,1,1,0,0,0,0,0,0
1,0.1025,194.31,10.93024574,16.33,712,3750.0,9.584796293210003,16.5,3,0,0,0,0,0,1,0,0,0,0
1,0.0894,266.89,10.62132735,13.9,737,5730.041667,9.195429759240428,43.2,0,0,0,0,1,0,0,0,0,0,0
1,0.1322,676.02,11.57119437,9.32,707,5010.041667,9.730442832522382,80.5,1,0,0,0,0,1,0,0,0,0,0
1,0.1426,514.59,11.77528973,24.95,702,8310.0,11.218151638704692,81.3,0,0,0,0,0,0,1,0,0,0,0
1,0.1183,331.34,11.12726298,16.94,717,2130.0,9.552439604462528,82.8,3,0,0,0,0,0,1,0,0,0,0
1,0.1218,352.98,11.45105006,8.49,737,5040.0,9.109967397829395,24.1,1,1,0,0,1,0,0,0,0,0,0
1,0.1183,82.84,10.08580911,7.2,692,3570.0,8.408493774492896,65.0,0,0,0,0,1,0,0,0,0,0,0
1,0.1136,246.84,10.49127422,18.87,697,4590.041667,9.56282655529346,53.7,1,0,0,0,1,0,0,0,0,0,0
1,0.1148,428.59,10.71441777,6.0,732,3300.0,9.356602878954435,14.9,1,1,0,1,0,0,1,0,0,0,0
1,0.1253,669.33,11.36986308,20.13,717,6210.0,10.845933241887135,63.6,0,0,0,0,0,1,0,0,0,0,0
1,0.1392,682.74,11.58988651,4.62,742,4440.0,8.431417414394833,91.8,0,0,0,0,0,1,0,0,0,0,0
1,0.1062,150.59,11.15625052,19.94,707,12150.0,10.442900633154032,68.3,0,0,0,0,0,1,0,0,0,0,0
1,0.1183,281.64,11.33857208,13.63,727,5550.041667,10.706475198775605,90.0,1,0,0,0,0,0,1,0,0,0,0
1,0.1565,258.9,11.1844214,9.32,662,5040.0,8.517593111437565,84.8,0,1,1,0,0,0,1,0,0,0,0
1,0.1025,323.85,11.44035477,2.71,717,6138.041667,9.170871628065816,41.1,3,0,0,0,0,0,1,0,0,0,0
1,0.1114,196.83,11.08214255,0.52,782,3420.041667,6.810142450115136,11.6,0,0,0,0,0,0,0,0,0,1,0
1,0.1183,265.08,10.89673933,21.98,712,2190.0,9.100525505968976,65.9,2,0,0,0,0,0,1,0,0,0,0
1,0.1183,115.97,11.40756495,4.33,717,3510.041667,9.392661928770137,94.5,0,0,0,1,1,0,0,0,0,0,0
1,0.167,170.41,11.03488966,23.86,677,4590.041667,8.014666370464942,24.4,3,0,0,0,0,0,0,0,0,0,1
1,0.0774,202.93,9.798127037,18.0,787,4110.041667,7.943427767876373,13.2,0,0,0,0,0,0,1,0,0,0,0
1,0.1114,147.62,9.392661929,17.0,772,14640.0,8.580543506917,40.0,1,0,0,0,1,0,0,0,0,0,0
1,0.1025,777.24,11.06663836,7.59,782,6300.041667,9.60797490096916,28.2,0,0,0,0,0,0,1,0,0,0,0
1,0.0859,316.11,10.89673933,9.98,752,6930.0,9.958543758284206,32.2,0,0,0,0,0,1,0,0,0,0,0
1,0.0894,460.69,10.83958091,10.96,777,6399.041667,7.2875606403097235,3.1,0,0,0,0,0,0,1,0,0,0,0
1,0.0859,189.67,11.68687877,8.21,742,6120.0,10.20791611646652,41.6,1,0,0,0,0,1,0,0,0,0,0
1,0.0774,140.49,10.59663473,16.02,747,3815.041667,7.365812837209472,29.3,1,0,0,0,0,0,0,0,0,1,0
1,0.16,316.42,11.3736634,10.86,687,5550.041667,9.594241302168507,86.3,3,0,0,0,0,1,0,0,0,0,0
1,0.1739,358.48,10.87804719,22.35,672,14580.0,9.857443614034722,99.0,1,0,1,0,0,0,1,0,0,0,0
1,0.1461,689.51,11.03488966,9.41,682,4050.0,9.95118187839879,39.1,0,1,0,1,0,0,1,0,0,0,0
1,0.1843,872.88,13.30468493,7.09,662,6120.0,10.972035744656358,39.0,1,0,0,1,0,0,0,0,0,1,0
1,0.1357,509.53,11.95761129,8.88,687,3359.041667,11.437727668404326,49.2,1,0,0,0,0,0,0,0,1,0,0
1,0.0859,126.45,11.71993963,7.67,742,5850.0,10.382296054868503,66.6,2,0,0,0,1,0,0,0,0,0,0
1,0.1183,165.67,9.903487553,17.64,722,5490.0,6.665683717782408,41.3,0,0,0,0,1,0,0,0,0,0,0
1,0.167,170.41,11.2009507,19.98,692,3723.041667,9.676273226851437,99.0,3,0,0,1,1,0,0,0,0,0,0
1,0.1218,807.53,11.12726298,18.67,737,5550.041667,11.05781832996058,65.2,0,0,0,0,0,0,1,0,0,0,0
1,0.0774,156.1,11.11988288,0.6,752,3090.041667,7.130098510125578,9.3,0,0,0,0,1,0,0,0,0,0,0
1,0.1426,274.45,10.87804719,22.46,672,4110.041667,8.168486417126681,84.0,3,0,0,0,1,0,0,0,0,0,0
1,0.1148,553.87,11.41861479,10.77,747,7290.0,9.770127573790836,65.8,0,0,0,0,0,0,1,0,0,0,0
1,0.1183,49.71,9.392661929,1.5,732,1680.041667,5.5093883366279774,24.6,0,0,0,0,1,0,0,0,0,0,0
1,0.1253,334.67,12.16002871,12.2,712,8340.0,6.09807428216624,2.5,0,0,0,0,0,0,0,1,0,0,0
1,0.1114,492.06,11.46163217,24.87,747,9788.0,10.83295114012053,14.8,0,1,0,0,0,0,0,0,1,0,0
1,0.1565,349.87,10.71441777,5.41,752,4410.0,8.647519453091812,59.9,0,0,0,1,0,0,0,0,0,0,1
1,0.1114,426.45,11.15434871,10.43,742,5226.041667,9.451323841418724,50.9,1,0,0,0,0,1,0,0,0,0,0
1,0.1148,692.34,11.22524339,15.63,747,7680.0,10.080000605922026,55.5,1,0,0,0,0,0,1,0,0,0,0
1,0.1218,99.9,9.980448594,1.67,727,3090.041667,3.6375861597263857,1.1,0,0,0,0,0,0,0,0,0,1,0
1,0.1148,263.75,10.73639668,15.1,737,2400.041667,9.504203303503045,43.6,0,0,0,0,1,0,0,0,0,0,0
1,0.1287,373.33,11.04292184,19.99,692,3450.041667,9.159678457173955,59.8,0,0,0,0,0,0,1,0,0,0,0
1,0.1287,504.5,10.54534144,21.98,702,1920.041667,9.64426335290083,64.0,2,0,0,0,0,0,1,0,0,0,0
1,0.1253,702.8,10.46310334,6.65,727,1650.041667,8.880724576151456,27.0,0,0,0,0,1,0,0,0,0,0,0
1,0.1183,297.38,10.08580911,20.65,732,2069.041667,7.893198869544609,33.5,1,0,0,0,0,0,0,0,0,1,0
1,0.1496,840.15,11.02755639,20.16,702,3690.0,9.95759687818316,75.7,3,0,0,0,0,0,1,0,0,0,0
1,0.1148,758.28,11.60823564,11.04,772,4920.041667,11.005178430813835,46.7,0,0,0,0,1,0,0,0,0,0,0
1,0.0859,94.84,11.64780595,0.16,752,1956.041667,6.2766434893416445,35.4,0,0,0,0,1,0,0,0,0,0,0
1,0.1114,131.22,10.96819829,5.86,717,4230.041667,6.714170529909472,5.1,0,0,0,0,0,0,0,0,1,0,0
1,0.1253,267.74,11.28426673,7.81,692,3780.041667,9.282754052485227,47.1,0,0,0,0,0,1,0,0,0,0,0
1,0.1392,170.69,10.42228135,15.68,687,1500.0,8.146419323098003,32.2,1,0,0,0,1,0,0,0,0,0,0
1,0.1357,390.64,10.49127422,12.1,682,3540.041667,9.531191227694439,22.7,0,0,0,0,0,0,1,0,0,0,0
1,0.1253,66.94,9.92329018,24.35,717,3390.041667,0.0,0.0,1,1,0,0,0,0,0,0,1,0,0
1,0.1496,692.93,11.28978191,20.76,677,3240.0,10.031792812689051,87.4,2,0,0,0,0,1,0,0,0,0,0
1,0.1114,492.06,11.04292184,9.35,767,5370.041667,9.885323581908457,39.1,2,0,0,1,0,0,0,0,0,1,0
1,0.16,98.45,10.6454249,22.31,697,3006.041667,9.605822482030945,99.0,0,0,0,0,1,0,0,0,0,0,0
1,0.0859,269.48,10.89673933,10.56,782,4110.041667,8.06117135969092,15.1,0,0,0,0,0,0,1,0,0,0,0
1,0.1565,874.66,11.1124479,13.65,687,6510.0,9.33485624667375,43.9,1,0,0,0,0,0,0,0,1,0,0
1,0.1183,215.38,10.37972173,22.25,722,4020.0,7.380879035564116,72.9,0,0,0,0,0,0,1,0,0,0,0
1,0.1392,573.5,11.09522582,17.49,687,4620.041667,9.860527858095992,64.7,1,1,0,0,0,0,0,0,1,0,0
1,0.1148,296.72,10.1266311,16.7,722,3390.041667,7.351158226430694,51.9,0,0,0,0,0,0,1,0,0,0,0
1,0.1218,719.28,12.36307639,12.88,732,7530.041667,10.984868904275876,71.7,0,0,0,0,0,1,0,0,0,0,0
1,0.0859,379.33,11.3736634,18.8,772,4627.041667,9.784591397592273,23.5,0,0,0,0,0,0,1,0,0,0,0
1,0.0894,190.63,10.26813067,15.08,722,2220.0,8.108623268354595,21.3,0,0,0,0,1,0,0,0,0,0,0
1,0.1461,206.86,10.71441777,16.67,662,2310.041667,8.904901577935142,79.8,2,0,0,0,0,0,1,0,0,0,0
1,0.1392,409.65,11.96400108,18.75,702,7110.041667,11.846801477172667,95.6,0,0,0,0,0,0,1,0,0,0,0
1,0.1426,514.59,11.00429742,8.94,682,2400.041667,9.610323816515109,64.3,0,0,0,0,0,0,1,0,0,0,0
1,0.1461,137.91,9.574983486,4.92,682,1350.041667,7.460490305825338,48.2,1,0,0,0,0,0,1,0,0,0,0
1,0.1426,686.12,11.1124479,11.23,687,2220.0,9.944341546544393,84.7,2,0,0,0,0,0,1,0,0,0,0
1,0.0859,221.28,10.6454249,13.86,757,5730.041667,0.0,0.0,0,0,0,0,0,0,1,0,0,0,0
1,0.1635,529.94,11.8493977,11.25,702,5512.0,9.963170554697301,64.7,2,0,0,0,0,0,0,0,0,0,1
1,0.1461,96.54,9.501516334,3.14,672,15990.0,6.565264970035361,22.9,0,0,0,0,1,0,0,0,0,0,0
1,0.1287,168.17,11.58988651,16.04,682,5430.0,7.2485040723706105,23.4,1,0,0,0,0,0,0,0,1,0,0
1,0.1426,111.5,9.92329018,22.41,667,3450.041667,8.985570498917388,81.5,1,0,1,1,0,0,1,0,0,0,0
1,0.1809,904.88,11.57119437,16.37,672,5106.0,10.034208750259138,76.7,2,0,0,0,0,0,1,0,0,0,0
1,0.1287,403.6,10.59663473,19.32,697,2640.041667,9.268892258925797,60.6,2,0,0,1,0,0,1,0,0,0,0
1,0.0774,199.8,9.655026193,12.69,757,5850.0,8.940367233305174,28.8,0,1,0,0,0,0,1,0,0,0,0
1,0.1114,485.5,10.30895266,15.52,737,4020.0,9.042986242304014,28.6,1,0,0,0,0,0,1,0,0,0,0
1,0.0894,254.18,10.51867319,21.41,742,14923.0,8.094683648698815,11.3,1,0,0,0,0,0,0,0,0,1,0
1,0.1114,295.24,10.08580911,12.1,737,2370.041667,9.11690842718363,63.2,1,0,0,0,0,0,1,0,0,0,0
1,0.1531,870.39,11.69524702,8.39,692,3480.041667,9.610993923087126,39.1,0,0,0,0,0,0,1,0,0,0,0
1,0.1183,662.68,12.3883942,2.73,737,4800.0,7.13966033596492,7.2,0,0,1,1,1,0,0,0,0,0,0
1,0.1183,53.02,11.05879518,12.26,712,3900.041667,8.07775756373692,74.9,2,0,0,0,0,0,1,0,0,0,0
1,0.0894,254.18,11.00209984,3.62,747,3060.041667,8.937349848267392,34.0,0,0,0,0,0,0,1,0,0,0,0
1,0.1148,593.44,11.42954386,7.84,752,14761.04167,7.833203948641057,34.5,4,1,0,0,0,0,0,0,1,0,0
1,0.1183,828.35,12.3883942,14.77,757,3750.041667,10.85263262128123,26.7,3,0,0,0,0,0,0,0,1,0,0
1,0.1426,343.06,11.08214255,3.42,677,3530.041667,9.224440496354964,47.4,0,1,1,0,0,0,1,0,0,0,0
1,0.1287,336.34,11.35040654,15.8,697,5010.041667,8.887652690325586,44.7,2,0,0,0,1,0,0,0,0,0,0
1,0.1719,107.24,9.862665558,5.13,667,1161.0,7.273786317844895,32.0,0,1,0,0,0,0,1,0,0,0,0
1,0.0859,158.06,10.30895266,9.04,757,8160.041667,5.8971538676367405,2.0,0,0,0,1,0,0,1,0,0,0,0
1,0.0774,312.19,10.28629797,21.4,772,4410.0,7.884952945759814,5.2,0,0,0,0,0,0,0,0,0,1,0
1,0.1392,136.55,10.36121362,17.77,677,1590.041667,9.078978053779355,61.7,1,0,0,0,1,0,0,0,0,0,0
1,0.1774,720.42,11.14908203,23.17,662,7170.041667,10.101969490779476,64.0,0,0,0,0,0,0,1,0,0,0,0
1,0.1183,331.34,10.858999,10.78,762,4717.0,9.42197798310419,52.6,1,0,0,0,0,0,1,0,0,0,0
1,0.1218,99.9,11.19821472,21.11,687,5310.041667,9.643550340392906,67.6,0,0,0,0,1,0,0,0,0,0,0
1,0.1114,164.02,11.28978191,11.07,722,4800.0,6.823286122355687,35.3,1,0,0,0,1,0,0,0,0,0,0
1,0.1531,417.79,11.00209984,14.3,732,2371.041667,9.855819258834627,89.9,0,0,0,0,0,0,0,0,0,0,1
1,0.0859,158.06,10.81977828,8.02,737,3780.041667,9.527848201325206,30.7,1,0,0,0,0,0,1,0,0,0,0
1,0.1719,185.89,11.14186178,0.57,687,6840.041667,8.187299270155147,83.6,1,0,1,0,0,0,0,0,0,0,1
1,0.0705,247.2,11.15625052,7.92,782,8760.0,8.563504094279487,8.7,2,0,0,0,1,0,0,0,0,0,0
1,0.1253,334.67,11.36093911,10.81,702,3750.041667,10.049879640751199,71.5,0,0,0,0,0,0,1,0,0,0,0
1,0.074,86.97,9.655026193,15.46,762,10443.04167,6.464588303689961,40.1,0,0,0,0,1,0,0,0,0,0,0
1,0.1531,870.39,12.32385568,1.35,702,6510.0,0.0,0.0,1,2,0,0,0,0,0,0,1,0,0
1,0.1183,662.68,11.56171563,13.87,757,5471.0,9.32188174670909,3.5,0,0,0,0,0,0,1,0,0,0,0
1,0.1183,331.34,10.83958091,13.84,757,3060.041667,9.423514392252901,76.6,0,0,0,0,0,0,1,0,0,0,0
1,0.1426,274.45,11.21721122,12.21,702,4380.0,10.481195822829712,97.7,1,0,0,1,1,0,0,0,0,0,0
1,0.0774,218.54,11.56171563,7.43,747,6930.0,10.347660421747342,35.1,1,0,0,0,0,0,0,1,0,0,0
1,0.0705,231.75,11.21721122,4.26,772,6091.041667,10.156927498081687,2.2,2,0,0,0,1,0,0,0,0,0,0
1,0.16,351.58,11.36674295,21.01,662,8100.0,10.529399245077244,89.3,3,1,0,0,0,0,1,0,0,0,0
1,0.1253,368.13,10.6454249,18.89,702,3060.041667,8.826441041782578,25.7,1,0,0,0,0,0,1,0,0,0,0
1,0.1148,494.53,10.69194491,12.19,742,2490.0,8.65486599654131,29.4,0,0,0,0,0,0,1,0,0,0,0
1,0.1183,397.61,10.42228135,22.57,712,5850.0,8.656085190282855,55.8,0,0,0,0,0,0,0,1,0,0,0
1,0.1496,372.44,10.54534144,22.45,672,3367.041667,9.625557771527026,77.3,1,1,0,0,0,0,1,0,0,0,0
1,0.1183,662.68,11.22524339,7.42,752,3480.041667,9.332646496360152,47.1,1,0,0,0,1,0,0,0,0,0,0
1,0.1253,284.47,10.6454249,21.97,707,3390.041667,9.017968479328726,85.9,2,0,0,0,0,1,0,0,0,0,0
1,0.1496,519.7,10.51867319,14.14,677,4067.0,8.880029117468442,55.7,1,0,0,1,1,0,0,0,0,0,0
1,0.1253,669.33,10.91508846,2.71,767,3870.041667,0.0,0.0,1,0,0,0,0,0,1,0,0,0,0
1,0.074,217.42,10.96127785,21.96,787,11160.04167,8.786609455061125,10.7,0,0,0,0,1,0,0,0,0,0,0
1,0.1322,109.86,9.798127037,23.53,707,1920.041667,9.411810747608898,86.1,0,0,0,0,0,0,1,0,0,0,0
1,0.0894,114.38,10.1266311,16.56,727,2250.0,5.998936561946683,1.9,1,0,0,0,1,0,0,0,0,0,0
1,0.1461,413.71,10.59663473,16.44,687,3570.0,6.091309882077698,55.1,0,0,0,1,1,0,0,0,0,0,0
1,0.0894,317.72,11.38509209,15.35,732,7020.041667,9.877708099548641,56.5,1,0,0,0,0,1,0,0,0,0,0
1,0.0774,312.19,10.93310697,9.02,777,6514.0,8.678631537293768,7.1,1,0,0,0,0,0,0,0,0,1,0
1,0.0774,156.1,10.8036489,4.71,797,4200.041667,7.170119543449628,4.2,2,0,0,0,1,0,0,0,0,0,0
1,0.1322,845.02,10.91806585,0.0,807,3933.041667,0.0,0.0,1,0,0,0,1,0,0,0,0,0,0
1,0.167,355.02,11.42954386,6.89,692,5403.0,10.05560760059696,30.7,1,0,0,0,0,0,0,0,0,0,1
1,0.1496,796.84,11.57166596,8.37,687,5702.041667,9.535607204755236,38.2,3,1,0,0,0,0,1,0,0,0,0
1,0.1357,543.5,11.44035477,14.37,692,8370.0,9.783013399068254,39.0,0,0,0,0,0,0,1,0,0,0,0
1,0.0894,190.63,11.60823564,5.47,732,3211.0,9.392078425231722,64.3,0,0,0,0,0,1,0,0,0,0,0
1,0.1461,120.67,9.852867716,5.24,662,3360.041667,7.257707677160043,28.9,2,0,0,1,0,0,1,0,0,0,0
1,0.1392,153.62,11.08214255,0.78,762,3600.0,7.071573364211532,3.7,0,0,0,0,0,0,0,0,0,0,1
1,0.1565,848.42,11.28978191,23.08,712,7860.041667,10.748582989368131,95.2,1,0,0,0,0,0,1,0,0,0,0
1,0.1392,327.72,11.40756495,13.75,677,4291.041667,9.424644974623188,46.6,2,1,0,0,0,0,1,0,0,0,0
1,0.1218,399.6,11.5228758,12.93,707,9270.041667,9.458995712459116,73.4,0,0,0,0,0,0,1,0,0,0,0
1,0.1461,344.76,10.30895266,20.2,672,3450.041667,9.227492430793749,59.1,1,0,0,0,0,0,1,0,0,0,0
1,0.0894,292.3,10.66895539,24.44,737,3045.041667,9.135077887475635,20.9,1,0,0,0,0,0,1,0,0,0,0
1,0.0859,379.33,11.1124479,7.54,782,8370.0,10.023800718046136,23.8,0,0,0,0,0,0,1,0,0,0,0
1,0.1531,174.08,11.35040654,9.06,662,5250.041667,9.161570207606754,75.0,0,0,0,0,0,0,1,0,0,0,0
1,0.0774,234.14,11.69524702,7.72,777,10681.04167,8.55564437779049,5.4,1,0,0,0,0,0,1,0,0,0,0
1,0.0894,476.58,11.08214255,6.0,787,4770.0,9.658034484302057,21.7,0,0,0,0,0,0,1,0,0,0,0
1,0.1183,596.41,12.21106019,18.33,732,4470.041667,9.662434580678351,56.3,2,0,0,0,1,0,0,0,0,0,0
1,0.1461,206.86,10.96819829,12.95,667,11070.04167,9.078407700715356,47.9,3,0,0,1,0,0,1,0,0,0,0
1,0.1461,51.72,10.59663473,3.9,677,3420.041667,7.9287663216266955,92.5,2,0,0,0,1,0,0,0,0,0,0
1,0.1148,328.87,11.00209984,18.98,712,4085.0,10.186332947096382,64.9,1,0,0,1,1,0,0,0,0,0,0
1,0.167,71.01,12.85839783,1.77,692,1530.0,9.52937575208596,98.3,0,0,0,1,1,0,0,0,0,0,0
1,0.1496,623.61,12.69158046,11.1,692,6780.041667,11.562715129472744,95.4,1,0,0,0,0,0,1,0,0,0,0
1,0.1357,509.53,11.1124479,17.89,692,8550.041667,9.54445268330577,60.7,0,0,0,0,1,0,0,0,0,0,0
1,0.1218,166.5,9.586925781,10.95,697,2250.0,8.230577217146454,51.4,0,0,0,0,1,0,0,0,0,0,0
1,0.16,421.89,10.23995979,12.13,717,1890.0,9.440975789048688,33.3,1,0,0,1,0,0,1,0,0,0,0
1,0.0894,413.03,10.71441777,13.17,757,3360.041667,8.6347984334905,20.0,0,0,0,0,0,0,1,0,0,0,0
1,0.1183,198.81,10.51867319,20.63,702,4500.041667,8.688116703257823,46.0,0,0,0,0,0,1,0,0,0,0,0
1,0.1843,909.25,10.89673933,10.04,672,3660.0,6.9726062513017535,20.5,0,0,0,1,0,0,1,0,0,0,0
1,0.0714,216.58,10.08580911,14.85,807,12791.0,5.594711379601839,0.7,0,0,0,0,0,0,0,0,0,1,0
1,0.1148,799.49,11.73606902,10.41,782,4380.0,9.156412029950626,21.0,1,0,0,0,0,0,1,0,0,0,0
1,0.1287,504.5,11.24504602,20.41,737,5130.0,10.964328743517239,95.8,1,0,0,0,0,0,1,0,0,0,0
1,0.1218,499.5,10.72326738,1.5,717,4950.041667,9.770927116951647,84.6,1,0,0,0,0,0,1,0,0,0,0
1,0.0639,76.51,10.42228135,3.39,782,6279.0,8.124446855715847,7.8,1,0,0,0,1,0,0,0,0,0,0
1,0.1461,224.09,11.73606902,5.49,682,1290.041667,8.689632748355741,80.3,0,0,0,0,0,0,0,0,0,1,0
1,0.0774,156.1,11.15625052,2.11,767,4140.041667,7.88758403166028,22.2,0,0,0,0,1,0,0,0,0,0,0
1,0.1287,302.7,11.49272276,8.49,697,4141.041667,9.064736398117391,80.0,0,0,0,1,0,0,1,0,0,0,0
1,0.0859,369.84,11.35040654,8.03,787,5250.041667,9.675205823365795,22.0,2,0,0,0,0,1,0,0,0,0,0
1,0.1531,174.08,11.00209984,22.57,662,2250.0,8.419359831067474,76.8,1,0,0,0,0,1,0,0,0,0,0
1,0.1357,461.98,10.42633028,15.26,687,3690.0,9.596146842421163,66.2,0,0,0,0,0,0,1,0,0,0,0
1,0.1287,302.7,11.15625052,17.5,687,3390.041667,7.860570785538664,12.4,1,0,0,0,0,0,1,0,0,0,0
1,0.1183,149.11,9.46962297,9.17,702,4690.0,7.949091499830517,36.8,2,0,1,0,0,0,1,0,0,0,0
1,0.1183,94.44,10.08580911,24.7,702,3420.041667,8.339261982923576,38.7,2,0,0,1,0,0,1,0,0,0,0
1,0.1114,164.02,11.05089001,13.75,722,6030.041667,9.08839870117094,21.7,0,0,0,0,0,0,0,0,0,1,0
1,0.1183,165.67,11.00209984,8.92,707,2501.0,8.986071187374463,34.3,0,0,0,0,0,0,0,0,0,1,0
1,0.1183,99.41,10.4487146,20.94,697,2010.041667,8.635331719433278,30.1,3,0,0,0,1,0,0,0,0,0,0
1,0.1496,320.47,9.574983486,0.08,742,1321.041667,1.791759469228055,0.2,6,0,0,0,0,0,1,0,0,0,0
1,0.1496,443.46,11.17369743,9.37,672,2940.0,7.04141166379481,11.8,0,0,0,0,0,0,1,0,0,0,0
1,0.1183,497.01,11.19821472,19.25,727,7440.041667,10.784420500529187,73.2,0,0,0,0,0,0,1,0,0,0,0
1,0.1496,415.74,11.33857208,15.06,677,6990.0,10.260392470028915,94.6,0,0,0,1,1,0,0,0,0,0,0
1,0.1357,118.89,11.00209984,15.06,677,3750.041667,10.09559441006488,38.0,2,1,0,0,0,0,1,0,0,0,0
1,0.0894,317.72,11.98292909,4.04,747,3930.041667,7.3914152346753585,5.3,2,0,0,0,1,0,0,0,0,0,0
1,0.1635,388.63,11.32055357,12.93,672,2580.0,8.668196064952765,96.9,1,0,0,0,1,0,0,0,0,0,0
1,0.1461,482.66,10.59663473,16.89,687,2250.0,9.983637946718957,87.4,0,0,0,0,0,0,1,0,0,0,0
1,0.1114,328.04,11.28978191,4.68,732,3690.0,9.251770181739323,56.0,0,0,0,0,0,0,1,0,0,0,0
1,0.1148,197.82,11.00209984,9.34,712,3420.041667,8.333991247194975,27.6,1,0,0,0,0,0,0,0,1,0,0
1,0.1114,262.43,10.93310697,20.57,727,4860.041667,9.06589246761031,65.8,1,0,0,0,0,1,0,0,0,0,0
1,0.1183,397.61,11.09741002,13.36,722,3330.0,9.933191975242458,41.5,2,1,0,0,0,0,1,0,0,0,0
1,0.1426,51.46,11.47210347,15.97,662,8220.041667,9.73890767721833,77.8,1,0,0,0,0,0,0,0,0,1,0
1,0.1253,669.33,10.83958091,23.93,722,2070.041667,9.27762511878178,43.8,0,0,0,1,0,0,0,1,0,0,0
1,0.1253,267.74,10.858999,7.04,707,13590.04167,8.976009475021396,90.9,3,0,0,1,0,1,0,0,0,0,0
1,0.0859,284.5,10.46310334,6.62,752,5130.0,9.085910293598007,43.5,1,0,0,0,0,0,1,0,0,0,0
1,0.1136,822.78,10.91508846,17.5,722,3338.0,9.622714888385282,78.3,0,0,0,0,1,0,0,0,0,0,0
1,0.167,701.16,10.858999,18.18,667,3000.041667,9.436120444611522,57.0,2,0,0,0,1,0,0,0,0,0,0
1,0.1357,244.58,11.35040654,6.45,692,12061.0,8.9851948179913,43.6,0,0,0,0,0,0,1,0,0,0,0
1,0.0894,190.63,10.39083982,11.24,732,3720.0,8.194229304819817,10.6,1,0,1,0,0,0,0,0,1,0,0
1,0.1287,815.61,11.81303006,15.84,737,6000.041667,10.17412519037865,94.6,0,0,0,0,0,0,1,0,0,0,0
1,0.1459,130.97,9.92329018,19.29,672,6316.041667,9.741733036682138,91.0,1,1,0,1,0,0,1,0,0,0,0
1,0.1183,331.34,11.28978191,10.59,722,6422.041667,8.778171881033469,4.9,3,0,0,1,0,0,0,0,1,0,0
1,0.1357,220.8,11.22524339,3.52,682,1770.0,8.736971085254146,68.4,0,0,0,0,0,0,1,0,0,0,0
1,0.1148,164.85,10.77895629,14.57,727,2490.0,8.919988070968524,42.7,0,0,0,0,0,0,1,0,0,0,0
1,0.1148,799.49,11.86358234,1.27,777,5670.041667,8.901911226379612,17.3,2,0,0,0,0,0,0,0,1,0,0
1,0.1114,229.63,9.798127037,16.33,717,4050.0,8.945723572455398,57.7,0,0,0,0,1,0,0,0,0,0,0
1,0.1322,202.81,10.49127422,2.33,722,1590.041667,5.934894195619588,47.1,0,0,0,0,0,0,0,1,0,0,0
1,0.0894,413.03,11.58988651,2.8,787,4830.041667,0.0,0.0,0,0,0,0,1,0,0,0,0,0,0
1,0.0859,126.45,10.34817337,12.0,747,3150.041667,8.277411998949004,51.7,0,0,0,0,0,1,0,0,0,0,0
1,0.1136,493.67,10.81977828,4.1,767,3799.041667,8.647343875881283,21.2,2,0,0,0,0,1,0,0,0,0,0
1,0.1843,363.7,11.28978191,0.08,667,3540.041667,5.123963979403259,11.1,3,0,1,1,1,0,0,0,0,0,0
1,0.1348,244.26,10.5686467,11.2,677,2310.041667,8.464635940677562,62.4,2,0,0,0,1,0,0,0,0,0,0
1,0.0894,476.58,11.89818787,3.47,777,4711.0,8.499232866039245,14.0,0,0,0,0,1,0,0,0,0,0,0
1,0.1114,131.22,11.9511804,16.56,722,4560.041667,11.697935072383471,59.6,0,0,0,0,1,0,0,0,0,0,0
1,0.1218,832.5,11.66134547,16.99,737,7920.041667,10.38736326793552,56.1,0,0,0,0,0,0,1,0,0,0,0
1,0.1809,202.7,9.798127037,9.8,682,1230.041667,0.0,0.0,0,0,0,0,0,0,0,0,0,0,1
1,0.1357,631.82,11.46163217,0.44,692,6780.041667,6.584791392385716,45.2,0,0,0,0,1,0,0,0,0,0,0
1,0.1025,421.01,10.51867319,17.61,732,3343.0,9.66896702819858,46.5,0,0,0,0,0,0,1,0,0,0,0
1,0.1426,521.45,10.66895539,17.19,702,4051.0,9.8492953234527,97.6,2,0,0,1,0,0,1,0,0,0,0
1,0.1357,169.85,10.03451581,10.95,677,2370.041667,7.352441100243583,45.9,1,1,0,0,0,0,1,0,0,0,0
1,0.1183,662.68,11.69524702,14.28,742,4770.0,9.56043370454936,51.0,1,0,0,0,1,0,0,0,0,0,0
1,0.1253,66.94,11.04132055,4.02,677,2130.0,9.007121989469242,54.0,2,0,1,0,1,0,0,0,0,0,0
1,0.1357,354.98,10.68051622,22.1,682,2316.041667,9.42424134192346,55.8,2,0,0,0,0,0,1,0,0,0,0
1,0.0774,312.19,10.81977828,0.86,772,5190.041667,7.711101251840158,6.5,0,0,0,0,1,0,0,0,0,0,0
1,0.1114,492.06,11.39639165,3.76,757,13200.0,9.68046899341007,38.6,0,0,0,1,0,0,0,0,1,0,0
1,0.0859,37.94,11.51292546,0.53,757,3990.0,0.0,0.0,1,0,0,0,1,0,0,0,0,0,0
1,0.1253,209.17,10.08580911,21.75,697,2100.041667,7.106606137727303,7.2,2,0,0,0,1,0,0,0,0,0,0
1,0.1645,353.78,10.91508846,16.97,682,6330.041667,8.023879992734878,41.8,0,0,0,1,1,0,0,0,0,0,0
1,0.1531,174.08,11.74403719,12.13,702,4530.041667,10.34161344288384,82.6,2,0,0,1,0,0,0,0,0,0,1
1,0.0988,483.16,10.59663473,12.0,762,7179.041667,9.625557771527026,24.8,0,0,0,0,0,0,1,0,0,0,0
1,0.1392,614.47,11.51292546,17.52,692,5010.041667,9.144307401371744,43.7,0,0,0,0,0,0,1,0,0,0,0
1,0.0774,78.05,10.57643203,21.55,742,2370.041667,8.442900586834382,49.4,0,0,0,0,1,0,0,0,0,0,0
1,0.1496,519.68,11.32659589,5.94,677,5010.041667,9.598320165743328,77.2,2,0,0,0,0,1,0,0,0,0,0
1,0.1739,896.19,11.8493977,2.47,747,8822.0,9.585827256564661,94.5,0,0,0,1,0,0,0,0,0,0,1
1,0.1287,336.34,11.35040654,6.23,697,3661.0,7.9748769005588755,23.2,0,0,0,0,0,0,1,0,0,0,0
1,0.0859,189.67,10.18111929,10.14,742,5430.0,8.769662508112274,19.0,0,0,0,0,0,1,0,0,0,0,0
1,0.1148,692.34,11.2515607,17.56,762,4620.041667,10.415921881641534,52.9,1,0,0,0,0,1,0,0,0,0,0
1,0.1148,478.05,10.71441777,16.77,722,7170.041667,9.767094927630573,55.7,0,0,0,0,0,0,1,0,0,0,0
1,0.1565,279.89,10.26081229,6.17,722,2340.041667,8.40737832540903,99.5,0,0,0,0,0,0,1,0,0,0,0
1,0.0774,124.88,11.50791292,1.74,757,4380.0,8.80131894766524,7.9,0,0,0,0,1,0,0,0,0,0,0
1,0.1704,856.18,11.91839057,3.7,677,6960.0,9.306650052113591,49.8,0,2,1,0,1,0,0,0,0,0,0
1,0.0859,284.5,10.77895629,7.13,767,5190.0,8.571113033405668,73.3,0,0,0,0,0,0,1,0,0,0,0
1,0.1704,891.86,10.91508846,9.36,717,4320.0,8.707813551024888,90.3,0,0,0,1,0,0,0,0,0,0,1
1,0.1218,116.55,11.8277362,13.53,692,7500.041667,9.299358068293836,79.8,1,1,0,0,1,0,0,0,0,0,0
1,0.1357,468.77,10.96127785,17.5,687,3450.041667,9.63991255542758,70.2,1,0,0,1,0,0,1,0,0,0,0
1,0.0774,187.32,11.23056255,16.76,792,3900.041667,0.0,0.0,3,0,0,0,1,0,0,0,0,0,0
1,0.0774,340.29,11.46163217,18.15,777,7440.041667,9.374497958142467,19.0,0,0,0,0,0,0,1,0,0,0,0
1,0.1148,329.69,11.1962808,20.26,732,5550.0,10.625489404000177,61.4,0,0,0,0,0,1,0,0,0,0,0
1,0.1392,85.35,11.31934072,2.13,687,5340.041667,0.0,0.0,0,1,0,0,1,0,0,0,0,0,0
1,0.1322,101.41,9.487972109,5.82,727,2760.041667,7.346010209913293,96.8,1,0,0,0,1,0,0,0,0,0,0
1,0.16,492.21,10.60658506,19.16,662,6540.0,9.307376334487778,82.2,1,0,0,0,0,0,1,0,0,0,0
1,0.1218,319.68,10.89673933,4.78,712,3480.041667,8.996899596123358,76.9,0,0,0,0,1,0,0,0,0,0,0
1,0.0859,303.46,10.22557105,8.43,757,2040.041667,8.319717386850606,15.5,2,0,0,0,1,0,0,0,0,0,0
1,0.0894,190.63,11.33857208,9.13,762,3180.041667,9.090317329376452,32.4,0,0,0,0,1,0,0,0,0,0,0
1,0.0774,62.44,10.61643736,6.06,737,8940.041667,10.54019664799237,21.4,1,0,0,0,0,0,1,0,0,0,0
1,0.0774,224.78,11.00209984,4.94,767,2644.041667,7.661997558901893,10.1,0,0,0,0,0,1,0,0,0,0,0
1,0.074,31.06,11.11988288,0.52,792,15030.0,3.58351893845611,0.1,1,0,0,0,1,0,0,0,0,0,0
1,0.0859,324.01,11.08214255,7.09,782,4950.041667,6.419994928147142,4.0,1,0,0,0,0,1,0,0,0,0,0
1,0.1531,870.39,12.3883942,14.72,697,4140.041667,10.268616659121419,44.9,3,0,0,1,0,0,0,0,1,0,0
1,0.1287,336.34,10.77895629,16.18,702,1860.0,8.523175263093785,58.5,0,0,0,0,0,0,1,0,0,0,0
1,0.1739,179.24,11.15625052,15.34,697,8550.041667,7.516433302915632,31.7,3,0,0,0,0,0,0,0,0,0,1
1,0.1148,560.47,10.86856845,21.53,742,3243.0,9.698061122027077,41.3,0,0,0,0,0,0,1,0,0,0,0
1,0.1809,904.88,11.51292546,19.75,677,5520.0,11.211820372186306,86.8,1,0,0,1,0,1,0,0,0,0,0
1,0.1114,295.24,10.81977828,14.88,747,1863.0,6.304448802421981,3.7,4,0,0,0,0,0,1,0,0,0,0
1,0.0894,381.26,10.67359577,12.58,777,2160.0,7.537430036586509,20.2,0,0,0,0,1,0,0,0,0,0,0
1,0.0774,62.44,10.23995979,20.23,747,3990.0,8.541300266759471,17.7,4,0,0,0,1,0,0,0,0,0,0
1,0.1218,765.9,11.00209984,12.34,732,2760.041667,8.031385330625534,28.0,1,0,0,0,0,0,1,0,0,0,0
1,0.1253,334.67,11.00209984,14.36,702,9750.041667,9.09301972939964,25.5,2,0,1,0,0,0,1,0,0,0,0
1,0.1218,666.0,10.93310697,13.5,727,2550.0,9.988380019554091,63.7,0,0,0,0,0,0,1,0,0,0,0
1,0.1645,141.51,10.58294141,16.88,662,1597.041667,8.455743229100015,72.3,0,0,0,0,1,0,0,0,0,0,0
1,0.1253,261.04,10.6454249,19.0,702,4320.0,0.0,0.0,2,0,0,0,0,0,1,0,0,0,0
1,0.1218,299.7,10.30895266,9.48,737,3810.041667,8.32020459757888,57.8,0,0,0,0,0,0,1,0,0,0,0
1,0.0894,381.26,11.40756495,6.19,752,3394.041667,10.122944315992342,45.3,0,0,0,0,0,0,1,0,0,0,0
1,0.0894,559.18,11.05089001,12.34,782,14100.04167,9.09873819539488,21.2,1,0,0,1,0,1,0,0,0,0,0
1,0.1565,769.7,11.08214255,17.28,732,3930.041667,10.061772531501841,56.1,2,0,0,0,0,0,0,0,0,0,1
1,0.1392,477.92,10.7254676,23.26,687,6570.0,9.609317813948794,87.7,0,0,0,0,0,0,1,0,0,0,0
1,0.0894,149.33,10.36646657,21.3,722,1950.041667,8.442254104751743,69.2,0,0,0,0,0,0,1,0,0,0,0
1,0.1426,411.67,11.05089001,10.7,677,2040.041667,8.674196940225903,45.3,1,0,0,0,1,0,0,0,0,0,0
1,0.1385,330.81,12.10071213,21.03,677,4680.041667,10.965764295283641,75.8,1,0,0,0,0,1,0,0,0,0,0
1,0.1218,699.3,10.88893114,4.84,802,8010.0,4.795790545596741,2.4,1,0,0,1,1,0,0,0,0,0,0
1,0.1114,328.04,11.28978191,21.04,727,4171.041667,9.947600127154448,67.4,0,0,0,0,0,0,1,0,0,0,0
1,0.1392,721.15,11.3736634,18.33,702,3810.041667,9.626349693960018,88.6,1,0,0,0,0,1,0,0,0,0,0
1,0.1565,848.42,11.38584181,15.72,687,3810.041667,10.364418902828275,93.5,0,0,1,0,0,0,1,0,0,0,0
1,0.1322,439.41,10.46310334,22.53,722,3150.041667,8.791941988456118,88.3,0,0,0,0,0,0,1,0,0,0,0
1,0.0859,158.06,11.15625052,2.35,747,8160.041667,4.276666119016055,0.3,1,0,0,0,0,0,0,0,0,1,0
1,0.0774,46.83,10.26813067,15.04,742,7500.041667,6.856461984594587,22.1,0,0,0,0,0,0,1,0,0,0,0
1,0.1392,648.61,11.72803684,11.17,692,5130.0,10.012117717061576,69.0,0,0,0,0,0,0,0,0,1,0,0
1,0.167,213.01,10.76848499,0.76,662,3330.0,6.889591308354466,89.2,0,0,0,1,0,0,1,0,0,0,0
1,0.1607,563.11,11.47110297,12.74,727,7260.0,9.175127616220438,9.7,1,2,0,0,0,0,1,0,0,0,0
1,0.1253,66.94,10.91508846,9.56,682,5520.0,8.826294231241318,56.7,0,0,0,0,1,0,0,0,0,0,0
1,0.1062,455.84,10.81977828,13.25,722,11181.04167,9.596078849900314,72.4,1,0,0,0,0,0,1,0,0,0,0
1,0.0894,190.63,10.99851024,17.58,722,3030.041667,8.840580188488795,32.0,2,0,0,0,0,0,1,0,0,0,0
1,0.1218,499.5,11.15625052,2.18,737,5101.0,8.414052432496725,60.1,0,0,0,1,0,0,0,1,0,0,0
1,0.1218,249.75,10.16585182,0.0,762,3120.041667,0.0,0.0,3,0,0,0,0,0,1,0,0,0,0
1,0.0774,130.34,10.46310334,8.98,792,7890.041667,7.213768308118642,4.2,1,0,0,0,0,0,1,0,0,0,0
1,0.1253,247.66,11.73606902,7.47,722,5820.0,10.100081768616802,65.8,0,0,0,0,0,0,1,0,0,0,0
1,0.1218,133.2,11.60823564,11.87,697,9570.0,8.355850041007475,64.5,0,0,0,0,1,0,0,0,0,0,0
1,0.1531,522.23,11.40756495,16.79,682,5581.041667,10.851393223779535,97.9,1,0,0,0,0,0,1,0,0,0,0
1,0.1357,475.56,11.27720313,16.34,687,5520.0,9.383452989684827,54.8,1,0,1,0,0,0,1,0,0,0,0
1,0.1635,423.95,11.28978191,5.64,672,4084.0,8.91905180393029,97.0,0,0,1,0,0,0,0,0,1,0,0
1,0.1461,344.76,11.04132055,8.46,712,4920.041667,8.035602692918582,14.1,1,0,0,0,0,0,0,1,0,0,0
1,0.1704,267.56,10.77895629,4.92,687,1144.0,9.035867930125628,76.3,0,0,0,0,1,0,0,0,0,0,0
1,0.16,527.36,11.47210347,11.13,662,4080.0,9.570668634412817,56.4,2,2,0,0,0,0,1,0,0,0,0
1,0.1322,189.29,11.23581399,3.31,687,4560.041667,8.258681496264236,68.9,0,0,0,0,1,0,0,0,0,0,0
1,0.1183,142.48,11.58988651,17.63,707,10830.04167,9.619199713152362,28.9,2,0,0,0,1,0,0,0,0,0,0
1,0.1287,403.6,10.55309029,14.98,722,1560.041667,8.862341963516347,71.8,0,0,0,0,0,0,1,0,0,0,0
1,0.1357,407.63,10.6454249,21.77,682,5130.0,8.890685920281129,60.0,2,0,0,0,0,0,1,0,0,0,0
1,0.1357,506.14,10.98359637,12.0,687,4170.041667,9.64510534912921,78.0,1,0,0,0,0,0,1,0,0,0,0
1,0.1287,815.61,11.51292546,13.52,717,2970.0,10.241993434184533,57.0,0,0,0,0,0,0,1,0,0,0,0
1,0.0894,247.82,10.77895629,12.95,742,4560.041667,9.905285934477508,65.4,0,0,0,0,0,0,1,0,0,0,0
1,0.0894,571.89,11.40756495,4.64,797,9720.041667,7.761319180947987,9.9,0,0,0,0,0,0,1,0,0,0,0
1,0.1183,447.31,10.54841566,22.54,712,6000.041667,9.533437849648918,52.7,0,0,0,0,0,0,1,0,0,0,0
1,0.1322,162.25,10.71441777,15.17,677,3123.041667,8.756997183623554,74.8,0,0,0,0,0,0,1,0,0,0,0
1,0.1357,135.88,11.30958454,8.71,762,3244.0,9.02749867993534,11.0,1,0,0,0,0,0,0,0,0,0,1
1,0.1183,662.68,11.51292546,6.72,737,3041.041667,8.31164394850298,19.5,0,0,0,0,0,0,0,1,0,0,0
1,0.1218,33.3,10.40426284,13.56,692,2130.0,9.531118671917154,65.8,3,0,0,0,0,1,0,0,0,0,0
1,0.1148,98.91,10.55841352,3.05,722,1620.041667,8.226573474977114,30.4,1,0,0,0,0,1,0,0,0,0,0
1,0.1148,105.5,10.66895539,21.43,712,3664.0,9.329278296047697,27.1,1,0,0,0,0,0,1,0,0,0,0
1,0.1426,548.9,11.1844214,18.87,682,5190.0,10.421924139303453,45.6,0,0,0,0,1,0,0,0,0,0,0
1,0.1322,371.81,10.80523301,15.54,692,4080.0,9.386224586806131,62.7,1,0,0,0,0,0,1,0,0,0,0
1,0.1913,220.33,11.28978191,0.38,667,8370.0,5.459585514144159,3.3,2,1,0,0,1,0,0,0,0,0,0
1,0.0859,410.94,11.51292546,18.35,782,5580.041667,8.704833909687792,5.8,2,0,0,0,0,0,1,0,0,0,0
1,0.1392,674.21,10.53049493,14.13,692,13620.04167,7.2909747781429814,16.9,0,4,0,0,0,0,0,0,0,1,0
1,0.0859,158.06,11.22524339,12.59,747,6060.041667,9.002085433155724,23.9,1,0,0,1,0,0,1,0,0,0,0
1,0.1426,123.51,12.24047407,2.24,742,5190.0,11.565698164498148,66.2,3,0,0,1,0,0,0,0,0,0,1
1,0.1062,455.84,10.4341158,18.07,717,2490.0,8.894670262984233,65.1,1,0,0,0,0,0,1,0,0,0,0
1,0.1461,517.13,10.49127422,9.17,732,1892.0,0.0,40.0,2,0,0,0,0,0,0,0,0,1,0
1,0.1357,84.93,10.55841352,13.5,677,3720.0,7.841099765422119,29.9,2,0,0,0,0,0,1,0,0,0,0
1,0.0774,156.1,10.30895266,7.96,767,4170.041667,8.028781162487148,11.9,0,0,0,0,0,0,1,0,0,0,0
1,0.1565,848.42,11.56171563,1.1,702,4381.0,7.96693349840484,31.0,0,0,0,0,0,0,1,0,0,0,0
1,0.1322,253.51,11.1844214,24.23,692,5250.041667,8.098946748943339,50.6,1,0,0,0,0,0,1,0,0,0,0
1,0.1426,603.79,11.38509209,8.73,692,5402.041667,9.866927297224326,89.7,0,0,0,0,0,0,1,0,0,0,0
1,0.1565,874.66,11.53272809,7.36,767,5340.041667,0.0,0.0,0,0,0,0,0,0,0,0,0,0,1
1,0.0774,156.1,10.57449137,10.98,757,4770.0,9.333088837235236,52.6,3,0,0,0,1,0,0,0,0,0,0
1,0.1287,336.34,10.71441777,12.64,692,6180.0,9.11866358340428,50.2,2,0,0,0,0,0,1,0,0,0,0
1,0.1461,186.17,9.903487553,4.8,702,1560.041667,8.219864741912652,77.4,0,0,0,0,0,0,0,0,1,0,0
1,0.1253,811.56,12.56723749,13.89,727,5190.0,10.690193379861592,65.7,2,0,0,0,0,0,1,0,0,0,0
1,0.1565,685.73,11.11986806,13.58,677,4830.0,9.322775801305971,65.1,0,0,1,1,0,0,1,0,0,0,0
1,0.1287,201.8,10.08580911,8.7,692,2400.041667,8.12415060330663,63.7,0,0,0,0,0,0,1,0,0,0,0
1,0.1645,849.06,11.00209984,21.78,692,3000.0,10.486261675614703,95.8,0,0,0,0,0,0,1,0,0,0,0
1,0.1322,202.81,10.66895539,22.32,687,2310.041667,8.870101048785726,76.5,0,0,0,0,0,0,1,0,0,0,0
1,0.1287,672.67,10.85127695,0.23,802,6240.0,3.7376696182833684,0.2,3,0,0,1,0,0,0,0,1,0,0
1,0.1385,341.04,11.15625052,7.89,692,3180.041667,0.0,0.0,0,0,0,0,0,0,0,0,1,0,0
1,0.1148,329.69,10.3859137,23.41,722,3180.041667,9.151757414543885,45.3,0,0,0,0,0,1,0,0,0,0,0
1,0.0788,100.1,10.94316338,21.49,722,3896.041667,8.197263371414335,71.2,1,0,0,0,0,1,0,0,0,0,0
1,0.1426,205.84,9.942708266,0.87,682,1920.041667,6.0473721790462776,7.7,0,0,0,0,0,0,0,0,0,1,0
1,0.0894,317.72,10.63585545,6.61,752,2160.0,1.3862943611198906,0.0,0,0,0,0,0,0,0,0,1,0,0
1,0.1287,260.66,10.30253209,22.42,692,6990.0,8.955706153570603,52.7,0,0,1,1,0,1,0,0,0,0,0
1,0.1322,283.93,10.49127422,2.3,687,2521.0,7.6246189861593985,27.7,1,1,0,0,0,0,1,0,0,0,0
1,0.1392,170.69,10.54534144,5.68,687,1650.041667,8.37216741936598,86.5,1,0,0,0,0,0,1,0,0,0,0
1,0.1635,621.8,11.40756495,17.35,667,4980.041667,9.585758558732051,70.0,0,0,0,0,0,0,1,0,0,0,0
1,0.1114,229.63,10.59663473,21.99,717,2310.041667,8.828201089171515,71.1,1,0,0,0,0,0,1,0,0,0,0
1,0.1183,331.34,10.59663473,0.54,732,3780.041667,6.318968113746434,14.2,0,0,1,0,0,0,1,0,0,0,0
1,0.1253,836.66,11.77528973,11.13,752,4590.041667,10.604801295762467,54.8,5,0,0,0,0,0,0,0,1,0,0
1,0.0774,187.32,11.69524702,4.7,767,5730.041667,8.384575666801398,27.4,0,0,0,0,0,0,1,0,0,0,0
1,0.0988,483.16,11.09741002,7.69,752,5400.041667,9.084436955087027,23.8,0,0,0,0,1,0,0,0,0,0,0
1,0.0774,124.88,11.08214255,1.83,767,4920.041667,8.382747094863314,21.0,1,0,0,0,0,1,0,0,0,0,0
1,0.1496,277.16,11.47210347,5.65,662,4381.0,9.399389249519563,74.1,1,2,1,0,0,1,0,0,0,0,0
1,0.1392,564.12,11.15625052,14.09,692,5340.041667,9.76180877420419,83.9,1,0,0,0,0,0,1,0,0,0,0
1,0.0859,309.78,10.66895539,14.99,762,7680.0,8.549660381553739,11.9,0,0,0,0,0,0,0,0,0,1,0
1,0.1114,393.65,11.91839057,2.37,737,4050.0,9.300638009956963,29.8,0,0,0,0,0,0,1,0,0,0,0
1,0.1322,253.51,10.89673933,15.56,697,7923.041667,8.423541635334782,25.6,1,0,0,0,0,0,1,0,0,0,0
1,0.1148,118.69,10.34817337,11.23,717,2760.041667,7.532088143541722,74.6,0,0,0,0,1,0,0,0,0,0,0
1,0.1311,398.19,11.23848862,20.42,692,4267.041667,9.454462329675584,44.3,0,0,1,0,0,0,1,0,0,0,0
1,0.1253,267.74,10.49127422,10.37,697,9842.0,9.024251728612985,79.8,0,0,0,1,0,1,0,0,0,0,0
1,0.1531,870.39,12.22587527,7.21,697,5101.0,10.25439087265161,45.0,0,0,0,0,0,0,0,0,1,0,0
1,0.0988,483.16,10.4341158,16.41,762,3091.041667,8.842171048611716,26.5,0,0,0,0,1,0,0,0,0,0,0
1,0.0788,359.73,11.00209984,4.96,752,5704.041667,9.438670449977693,39.3,0,0,0,0,0,0,1,0,0,0,0
1,0.1392,51.21,10.81977828,17.04,672,3900.041667,8.384118837190895,93.1,2,0,0,0,1,0,0,0,0,0,0
1,0.1635,565.27,11.00209984,24.8,697,13170.0,9.761578306353435,45.4,1,0,0,0,0,0,1,0,0,0,0
1,0.0859,252.89,11.03563132,4.8,752,3660.0,9.094255892955381,21.4,1,0,0,0,0,0,1,0,0,0,0
1,0.0751,311.1,11.46163217,2.93,757,3720.0,8.818482267274236,20.6,1,0,0,0,0,0,1,0,0,0,0
1,0.1148,65.94,10.26813067,14.25,702,3180.041667,5.19295685089021,59.7,2,0,0,0,0,0,1,0,0,0,0
1,0.1136,378.48,10.30895266,22.68,702,1861.0,6.853299093186078,9.0,1,1,0,0,0,0,1,0,0,0,0
1,0.1218,99.9,10.30895266,20.04,697,1650.041667,8.251403065380556,66.1,1,0,0,0,0,0,1,0,0,0,0
1,0.1099,274.98,10.858999,18.62,702,4940.041667,9.129455643235719,34.7,3,0,1,0,0,0,1,0,0,0,0
1,0.0894,206.52,11.12726298,16.45,727,3840.041667,9.446123703636829,53.4,0,0,0,0,0,0,1,0,0,0,0
1,0.1461,193.07,10.59663473,17.58,667,5280.041667,7.075808863978387,39.4,0,1,0,0,1,0,0,0,0,0,0
1,0.1099,98.21,10.66895539,9.82,687,6462.041667,9.57073837671504,34.2,1,0,0,0,0,0,1,0,0,0,0
1,0.0774,62.44,9.392661929,14.9,757,5438.0,7.711996507047669,21.6,0,0,0,0,1,0,0,0,0,0,0
1,0.1136,658.23,11.17043516,8.25,717,12692.04167,10.341355311751792,48.4,1,4,0,0,0,0,1,0,0,0,0
1,0.0788,306.55,10.77895629,7.95,742,3990.0,9.369393301830783,34.5,0,0,0,0,0,0,1,0,0,0,0
1,0.0676,49.24,11.33260191,3.65,782,3333.0,8.847359875474174,14.6,4,0,0,0,1,0,0,0,0,0,0
1,0.1025,388.62,11.35040654,18.56,732,3510.041667,9.62733871589802,41.6,2,0,0,0,0,1,0,0,0,0,0
1,0.1136,798.1,11.72803684,13.73,727,5070.0,10.248423867569471,59.7,0,0,0,0,0,0,1,0,0,0,0
1,0.1496,45.05,10.74720759,16.0,662,6750.041667,9.088963385809583,90.0,0,3,0,0,0,1,0,0,0,0,0
1,0.0751,279.99,10.89673933,16.29,767,4410.0,8.452974619089586,16.4,0,0,0,0,0,0,1,0,0,0,0
1,0.0676,76.93,10.28192399,2.38,752,5610.041667,7.5953872788539725,13.3,2,0,0,0,1,0,0,0,0,0,0
1,0.1533,365.7,10.51867319,14.3,672,6450.041667,9.597437822726162,92.6,0,0,1,0,0,1,0,0,0,0,0
1,0.1062,651.2,10.71441777,19.17,737,3750.041667,9.31847703058076,48.0,1,0,0,0,0,0,0,0,0,1,0
1,0.1385,443.35,10.91508846,13.9,682,4290.041667,9.925151192172155,73.5,1,0,0,0,0,0,1,0,0,0,0
1,0.1645,530.67,11.153819,11.02,662,7830.041667,9.70984212201073,84.9,0,0,0,0,1,0,0,0,0,0,0
1,0.1025,259.08,11.51292546,2.68,717,3840.041667,8.069342366811636,5.1,3,0,0,0,1,0,0,0,0,0,0
1,0.0788,256.5,11.1844214,12.23,747,6840.041667,9.010180657052349,46.0,2,0,0,0,0,0,1,0,0,0,0
1,0.1459,448.05,10.73639668,22.98,677,3288.0,8.951569643018821,55.9,0,0,0,0,1,0,0,0,0,0,0
1,0.1311,70.87,9.61580548,19.04,672,1950.041667,8.363109176033522,62.1,0,0,0,0,1,0,0,0,0,0,0
1,0.1385,162.0,9.729134165,11.64,677,4080.0,8.550047528287184,86.1,0,1,0,1,1,0,0,0,0,0,0
1,0.1645,424.53,12.04355372,10.05,692,4053.0,10.008568028986636,90.3,0,0,0,0,1,0,0,0,0,0,0
1,0.0788,203.33,11.15625052,23.09,722,8130.041667,9.71474542793925,31.7,1,0,0,0,0,0,0,0,0,1,0
1,0.1062,618.64,11.28978191,13.29,737,5070.0,9.579348943073732,36.1,1,0,0,0,0,1,0,0,0,0,0
1,0.1025,153.83,9.549665678,14.62,707,2100.041667,8.683724062303869,64.2,1,0,0,0,0,0,1,0,0,0,0
1,0.0788,312.81,10.6454249,19.77,737,4500.041667,9.659184203386292,62.7,2,0,0,0,0,1,0,0,0,0,0
1,0.0988,80.53,10.30895266,21.16,717,2280.0,8.955190024526887,61.0,1,0,0,0,0,0,0,0,0,1,0
1,0.1136,724.05,11.60823564,8.51,717,7920.041667,9.924221118923034,74.8,0,0,0,0,0,0,1,0,0,0,0
1,0.1025,129.54,10.59663473,4.2,727,3240.0,8.094683648698815,42.0,1,0,0,0,0,0,0,0,0,1,0
1,0.1099,687.44,11.28978191,18.82,757,7140.041667,10.357869800878907,60.6,3,0,0,0,1,0,0,0,0,0,0
1,0.0751,155.55,10.08580911,3.6,787,4800.0,7.362010551259734,10.2,1,0,0,0,1,0,0,0,0,0,0
1,0.0751,93.33,9.648595303,14.55,742,1919.041667,7.566828479208331,24.1,4,0,0,0,0,1,0,0,0,0,0
1,0.0714,154.7,10.38899537,7.46,762,4920.041667,10.170111960461874,40.4,2,0,0,0,0,0,0,0,0,1,0
1,0.1311,404.94,10.70126498,22.43,692,5490.0,9.243581705755984,61.9,0,0,0,0,0,0,1,0,0,0,0
1,0.1025,194.31,11.50287513,21.9,712,3030.041667,8.826147399143558,42.3,3,0,0,0,0,0,1,0,0,0,0
1,0.1348,71.25,10.04324949,3.7,667,2910.0,7.00669522683704,36.8,1,0,0,0,1,0,0,0,0,0,0
1,0.1348,678.49,10.91508846,10.89,702,4110.041667,9.651043915510366,81.8,0,0,0,0,0,0,1,0,0,0,0
1,0.157,350.11,10.77895629,23.63,662,5850.0,9.26738211234338,63.8,0,2,0,0,0,0,1,0,0,0,0
1,0.1645,212.27,10.23422911,15.13,682,4320.0,8.97297111339799,98.6,0,0,0,0,0,0,0,0,0,1,0
1,0.1459,372.23,10.13062313,1.96,677,4682.0,7.446585099157725,24.1,0,0,0,0,1,0,0,0,0,0,0
1,0.1533,644.33,11.00209984,11.2,732,4391.0,8.512984346642183,99.6,0,0,0,0,0,0,1,0,0,0,0
1,0.1099,392.83,11.46163217,4.47,732,8401.0,9.536473630802217,42.5,0,0,0,0,0,0,1,0,0,0,0
1,0.0988,309.22,10.37349118,17.06,732,4475.0,9.006263883379198,62.7,1,0,0,0,1,0,0,0,0,0,0
1,0.1422,137.14,9.392661929,2.4,707,1290.041667,6.9930151229329605,51.8,1,0,0,0,0,0,0,0,0,1,0
1,0.1311,607.41,11.19821472,10.25,702,3300.0,9.061144065614055,40.6,0,0,1,1,0,0,1,0,0,0,0
1,0.1136,138.23,10.40426284,7.49,687,1851.0,8.496786381638575,17.4,1,0,0,1,0,0,1,0,0,0,0
1,0.1533,583.38,10.51867319,15.73,672,1950.041667,9.639131305387844,84.4,1,0,0,0,0,0,1,0,0,0,0
1,0.1025,809.62,11.80559508,0.13,787,8010.0,8.753213480544126,8.4,1,0,0,0,0,0,0,0,0,0,1
1,0.1422,411.41,10.93745465,13.93,682,4290.041667,8.941545475242885,94.4,2,1,1,0,0,0,1,0,0,0,0
1,0.1645,583.73,11.47210347,15.1,667,4620.041667,9.86568183780023,92.6,1,0,0,1,0,0,1,0,0,0,0
1,0.1385,511.56,10.95080655,12.74,682,3420.041667,9.95769160654964,72.6,2,0,0,0,1,0,0,0,0,0,0
1,0.1273,537.06,10.71441777,19.29,717,3001.0,9.456497077599392,49.8,0,0,0,1,0,0,1,0,0,0,0
1,0.0788,225.22,11.11988288,19.47,727,5130.0,9.29302573859479,57.5,1,0,0,0,0,1,0,0,0,0,0
1,0.1533,383.12,11.15625052,24.12,672,5370.041667,9.80410910855585,68.8,2,0,0,0,0,0,1,0,0,0,0
1,0.1385,682.08,11.69524702,13.61,707,3360.0,10.001611950529327,91.9,1,0,0,0,0,1,0,0,0,0,0
1,0.1719,303.85,11.22524339,7.86,662,2730.041667,9.638935897473202,84.0,3,1,0,0,0,0,1,0,0,0,0
1,0.1025,647.7,11.03488966,16.32,752,2130.0,7.834788107388194,26.3,0,0,0,0,1,0,0,0,0,0,0
1,0.1348,407.09,11.56171563,11.18,682,7680.0,7.239214973779806,13.9,1,0,0,0,0,0,1,0,0,0,0
1,0.1311,674.9,11.8493977,9.21,732,6060.041667,10.262978527734342,92.4,0,1,0,1,0,0,0,0,0,0,1
1,0.1385,511.56,11.20357022,16.24,707,6240.0,9.55775254863573,95.6,1,0,0,1,1,0,0,0,0,0,0
1,0.1099,497.58,10.83958091,8.56,717,1980.041667,9.503233841478497,23.3,1,0,0,0,0,0,1,0,0,0,0
1,0.0788,265.89,10.91508846,7.85,737,2821.041667,9.082507000466299,47.8,0,0,0,0,0,0,1,0,0,0,0
1,0.1025,103.64,11.35040654,2.51,737,4260.041667,9.047586120674756,73.2,1,0,0,0,1,0,0,0,0,0,0
1,0.0988,483.16,11.35040654,0.21,797,5550.0,5.902633333401366,3.7,0,0,0,0,1,0,0,0,0,0,0
1,0.0788,312.81,10.30895266,4.84,772,5040.041667,9.131297164635729,46.7,0,0,0,0,0,0,0,0,1,0,0
1,0.0714,154.7,11.49272276,8.33,752,7350.0,10.247431803996042,58.4,0,0,0,0,0,0,0,0,0,1,0
1,0.0751,311.1,11.45105006,5.96,802,4560.041667,5.313205979041787,1.3,2,0,0,0,1,0,0,0,0,0,0
1,0.1099,769.28,12.20607265,0.67,807,4710.0,0.0,0.0,1,0,0,0,0,0,0,0,0,1,0
1,0.0714,278.46,11.50287513,10.04,787,6781.041667,9.7473014693468,35.6,0,0,0,0,0,0,1,0,0,0,0
1,0.1273,671.33,11.81303006,7.91,747,6316.041667,9.671870704017296,96.9,1,0,0,0,0,0,0,0,0,0,1
1,0.1385,613.87,10.90595598,13.59,692,4170.041667,9.90323752128092,49.4,0,0,0,1,0,0,1,0,0,0,0
1,0.1273,201.4,11.00209984,12.8,682,3030.041667,8.866299565855018,63.3,0,0,1,0,1,0,0,0,0,0,0
1,0.1645,636.8,12.61153775,6.77,717,3870.041667,10.349614642363182,20.8,3,0,0,0,0,1,0,0,0,0,0
1,0.1273,411.19,10.81977828,16.63,697,3781.041667,8.835501457409778,41.9,0,0,1,0,0,0,0,0,0,0,1
1,0.1273,268.53,11.05089001,15.26,727,5670.041667,10.412561643263313,97.9,2,0,0,0,0,0,0,0,0,0,1
1,0.1025,404.81,11.05089001,11.77,732,5250.041667,8.13973227971767,16.2,1,0,0,0,0,0,1,0,0,0,0
1,0.1385,252.37,9.852194258,12.44,682,3390.041667,9.27049429479593,94.0,3,0,0,0,0,0,1,0,0,0,0
1,0.1099,818.38,12.10071213,0.07,797,6840.041667,0.0,0.0,0,0,0,0,0,0,0,0,1,0,0
1,0.1385,255.78,10.96127785,14.33,682,4050.0,8.508354242749032,88.5,1,0,0,0,0,0,1,0,0,0,0
1,0.1422,342.85,10.49127422,3.83,697,3570.041667,5.84354441703136,34.4,3,2,0,1,1,0,0,0,0,0,0
1,0.0988,483.16,11.08214255,6.76,757,6930.0,9.69424690639091,22.9,0,0,0,0,0,0,1,0,0,0,0
1,0.1062,468.86,10.49127422,22.43,722,2790.041667,9.296518068217235,84.5,0,0,0,1,0,0,1,0,0,0,0
1,0.1348,237.47,10.81977828,11.09,677,3090.041667,8.8427489162961,65.9,0,0,0,0,0,0,1,0,0,0,0
1,0.1348,61.07,13.142166,1.3,667,1869.0,9.230339058482873,65.0,0,0,0,0,0,1,0,0,0,0,0
1,0.1062,814.0,11.91839057,3.45,792,8250.041667,10.66578759178439,0.0,1,0,0,0,0,0,1,0,0,0,0
1,0.1311,674.9,11.40756495,11.6,707,4803.0,10.464616480811362,61.1,3,0,0,0,0,0,1,0,0,0,0
1,0.1533,87.08,10.46310334,4.22,672,1530.0,0.0,0.0,1,0,0,0,0,0,1,0,0,0,0
1,0.0788,375.37,11.69524702,19.6,747,5100.0,10.75541041537748,29.6,0,0,0,0,1,0,0,0,0,0,0
1,0.0788,312.81,11.35040654,4.48,762,3750.041667,4.465908118654584,0.2,0,0,0,0,0,0,1,0,0,0,0
1,0.1025,161.93,10.40426284,1.42,727,4470.0,5.5053315359323625,30.6,1,0,0,0,0,0,0,0,0,1,0
1,0.1311,269.96,10.59663473,17.82,702,6714.041667,9.911257289800488,59.6,1,0,0,0,0,0,1,0,0,0,0
1,0.1136,789.87,11.74403719,24.7,727,9240.041667,10.765554384199836,79.9,1,0,0,0,1,0,0,0,0,0,0
1,0.1422,126.86,9.769773286,3.36,707,1260.041667,7.381501894506707,45.9,0,0,0,0,1,0,0,0,0,0,0
1,0.1136,138.23,11.1844214,10.57,687,3365.0,8.636752426473876,30.5,0,0,0,0,0,0,0,0,1,0,0
1,0.1311,472.43,11.19821472,21.34,692,3450.041667,9.767553275295295,71.3,0,0,0,0,0,1,0,0,0,0,0
1,0.1025,60.73,10.08580911,10.81,702,3090.041667,7.199678345691172,38.2,0,0,0,0,0,0,1,0,0,0,0
1,0.1273,335.67,11.02516511,19.64,692,3030.041667,8.777555453213056,75.4,0,0,0,0,0,0,1,0,0,0,0
1,0.1533,417.94,11.51292546,20.48,667,8011.0,11.391887136593173,60.9,3,1,0,0,0,0,1,0,0,0,0
1,0.1496,866.16,11.04132055,18.5,702,2760.041667,9.719684899460376,44.6,2,0,0,0,0,0,1,0,0,0,0
1,0.0788,544.28,11.98292909,8.12,772,7710.0,8.995040974685022,8.1,1,0,0,0,1,0,0,0,0,0,0
1,0.1904,916.95,11.46163217,16.03,712,5640.041667,10.431022789865066,99.4,0,0,0,0,0,0,1,0,0,0,0
1,0.1793,865.92,11.91839057,23.44,672,3630.0,11.439989113892716,61.9,0,0,0,1,0,0,1,0,0,0,0
1,0.1136,83.93,11.09741002,18.42,682,2910.0,9.036463061964891,21.5,1,1,0,0,1,0,0,0,0,0,0
1,0.1348,169.63,11.09741002,2.71,682,4080.0,8.24380842366528,37.7,0,0,0,0,1,0,0,0,0,0,0
1,0.0788,375.37,12.20607265,3.02,767,5580.041667,10.906451270818945,25.4,2,0,0,0,1,0,0,0,0,0,0
1,0.1025,194.31,10.49127422,14.9,762,8882.041667,9.792891131194102,56.0,0,0,0,0,1,0,0,0,0,0,0
1,0.0714,74.26,11.05089001,12.19,742,3300.0,6.637258031284457,14.1,0,0,0,0,0,0,0,0,0,1,0
1,0.1422,342.85,10.71441777,4.51,692,3420.041667,9.179571838304547,66.4,0,0,0,0,0,0,0,0,0,0,1
1,0.1533,870.71,11.77528973,16.35,697,5700.041667,10.55625534894273,59.4,2,0,0,0,0,0,1,0,0,0,0
1,0.0788,469.21,11.74403719,5.94,787,5670.041667,9.643939319328119,44.7,0,0,0,0,0,0,0,0,0,1,0
1,0.1459,689.3,11.1078103,23.52,682,4380.0,9.727346854817254,68.7,1,0,0,0,0,0,1,0,0,0,0
1,0.1025,421.01,11.56171563,17.22,727,7200.041667,10.779102112590714,56.8,2,0,0,0,0,0,1,0,0,0,0
1,0.1099,196.42,10.91508846,22.49,697,3090.041667,10.207436597451782,80.7,0,0,0,0,0,0,1,0,0,0,0
1,0.1311,371.2,10.40426284,14.58,687,1980.041667,8.659386957119413,60.7,0,0,0,0,0,0,1,0,0,0,0
1,0.1114,367.4,11.91839057,7.13,722,3900.041667,9.600150240473774,43.9,0,0,0,0,0,1,0,0,0,0,0
1,0.0714,185.64,10.91474295,17.26,767,3961.0,8.992184362173012,34.4,0,0,0,0,0,1,0,0,0,0,0
1,0.1136,263.29,11.05633547,15.04,697,3690.0,9.992001966066868,56.2,3,0,0,0,0,0,1,0,0,0,0
1,0.1062,162.8,10.1266311,7.06,702,2792.041667,8.237743803890933,19.4,3,0,0,0,0,1,0,0,0,0,0
1,0.1062,227.92,11.03488966,18.29,712,3000.0,9.51576412590412,30.7,1,0,0,0,0,0,1,0,0,0,0
1,0.1273,268.53,10.46310334,5.11,717,3030.041667,8.263332667439967,38.8,0,0,0,1,1,0,0,0,0,0,0
1,0.0751,311.1,10.08580911,10.8,787,5520.0,6.498282149476434,1.7,3,0,0,0,0,0,1,0,0,0,0
1,0.1099,204.6,10.27505111,23.88,702,1920.041667,8.627660644442209,58.8,2,0,0,0,0,0,1,0,0,0,0
1,0.1348,590.28,11.26957921,3.6,742,8311.041667,5.402677381872279,44.2,5,0,0,0,0,0,0,0,1,0,0
1,0.1273,251.75,10.18111929,11.91,697,5040.041667,8.732788324973118,33.7,2,1,0,0,0,0,1,0,0,0,0
1,0.1025,485.78,11.69524702,14.2,732,13410.04167,9.901635839172654,49.0,1,0,0,0,1,0,0,0,0,0,0
1,0.1062,208.39,11.21559702,23.54,707,3840.041667,8.653994232908383,79.6,3,0,0,0,0,0,1,0,0,0,0
1,0.1385,835.55,11.3409502,21.72,712,5250.041667,10.413733008037052,74.4,0,0,0,0,0,0,1,0,0,0,0
1,0.1348,169.63,10.77895629,3.13,697,4440.0,5.293304824724492,39.6,1,0,0,1,0,0,0,0,0,1,0
1,0.1025,712.47,11.23445167,15.46,762,5580.041667,9.76117485976141,18.6,0,0,0,0,1,0,0,0,0,0,0
1,0.0774,115.51,11.03838355,22.99,742,7302.0,9.837828403729853,42.1,0,0,0,0,1,0,0,0,0,0,0
1,0.1062,488.4,10.82087768,16.18,732,3030.041667,9.422706050118514,56.2,3,0,0,0,0,0,1,0,0,0,0
1,0.1062,390.72,11.40756495,24.16,717,3840.041667,10.396719307901071,62.5,0,0,0,0,0,0,1,0,0,0,0
1,0.0988,144.95,10.35774282,20.76,722,2220.0,7.491645473605133,39.8,3,0,0,0,1,0,0,0,0,0,0
1,0.1025,323.85,10.57131693,20.86,717,4260.041667,9.194718991073225,39.1,0,0,0,0,0,0,1,0,0,0,0
1,0.0714,185.64,11.36210258,3.42,767,8970.041667,8.818926087090677,12.5,0,0,0,0,1,0,0,0,0,0,0
1,0.1459,448.05,10.858999,13.64,677,2850.041667,9.261603665913725,80.3,0,0,0,0,0,0,1,0,0,0,0
1,0.0788,109.49,9.852194258,24.32,717,11850.04167,7.765569081097317,8.8,1,0,0,0,0,0,1,0,0,0,0
1,0.1385,572.95,11.00209984,5.36,697,2099.041667,9.335297611380566,68.3,0,0,0,0,1,0,0,0,0,0,0
1,0.1348,610.64,10.93310697,21.26,697,5850.0,10.214385538037911,52.7,0,0,0,0,0,0,1,0,0,0,0
1,0.0714,30.94,10.83958091,16.99,762,5580.041667,6.6039438246004725,7.8,1,0,0,0,0,0,0,0,0,1,0
1,0.1099,392.83,11.94470788,19.25,712,7590.041667,11.874090314181814,73.8,1,0,0,0,0,0,0,0,0,0,1
1,0.0788,62.57,10.20359214,21.56,717,2220.0,9.029417836095936,42.8,1,0,0,0,1,0,0,0,0,0,0
1,0.1533,278.63,11.2515607,16.04,677,6030.041667,10.149331489371114,95.4,3,0,1,0,0,0,1,0,0,0,0
1,0.1136,65.83,11.15665044,0.34,697,2160.0,5.389071729816501,14.5,2,0,0,0,1,0,0,0,0,0,0
1,0.1348,678.49,11.51292546,20.5,702,3750.041667,10.19129461717606,62.3,2,0,0,0,0,0,1,0,0,0,0
1,0.0788,228.35,10.73639581,10.74,727,2790.041667,8.996651979432729,52.8,0,0,0,0,0,0,1,0,0,0,0
1,0.1645,300.71,10.16585182,15.83,677,1473.0,9.13852208418571,97.6,0,0,0,1,0,0,1,0,0,0,0
1,0.1062,651.2,10.27505111,12.58,762,4110.0,8.701512750872865,33.4,0,0,0,0,0,0,1,0,0,0,0
1,0.1099,818.38,11.1124479,19.9,752,4200.041667,9.035153304082828,21.7,0,0,0,0,0,0,1,0,0,0,0
1,0.1136,403.17,10.30895266,21.68,702,3420.041667,9.621124641561947,54.0,1,1,0,0,0,0,1,0,0,0,0
1,0.1533,208.97,10.34174248,11.26,667,1560.041667,8.602820277383675,70.7,0,0,0,0,0,0,1,0,0,0,0
1,0.0788,187.69,10.74720759,10.3,777,4592.041667,7.307202314764738,9.6,0,0,0,0,1,0,0,0,0,0,0
1,0.1459,460.11,10.93310697,12.19,677,3270.0,9.149634496858788,72.4,0,1,0,0,0,0,1,0,0,0,0
1,0.0751,311.1,10.71441777,1.92,792,6543.0,7.358830898342354,2.4,2,0,0,0,0,0,0,1,0,0,0
1,0.1385,682.08,10.81977828,13.15,697,3450.041667,9.015662792972645,43.3,0,0,0,0,0,0,0,0,0,1,0
1,0.1273,268.53,10.26813067,15.5,687,1980.041667,9.112837790614945,58.5,2,0,0,0,0,0,1,0,0,0,0
1,0.1062,227.92,11.35369524,17.58,707,6180.0,7.939515260662406,14.6,0,1,0,0,1,0,0,0,0,0,0
1,0.0714,92.82,10.98529272,12.85,732,3480.041667,8.074337694089515,12.7,0,0,0,0,0,0,1,0,0,0,0
1,0.1099,523.77,10.54534144,20.18,722,4830.0,9.969790141790192,33.8,1,0,0,0,0,0,1,0,0,0,0
1,0.1025,323.85,11.1124479,15.17,717,8610.041667,9.009569671513699,49.6,1,0,0,0,0,0,1,0,0,0,0
1,0.1311,330.7,10.40426284,8.25,687,6635.0,8.656259239539235,18.4,2,1,0,1,0,0,1,0,0,0,0
1,0.1385,341.04,10.7938449,16.5,702,4383.0,9.942756341456828,29.9,2,1,0,0,0,0,1,0,0,0,0
1,0.1136,658.23,11.22524339,19.65,717,7050.041667,10.840129780658181,41.8,2,1,0,0,0,1,0,0,0,0,0
1,0.1062,260.48,11.35040654,17.92,732,4560.041667,10.268998345137259,39.2,0,0,0,0,0,0,0,0,0,1,0
1,0.1136,822.78,11.40756495,11.11,732,4921.041667,8.917712757131387,33.8,3,1,0,0,0,0,1,0,0,0,0
1,0.1459,861.63,11.22524339,14.64,712,4560.041667,10.363314575330303,64.0,0,0,0,0,0,0,1,0,0,0,0
1,0.1062,97.68,10.18490001,10.6,717,3840.041667,8.875566691990551,68.8,0,0,0,0,0,0,0,1,0,0,0
1,0.1062,452.58,11.24373798,15.41,717,3030.041667,9.82660650820017,55.8,0,0,0,0,0,0,1,0,0,0,0
1,0.0714,247.52,11.51092346,10.16,772,4380.0,9.978502256341574,26.2,1,0,0,0,0,0,1,0,0,0,0
1,0.0751,186.66,10.71441777,6.64,742,2250.0,8.699514748210191,19.5,1,0,0,0,0,0,1,0,0,0,0
1,0.0988,322.11,11.34398597,1.73,752,3767.041667,7.784889295655098,22.0,4,0,0,0,1,0,0,0,0,0,0
1,0.1348,271.4,11.31447453,13.07,687,4230.041667,10.259061891030827,94.5,0,0,0,1,0,1,0,0,0,0,0
1,0.0988,644.21,11.31447453,8.25,792,8506.0,9.731274729890462,15.8,1,0,0,0,0,0,0,0,1,0,0
1,0.1273,335.67,10.46310334,8.71,702,4530.041667,8.84043543926657,29.3,0,0,0,0,0,0,1,0,0,0,0
1,0.1136,493.67,11.93314361,9.0,742,4080.0,8.979668554241181,85.4,1,0,0,0,0,1,0,0,0,0,0
1,0.0788,406.65,11.81303006,14.09,752,10050.04167,10.246545200515675,43.2,1,0,0,0,0,1,0,0,0,0,0
1,0.1273,839.16,11.42954386,15.47,722,5708.041667,10.054146428821241,70.7,0,0,0,0,0,0,1,0,0,0,0
1,0.1136,771.77,12.01974307,17.76,727,8130.0,11.193050724696247,50.8,1,0,0,0,0,1,0,0,0,0,0
1,0.1136,230.38,10.93310697,8.61,697,2136.0,9.142382678792956,43.9,2,0,0,0,1,0,0,0,0,0,0
1,0.1422,411.41,11.00209984,16.06,687,1350.041667,9.651751606857816,75.1,0,0,0,0,1,0,0,0,0,0,0
1,0.1136,658.23,11.00209984,15.28,717,2640.0,9.463508636396089,61.7,2,0,0,0,0,0,1,0,0,0,0
1,0.1025,485.78,11.1844214,23.85,737,3810.041667,10.232863239537037,49.4,0,0,0,0,0,1,0,0,0,0,0
1,0.0788,281.53,10.77895629,10.22,737,4200.041667,9.197761589769323,54.9,1,0,0,0,0,0,1,0,0,0,0
1,0.0788,250.25,10.59663473,24.33,747,2701.041667,7.889459149404524,14.1,2,0,0,0,0,0,1,0,0,0,0
1,0.1385,682.08,11.53272809,23.45,712,7921.041667,10.535902292967453,93.9,1,0,0,0,0,0,1,0,0,0,0
1,0.1099,197.23,10.54534144,9.0,742,1620.041667,4.0943445622221,1.5,3,0,0,0,0,0,1,0,0,0,0
1,0.1273,402.8,10.82697234,18.35,697,3960.0,9.393245092030718,46.4,0,1,0,0,0,0,1,0,0,0,0
1,0.0788,312.81,10.42228135,21.23,747,4735.0,9.183688340978756,16.7,2,0,0,0,0,0,0,0,1,0,0
1,0.1311,539.92,11.04771035,20.96,707,4620.041667,9.70063670448968,70.1,0,0,0,0,0,0,1,0,0,0,0
1,0.1025,323.85,10.42228135,11.04,737,2610.0,7.168579897264035,49.9,2,0,0,0,0,0,0,1,0,0,0
1,0.1099,163.68,10.65225864,9.53,737,2430.041667,8.066207568006265,42.5,1,0,0,0,0,0,1,0,0,0,0
1,0.0988,547.58,11.15625052,16.82,747,6780.041667,9.872461173931006,19.8,0,0,0,0,0,0,1,0,0,0,0
1,0.1422,548.55,11.69524702,12.41,707,4440.0,10.407711432667556,97.4,2,0,0,1,1,0,0,0,0,0,0
1,0.1385,300.12,10.49127422,12.77,687,3570.041667,9.41954725755152,92.7,1,0,0,0,0,1,0,0,0,0,0
1,0.1273,805.59,11.36789969,15.27,722,5340.041667,9.120306249272202,62.2,0,0,0,0,0,0,1,0,0,0,0
1,0.0988,322.11,10.07005864,19.61,737,2970.0,9.445649620189263,66.2,1,0,0,0,0,1,0,0,0,0,0
1,0.1025,310.9,10.71441777,14.88,717,4470.0,8.983314293397749,57.7,1,0,0,0,0,0,1,0,0,0,0
1,0.1422,377.13,11.00209984,18.6,682,4470.0,9.719264188452577,94.5,0,0,0,0,0,0,1,0,0,0,0
1,0.1385,596.82,11.22524339,22.18,697,3210.041667,10.559400046485848,88.0,3,0,0,1,0,0,0,0,0,0,1
1,0.1496,173.24,11.28978191,13.24,687,2970.0,9.339261152043022,87.2,0,0,0,0,0,0,1,0,0,0,0
1,0.1273,839.16,11.70354582,21.63,712,5580.041667,9.53488460916053,64.9,2,0,0,0,0,0,1,0,0,0,0
1,0.0788,469.21,11.33857208,3.41,807,7410.041667,10.492634403077314,61.1,1,0,0,0,1,0,0,0,0,0,0
1,0.1025,323.85,11.36789969,12.12,712,3540.041667,9.245224773829685,32.0,0,0,0,0,0,0,1,0,0,0,0
1,0.1025,97.16,10.23995979,23.61,702,2280.0,7.75190533307861,9.0,2,0,0,0,0,1,0,0,0,0,0
1,0.1099,180.05,11.00209984,17.42,697,5700.041667,6.584791392385716,16.4,0,3,0,0,1,0,0,0,0,0,0
1,0.0751,357.76,11.08214255,9.82,787,5558.0,7.573017256052546,13.6,3,0,0,0,0,0,1,0,0,0,0
1,0.1348,393.52,11.01862914,10.9,682,4560.041667,8.22040309993373,26.5,1,0,0,0,0,1,0,0,0,0,0
1,0.1385,327.4,11.40756495,4.95,677,4290.041667,9.725197856855544,70.0,1,0,0,0,0,0,1,0,0,0,0
1,0.1025,323.85,11.08214255,9.3,742,1547.0,8.173011311724972,12.8,1,0,0,0,1,0,0,0,0,0,0
1,0.0751,298.65,10.96819829,9.89,777,5250.041667,8.186742787113518,13.2,1,0,0,0,1,0,0,0,0,0,0
1,0.1136,144.81,11.08214255,18.22,687,2301.0,9.607706101827697,50.8,2,0,0,0,0,0,1,0,0,0,0
1,0.1099,392.83,11.40756495,13.43,707,5610.041667,10.03688143570666,58.7,1,0,0,0,1,0,0,0,0,0,0
1,0.1311,134.98,9.903487553,20.88,677,3090.041667,9.150484204822817,38.1,0,1,0,1,0,0,1,0,0,0,0
1,0.157,350.11,11.19684392,3.29,662,6960.0,8.371704884667631,86.4,0,0,4,0,0,0,0,0,0,1,0
1,0.0788,218.97,10.83958091,10.68,727,4260.041667,6.881411303642535,14.1,0,0,1,0,1,0,0,0,0,0,0
1,0.157,875.27,11.79244935,14.21,692,3330.0,10.137096153698101,73.7,0,0,0,0,0,0,1,0,0,0,0
1,0.1099,327.36,10.89673933,24.67,707,4770.0,9.567175303116281,17.9,1,0,0,0,0,1,0,0,0,0,0
1,0.0751,342.21,10.58405595,8.87,757,4290.041667,9.319912008405474,45.0,0,0,0,0,0,1,0,0,0,0,0
1,0.1273,201.4,10.6454249,19.63,677,6390.041667,8.514790306799927,56.0,1,0,0,0,0,0,1,0,0,0,0
1,0.0788,469.21,11.91839057,4.05,772,4710.0,9.013595294516504,15.1,0,0,0,0,0,0,0,0,1,0,0
1,0.1459,413.58,10.87804719,16.53,687,1201.041667,9.117676687112763,54.6,0,0,0,0,0,0,1,0,0,0,0
1,0.1099,785.65,11.42954386,15.69,742,4845.0,9.551515816867964,38.9,1,0,0,0,0,0,0,0,0,1,0
1,0.0788,31.29,11.1844214,17.15,717,3690.0,10.067857268271947,66.6,1,0,0,0,1,0,0,0,0,0,0
1,0.0788,375.37,10.59663473,14.79,762,2611.0,7.213768308118642,7.1,0,0,0,0,0,0,0,1,0,0,0
1,0.1385,518.38,11.73606902,0.0,692,2250.0,0.0,0.0,0,0,0,1,0,0,0,0,0,1,0
1,0.1385,54.57,11.03488966,20.15,682,2580.0,9.969790141790192,95.4,0,0,0,0,1,0,0,0,0,0,0
1,0.1136,822.78,11.73606902,12.74,732,6690.041667,10.185315020186113,65.8,0,0,0,0,0,0,1,0,0,0,0
1,0.0714,77.35,11.14186178,0.2,762,7260.0,7.675081857716334,23.2,0,0,0,0,0,0,1,0,0,0,0
1,0.1062,814.0,11.26446411,12.32,757,6450.041667,10.102912017229745,44.7,0,0,0,0,0,1,0,0,0,0,0
1,0.1533,452.77,10.95080655,22.76,677,7005.0,10.112491610696615,90.0,2,0,0,0,0,0,1,0,0,0,0
1,0.1385,682.08,12.10625231,9.18,692,5886.0,9.470471375340674,74.5,2,0,0,0,0,0,1,0,0,0,0
1,0.1025,485.78,10.51867319,3.66,742,2730.041667,8.163086375583216,21.1,2,0,0,0,1,0,0,0,0,0,0
1,0.0788,218.97,10.91508846,21.84,722,5520.0,10.056337386630338,67.6,2,0,0,0,0,0,0,0,0,1,0
1,0.1099,491.03,12.27839331,0.41,752,4600.041667,7.857093864902493,15.9,0,0,0,0,0,0,0,0,1,0,0
1,0.1136,41.97,10.71441777,18.83,692,5190.0,9.20653313363323,85.9,1,0,0,0,0,1,0,0,0,0,0
1,0.1099,621.97,10.81977828,24.53,727,2430.041667,9.921916688004496,65.4,0,0,0,0,0,1,0,0,0,0,0
1,0.1533,522.43,11.35040654,22.63,682,3660.0,9.960859832393998,96.7,2,0,0,1,1,0,0,0,0,0,0
1,0.0751,130.66,10.59663473,15.57,742,2340.041667,7.496652438168283,62.1,2,0,0,0,0,0,0,0,0,1,0
1,0.1496,242.53,10.04324949,17.06,672,1422.0,9.180705566846491,46.2,3,0,0,0,0,0,1,0,0,0,0
1,0.1273,402.8,11.40756495,22.75,697,5010.041667,10.660383880259971,45.9,3,0,0,0,0,0,1,0,0,0,0
1,0.0714,111.39,10.83958091,22.38,747,10350.04167,10.119002076685847,62.5,3,0,0,0,1,0,0,0,0,0,0
1,0.1025,323.85,10.18111929,15.45,722,2610.0,7.795646536334594,81.0,3,0,0,0,1,0,0,0,0,0,0
1,0.1025,129.54,11.19134184,22.23,712,4830.0,10.413853070469662,44.6,0,0,0,0,0,0,0,0,1,0,0
1,0.1099,549.95,10.45791849,20.13,722,2220.0,9.295416544331301,57.3,0,0,0,0,0,0,1,0,0,0,0
1,0.1311,438.69,11.06663836,18.68,707,1800.0,9.63971730013066,49.9,3,0,0,0,0,0,1,0,0,0,0
1,0.1136,65.83,10.95080655,15.26,687,4740.0,10.046245003891086,84.8,1,0,0,0,0,0,1,0,0,0,0
1,0.1099,180.05,10.79712359,19.79,697,3060.041667,8.70549681988774,23.9,0,0,0,0,0,0,1,0,0,0,0
1,0.1311,506.18,11.3736634,11.24,692,7800.041667,9.761635928295886,38.2,1,0,0,0,0,0,1,0,0,0,0
1,0.1273,268.53,12.94800999,2.01,702,3660.0,9.266058860732526,56.2,1,0,0,0,0,0,1,0,0,0,0
1,0.1099,327.36,11.15625052,6.69,712,6030.041667,9.435881047890113,67.7,0,0,0,0,0,0,1,0,0,0,0
1,0.209,771.28,11.14186178,24.52,662,3660.0,9.71063069382679,99.9,1,1,0,1,0,0,1,0,0,0,0
1,0.1062,260.48,10.96876709,7.42,762,2280.0,6.878326468291325,5.9,1,0,0,0,0,0,0,0,0,1,0
1,0.1136,789.87,11.50287513,19.79,732,4650.041667,9.973946016184689,52.0,0,0,0,0,0,0,1,0,0,0,0
1,0.1422,685.69,12.28303369,12.04,692,6180.0,10.656459034741738,63.1,0,0,0,0,0,0,1,0,0,0,0
1,0.1459,327.42,9.994241916,11.41,692,5239.041667,4.976733742420574,28.8,1,0,0,0,0,0,0,0,0,1,0
1,0.1422,368.56,10.1266311,11.38,677,1470.0,8.940498217652733,50.9,0,0,0,0,0,0,0,0,0,1,0
1,0.0714,111.39,11.03488966,16.51,732,4290.041667,10.027782671807735,65.3,1,0,0,0,0,0,0,0,0,1,0
1,0.0988,128.85,9.472704636,17.54,732,2010.041667,8.487558386286548,68.4,3,0,0,0,0,0,0,0,0,1,0
1,0.1607,879.85,11.77528973,19.62,697,8910.041667,11.021346758566695,91.3,0,0,0,0,0,1,0,0,0,0,0
1,0.1496,346.47,10.62132735,16.42,687,6701.041667,9.716675930469309,15.3,0,1,0,0,0,0,1,0,0,0,0
1,0.1348,720.89,10.70211124,17.68,702,4860.041667,9.87740021777281,46.5,0,0,0,0,0,0,1,0,0,0,0
1,0.1025,485.78,11.59910316,15.34,747,4110.0,9.278559610953327,24.6,2,0,0,0,0,0,1,0,0,0,0
1,0.0788,168.92,10.89673933,21.27,727,5160.0,9.89565697342094,59.9,0,0,0,0,0,0,1,0,0,0,0
1,0.1099,491.03,10.54534144,11.24,717,3870.041667,9.30782999325344,68.9,2,0,0,0,0,0,1,0,0,0,0
1,0.1385,306.94,10.66895539,24.0,697,2340.041667,9.123801610558944,90.8,1,0,0,0,0,0,1,0,0,0,0
1,0.1311,404.94,10.46310334,13.71,692,5910.0,9.093469420244768,54.6,2,0,0,0,1,0,0,0,0,0,0
1,0.157,112.04,10.77895629,6.25,682,1246.041667,7.456454555176209,41.2,0,1,0,0,0,0,0,1,0,0,0
1,0.0788,156.41,11.46163217,10.77,732,5880.0,9.301094735244646,29.0,0,0,0,0,1,0,0,0,0,0,0
1,0.1496,519.7,11.47210347,12.85,677,6513.041667,9.904886573449835,44.4,1,1,0,0,0,0,1,0,0,0,0
1,0.1311,67.49,10.1266311,6.19,717,4140.041667,0.0,0.0,0,0,0,0,1,0,0,0,0,0,0
1,0.1348,203.55,10.49127422,14.77,682,2280.0,7.887208585813932,30.6,1,0,0,0,0,0,1,0,0,0,0
1,0.1136,184.31,10.71441777,20.11,712,2340.041667,9.612466578818832,87.9,0,0,0,0,0,1,0,0,0,0,0
1,0.1607,563.11,11.09741002,22.98,697,4620.041667,10.469653271335284,95.3,0,0,0,0,0,0,1,0,0,0,0
1,0.1533,278.63,10.49127422,8.47,662,2389.041667,8.633908991112198,65.3,2,0,0,0,1,0,0,0,0,0,0
1,0.1719,142.99,10.52406404,9.35,667,4680.041667,8.433594167539924,57.5,0,0,0,1,0,0,0,0,1,0,0
1,0.1099,392.83,11.2708539,14.14,732,3198.041667,0.0,0.0,1,0,0,0,0,1,0,0,0,0,0
1,0.1496,242.53,10.5865844,9.18,682,2520.0,0.0,0.0,1,1,0,0,0,0,0,0,0,1,0
1,0.0751,93.33,10.08580911,5.55,727,2040.041667,8.365672383774996,20.4,0,0,0,1,1,0,0,0,0,0,0
1,0.1099,327.36,11.15625052,17.04,707,2280.0,7.8551570058813445,25.3,2,0,0,0,0,0,0,0,1,0,0
1,0.157,849.02,11.54248427,16.9,687,7620.0,11.105272966266629,91.1,0,0,0,0,0,1,0,0,0,0,0
1,0.1025,38.87,11.23681617,13.36,702,4835.0,8.716371865276615,68.6,1,0,0,0,0,0,1,0,0,0,0
1,0.1273,268.53,10.13459927,15.43,687,2928.0,7.215239978730097,52.3,0,0,0,0,0,0,1,0,0,0,0
1,0.1533,870.71,11.1844214,18.05,702,9540.0,10.49124643927466,87.4,0,0,0,1,0,0,0,0,0,0,1
1,0.1496,346.47,10.46310334,18.65,677,3870.041667,10.029282848580436,76.9,1,0,0,0,0,0,1,0,0,0,0
1,0.1348,33.93,11.38509209,10.34,677,3810.041667,10.323381397296414,93.6,1,0,0,0,0,0,0,0,0,1,0
1,0.1533,844.59,11.49272276,19.0,687,5340.041667,9.561490079872078,55.9,2,1,0,0,0,0,1,0,0,0,0
1,0.157,350.11,10.32219789,21.0,672,1740.041667,8.818926087090677,85.6,0,0,0,0,0,0,1,0,0,0,0
1,0.0788,281.53,12.20607265,4.18,737,6360.041667,8.641885635373555,13.2,2,1,0,1,0,0,0,1,0,0,0
1,0.0751,217.77,9.655026193,11.38,732,9840.0,8.573951525234847,67.0,0,0,0,0,0,0,0,1,0,0,0
1,0.1025,97.16,10.6454249,0.44,712,4080.0,8.23031079913502,42.2,0,0,0,0,0,0,0,0,0,1,0
1,0.1459,861.63,10.77895629,3.95,717,2430.041667,0.0,0.0,2,0,0,1,0,0,0,0,0,1,0
1,0.157,350.11,10.57928509,21.73,662,2550.0,9.427224373119248,77.1,0,0,0,0,0,0,1,0,0,0,0
1,0.1136,658.23,11.88448902,11.27,722,3570.041667,10.48329804775707,60.8,1,0,0,0,0,1,0,0,0,0,0
1,0.1311,404.94,11.00209984,8.88,687,5970.041667,9.048174321385792,57.4,0,0,1,0,0,0,1,0,0,0,0
1,0.1311,371.2,11.27720313,4.5,692,3271.0,7.099201743553092,24.2,0,0,0,0,1,0,0,0,0,0,0
1,0.1136,279.75,11.22524339,4.46,697,3330.0,7.578145472419466,26.9,0,1,0,0,0,0,1,0,0,0,0
1,0.1099,720.18,12.02574909,7.26,757,5220.041667,10.300281844196661,57.2,0,0,0,0,0,1,0,0,0,0,0
1,0.1273,503.5,10.08580911,10.9,722,1590.041667,9.122273893107732,34.3,1,0,0,1,1,0,0,0,0,0,0
1,0.2016,893.85,11.69524702,2.35,667,6810.041667,5.905361848054571,4.3,0,2,0,0,0,0,0,0,1,0,0
1,0.1136,822.78,11.81303006,20.51,727,7596.041667,10.68207821491354,76.8,0,0,0,0,0,0,1,0,0,0,0
1,0.1496,242.53,10.50278658,9.65,662,3540.041667,9.424887076064874,73.8,1,0,0,1,1,0,0,0,0,0,0
1,0.1025,770.76,11.60823564,5.41,772,5460.0,8.450839690866216,11.0,2,0,0,0,0,0,1,0,0,0,0
1,0.1719,214.48,10.83958091,4.8,667,2700.041667,8.772145439245099,97.7,0,0,0,0,0,0,1,0,0,0,0
1,0.157,875.27,11.50791292,9.68,717,5220.041667,9.876476003289278,99.3,0,0,0,0,0,0,1,0,0,0,0
1,0.0676,147.7,11.48246626,13.4,787,5490.0,11.298791207813606,27.1,0,0,0,0,1,0,0,0,0,0,0
1,0.1062,545.38,11.47833402,10.2,727,4890.041667,10.026943356463047,47.7,2,0,0,0,0,0,0,0,1,0,0
1,0.1099,589.24,11.314133,22.82,717,3750.041667,9.849084163656741,72.2,0,1,0,0,1,0,0,0,0,0,0
1,0.1459,34.47,10.34817337,6.15,682,1200.041667,6.525029657843462,52.4,0,0,0,0,1,0,0,0,0,0,0
1,0.1533,870.71,11.27720313,13.96,697,9721.041667,10.166582319352566,43.9,0,1,0,0,0,0,1,0,0,0,0
1,0.1496,259.85,11.40756495,17.6,667,6990.0,9.712205974370661,31.2,0,0,0,0,1,0,0,0,0,0,0
1,0.1645,176.89,9.680344001,1.88,677,1140.0,6.889591308354466,65.4,0,0,0,0,0,0,1,0,0,0,0
1,0.1385,272.84,10.6454249,10.83,677,4740.0,8.60995467149755,76.2,1,0,0,1,0,0,0,0,0,0,1
1,0.1136,131.65,10.91871823,16.13,687,6870.041667,8.835646922534773,48.1,0,1,0,0,1,0,0,0,0,0,0
1,0.1099,327.36,10.08580911,16.15,712,2520.0,8.845201135339584,49.7,2,0,0,0,0,1,0,0,0,0,0
1,0.1273,134.27,10.77895629,11.68,722,4596.041667,5.717027701406222,43.3,0,1,0,1,0,0,0,0,0,0,1
1,0.1496,415.76,10.4341158,9.78,687,4710.0,9.133675287040697,95.5,0,0,0,0,0,1,0,0,0,0,0
1,0.1682,53.35,10.30895266,3.16,662,1440.0,7.923710333969238,83.7,0,0,0,0,1,0,0,0,0,0,0
1,0.1348,542.79,10.81977828,21.07,697,2130.041667,9.34975442775886,76.1,1,0,1,1,0,0,1,0,0,0,0
1,0.0788,344.09,10.97799019,10.14,742,3375.0,9.722445177240553,72.6,0,0,0,0,0,1,0,0,0,0,0
1,0.1422,102.86,11.77528973,0.6,667,5940.0,8.03947991910045,73.8,0,0,0,0,0,0,1,0,0,0,0
1,0.1496,779.55,10.86856845,9.62,722,6210.0,9.453286550586572,95.9,0,0,0,0,0,1,0,0,0,0,0
1,0.1025,161.93,11.03488966,8.65,717,3630.0,7.055312843339752,10.5,2,0,0,0,0,0,1,0,0,0,0
1,0.1025,259.08,10.59663473,20.04,717,4872.041667,9.440419814291506,80.7,0,0,0,0,0,0,1,0,0,0,0
1,0.0988,322.11,11.50069093,14.32,722,7425.041667,10.368635662805467,61.2,1,0,0,0,1,0,0,0,0,0,0
1,0.0714,247.52,11.08214255,16.82,777,3750.0,9.126088819528592,19.0,0,0,0,0,0,0,1,0,0,0,0
1,0.1136,164.56,10.96819829,23.96,687,4020.0,9.44137272471063,75.0,1,0,0,1,1,0,0,0,0,0,0
1,0.1459,172.33,10.59663473,22.86,692,5194.0,7.743269700829004,92.2,1,0,1,0,0,0,1,0,0,0,0
1,0.157,112.04,10.76880073,2.32,672,1444.0,7.75833346749091,38.4,0,0,0,0,1,0,0,0,0,0,0
1,0.1348,169.63,10.49127422,11.9,707,11280.0,9.432523462195268,81.1,0,0,1,0,0,0,1,0,0,0,0
1,0.1136,164.56,10.71441777,6.51,687,4620.041667,8.69483715865908,67.9,1,0,1,0,0,0,1,0,0,0,0
1,0.157,343.11,11.40756495,4.93,667,1740.041667,8.07775756373692,27.3,1,0,0,0,0,0,0,0,1,0,0
1,0.1062,358.16,10.94552949,10.48,782,5400.041667,0.0,0.0,0,0,0,0,0,0,0,0,0,1,0
1,0.1025,161.93,11.66134547,18.61,707,6510.041667,10.697158570862372,75.7,0,0,0,0,0,0,1,0,0,0,0
1,0.1136,394.94,10.30895266,17.0,707,2340.041667,9.317848579691468,28.9,3,0,0,1,0,0,1,0,0,0,0
1,0.1136,32.92,9.764225485,0.0,717,7170.041667,0.0,0.0,1,0,1,0,1,0,0,0,0,0,0
1,0.0788,156.41,10.62132735,14.84,722,3390.041667,7.280697195384741,31.5,0,0,0,1,0,0,1,0,0,0,0
1,0.0788,312.81,10.81977828,3.46,757,5160.0,8.470520783217808,26.8,1,0,0,0,0,0,0,0,0,0,1
1,0.1607,879.85,12.28303369,14.23,747,9150.0,10.990516344127489,32.9,2,0,0,0,0,1,0,0,0,0,0
1,0.0988,386.53,11.47210347,9.26,732,7290.0,9.290721483922995,63.0,1,0,0,0,0,0,1,0,0,0,0
1,0.1793,238.38,11.77528973,2.34,662,5880.0,8.89041055197428,84.4,3,0,0,0,0,0,1,0,0,0,0
1,0.0714,154.7,11.51292546,3.14,767,4205.041667,8.07246736935477,7.6,0,0,0,0,0,0,0,0,0,1,0
1,0.1062,156.29,9.574983486,3.33,742,2520.0,7.589841512182657,23.8,1,0,0,0,0,0,1,0,0,0,0
1,0.1311,674.9,10.96819829,8.3,717,2730.041667,9.816839745810455,84.2,0,0,0,0,0,0,1,0,0,0,0
1,0.0751,186.66,11.22765382,18.31,742,5911.0,10.183540597823418,37.6,0,0,0,0,1,0,0,0,0,0,0
1,0.0676,103.08,10.87804719,23.55,757,6330.041667,9.817439347910675,29.9,0,0,0,0,1,0,0,0,0,0,0
1,0.1062,651.2,11.46163217,1.53,732,5040.041667,8.247743887225516,15.6,0,0,0,0,0,0,0,0,1,0,0
1,0.1348,407.09,10.83170686,15.68,697,1590.041667,8.2409125416889,55.8,1,0,0,0,0,0,1,0,0,0,0
1,0.1099,621.97,11.1844214,11.68,732,2760.041667,9.41613428495528,20.8,1,0,0,0,0,0,0,0,0,1,0
1,0.0788,112.61,10.71205943,11.79,717,2820.041667,7.480992162869525,20.9,3,1,0,0,0,0,0,0,0,0,1
1,0.1682,248.94,9.862665558,12.63,667,1560.0,8.529911963824013,55.0,0,0,0,0,0,0,1,0,0,0,0
1,0.1099,65.48,11.04132055,23.42,692,6030.041667,10.92970834378248,89.3,1,0,0,0,0,0,0,0,0,0,1
1,0.0751,93.33,11.15625052,11.49,747,3240.0,9.166910814048848,36.0,4,0,0,0,1,0,0,0,0,0,0
1,0.1311,202.47,11.00209984,2.82,687,3392.041667,8.380685946761574,58.9,2,2,0,0,0,0,0,0,0,1,0
1,0.1025,485.78,11.73606902,14.96,737,8490.0,9.041211408968211,43.7,0,0,0,1,0,0,1,0,0,0,0
1,0.1273,201.4,10.95080655,7.73,687,4680.041667,0.0,0.0,0,1,2,0,1,0,0,0,0,0,0
1,0.1607,879.85,11.81303006,20.88,682,10620.0,9.474165107897397,68.4,0,0,1,0,1,0,0,0,0,0,0
1,0.1459,121.49,10.49127422,18.9,662,8370.0,8.84922702143852,60.1,0,0,1,0,1,0,0,0,0,0,0
1,0.1099,114.58,10.98529272,0.63,697,4890.041667,9.33078652505205,19.5,1,1,0,0,0,0,1,0,0,0,0
1,0.1311,168.73,10.26813067,20.04,702,2070.041667,6.0844994130751715,17.5,0,0,0,0,1,0,0,0,0,0,0
1,0.1645,884.44,12.10071213,13.96,687,9600.041667,9.738671869871839,90.7,1,0,1,1,0,0,1,0,0,0,0
1,0.1136,52.66,10.1266311,0.96,702,3210.041667,4.204692619390966,0.5,2,0,1,0,0,0,0,1,0,0,0
1,0.183,907.6,12.36734079,7.28,672,6570.0,10.271527667553556,46.9,1,1,0,1,0,0,1,0,0,0,0
1,0.1273,134.27,10.59663473,9.36,697,4921.041667,8.411610428841172,73.7,3,0,0,0,0,0,1,0,0,0,0
1,0.1422,428.56,10.46310334,12.75,712,3450.041667,1.9459101490553132,1.5,0,0,0,0,1,0,0,0,0,0,0
1,0.0751,155.55,10.35469055,11.58,737,2071.041667,7.821643126239982,9.9,2,0,0,0,0,0,1,0,0,0,0
1,0.0788,375.37,10.71441777,7.92,757,8640.041667,9.065083359319043,26.2,1,0,0,0,0,0,1,0,0,0,0
1,0.1099,818.38,11.3736634,22.83,737,7350.0,10.663194647341323,39.2,3,0,0,0,0,1,0,0,0,0,0
1,0.0788,65.69,9.952277717,21.52,752,1688.041667,6.336825731146441,7.6,0,0,0,0,1,0,0,0,0,0,0
1,0.0751,264.43,11.08214255,20.05,757,2910.0,8.385944904806284,19.2,3,0,0,0,0,1,0,0,0,0,0
1,0.1422,411.41,11.22524339,17.56,682,5581.0,9.754639455799712,91.2,0,0,0,0,0,0,0,1,0,0,0
1,0.1062,488.4,11.3736634,14.95,732,5430.0,10.41643093227312,40.4,2,0,0,0,0,1,0,0,0,0,0
1,0.1311,242.97,10.2791805,9.68,697,4290.041667,8.803874763534434,80.2,0,0,1,0,0,0,1,0,0,0,0
1,0.1459,449.77,11.8493977,11.07,677,5700.041667,8.508152446764088,82.2,1,0,1,0,0,0,1,0,0,0,0
1,0.1496,103.94,10.50506754,23.84,677,1410.0,7.699842407396986,45.0,1,0,0,0,0,0,1,0,0,0,0
1,0.1533,626.91,11.17043516,15.75,692,4080.0,10.099177683735626,95.0,1,0,0,1,0,0,1,0,0,0,0
1,0.1025,323.85,11.15625052,9.09,747,4170.041667,7.698936199813447,24.5,3,0,0,1,1,0,0,0,0,0,0
1,0.157,280.09,10.87426647,7.36,662,4770.0,9.30328411761892,87.8,0,1,0,1,0,0,0,0,1,0,0
1,0.1136,493.67,10.79548559,17.61,712,3330.0,10.249273425142691,70.0,3,0,0,0,0,0,1,0,0,0,0
1,0.1385,511.56,11.81303006,19.29,687,14671.0,10.099958532434503,87.2,1,0,1,0,0,0,1,0,0,0,0
1,0.1062,789.58,11.63691144,0.28,797,7020.0,6.452048954437226,1.1,0,0,0,0,1,0,0,0,0,0,0
1,0.0788,156.41,10.80559822,16.89,727,5910.0,9.364433907313582,51.6,0,0,0,0,1,0,0,0,0,0,0
1,0.0751,62.22,10.51053203,21.02,732,8643.041667,9.125326997649227,21.2,0,0,0,0,0,1,0,0,0,0,0
1,0.1273,184.62,10.60757467,22.91,687,2642.0,9.530900972993903,72.1,0,0,0,0,0,0,1,0,0,0,0
1,0.0751,311.1,10.95080655,8.97,757,3780.041667,9.484253080341965,50.0,1,0,0,0,0,0,1,0,0,0,0
1,0.0788,375.37,10.37349118,11.93,767,3600.0,9.503457646917903,27.0,0,0,0,0,0,1,0,0,0,0,0
1,0.1062,105.82,10.71441777,17.23,707,4290.041667,9.27771860730613,24.5,3,0,0,0,0,1,0,0,0,0,0
1,0.1099,245.52,10.79259207,6.83,722,5253.041667,9.551018039079908,73.6,1,0,0,0,1,0,0,0,0,0,0
1,0.0676,193.85,11.65268741,6.25,777,5160.0,9.421087402953841,17.4,1,0,0,0,0,1,0,0,0,0,0
1,0.1136,526.58,10.71441777,8.83,727,3457.041667,9.404508151053818,62.3,0,0,0,1,0,1,0,0,0,0,0
1,0.1025,582.93,11.03488966,6.85,757,3842.041667,9.081824949740755,24.1,4,0,0,1,0,1,0,0,0,0,0
1,0.1025,466.35,11.22524339,5.54,722,4472.0,9.248406572782638,59.7,0,0,0,0,0,0,1,0,0,0,0
1,0.1311,269.96,10.91508846,6.37,687,3270.0,9.214332393245721,69.2,0,0,0,0,0,0,1,0,0,0,0
1,0.1062,130.24,10.80992995,11.96,752,5856.0,0.0,0.0,0,0,0,0,1,0,0,0,0,0,0
1,0.1311,269.96,10.77895629,8.4,682,3750.0,9.1235835080499,77.7,1,0,0,0,0,1,0,0,0,0,0
1,0.1025,518.16,13.30468493,4.61,732,7440.041667,9.472550778454295,65.7,0,0,0,0,0,0,0,0,0,0,1
1,0.1273,167.84,10.91508846,7.77,687,4230.041667,9.24725072599628,83.7,0,0,0,0,0,0,0,0,0,1,0
1,0.0788,375.37,10.55330961,15.29,747,3780.041667,9.657075374282565,24.6,0,0,0,0,0,0,1,0,0,0,0
1,0.0714,145.42,11.69524702,14.78,767,8580.041667,11.207880187411073,25.5,0,0,0,0,1,0,0,0,0,0,0
1,0.1136,394.94,10.42228135,16.82,712,1770.041667,9.008224187854049,64.8,0,0,0,0,0,0,1,0,0,0,0
1,0.0714,100.56,10.57131693,22.65,742,2730.041667,10.104630863570671,52.9,2,0,0,1,0,0,1,0,0,0,0
1,0.1422,617.12,11.14186178,17.57,682,3121.041667,10.17979265196457,57.8,0,0,0,0,0,0,1,0,0,0,0
1,0.1311,160.29,11.35040654,18.49,682,9300.041667,9.30383071506352,86.4,3,0,0,1,0,0,1,0,0,0,0
1,0.1496,346.47,11.08214255,20.77,667,4020.0,9.181014542594355,58.1,2,0,0,0,0,0,0,0,0,0,1
1,0.1136,822.78,11.41861479,22.59,727,4650.041667,10.710164291083952,65.8,0,0,0,0,0,1,0,0,0,0,0
1,0.1025,453.39,11.04292184,15.27,722,4500.041667,8.777401286867264,37.5,2,0,0,0,0,0,1,0,0,0,0
1,0.0751,202.22,10.62132735,16.8,747,6750.041667,8.738575192110787,14.9,1,0,0,0,0,0,0,0,0,1,0
1,0.0714,241.33,10.49127422,15.27,792,7650.0,8.354674261918463,21.4,0,0,0,0,0,0,0,1,0,0,0
1,0.1533,870.71,12.61153775,16.16,692,8220.041667,11.403344946501493,76.6,0,0,0,0,0,0,1,0,0,0,0
1,0.0988,483.16,11.51292546,4.12,757,6750.041667,9.03145291191651,12.1,0,0,0,0,0,0,1,0,0,0,0
1,0.1025,226.7,10.73639668,23.77,717,5309.041667,9.594649938011555,89.8,0,0,0,0,0,0,1,0,0,0,0
1,0.0714,185.64,11.010316,13.43,762,3690.0,8.92771217382708,23.1,0,0,0,0,1,0,0,0,0,0,0
1,0.0751,410.65,10.85321306,17.8,772,8340.041667,8.747510946478448,33.5,0,0,0,0,0,0,1,0,0,0,0
1,0.1099,261.89,10.53049493,14.36,702,3540.041667,8.484049972822984,62.8,0,0,0,0,0,0,0,0,0,0,1
1,0.1025,129.54,10.16585182,1.85,757,4620.041667,7.310550158534422,49.8,0,0,0,0,1,0,0,0,0,0,0
1,0.0988,249.64,10.62132735,24.64,722,5940.0,9.290721483922995,63.0,3,0,0,0,0,1,0,0,0,0,0
1,0.1136,822.78,12.1281111,11.07,727,4446.0,8.624791202014256,20.9,0,0,0,0,0,0,0,0,0,0,1
1,0.1025,97.16,10.75790288,20.5,702,5130.0,8.990690709916228,62.7,0,0,0,0,0,0,0,0,0,1,0
1,0.1459,193.01,9.574983486,6.33,687,1530.0,7.364547014255642,68.6,0,0,0,1,0,0,1,0,0,0,0
1,0.0988,450.95,10.81977828,6.1,742,3360.0,8.897819009510757,27.4,1,0,0,0,0,0,1,0,0,0,0
1,0.1311,728.89,12.20607265,7.98,712,6330.041667,10.457516333602767,79.6,0,0,0,0,0,1,0,0,0,0,0
1,0.1348,169.63,11.00209984,6.52,682,1680.041667,9.566755282109055,65.2,0,0,0,0,1,0,0,0,0,0,0
1,0.0988,386.53,10.59663473,5.16,757,4505.041667,7.0192966537150445,2.6,3,0,0,0,0,0,0,1,0,0,0
1,0.0988,467.06,10.49127422,24.4,742,3120.041667,9.185330208972015,55.7,0,0,0,0,0,0,1,0,0,0,0
1,0.1311,371.2,11.55214618,11.88,687,3630.0,9.173468897200278,46.7,0,0,0,0,0,0,1,0,0,0,0
1,0.1099,818.38,10.79957558,17.88,737,7680.0,8.690810307580046,14.0,1,0,0,0,0,0,0,0,0,0,1
1,0.1533,435.36,11.22524339,0.64,677,3810.041667,7.057897937411856,23.7,0,0,0,0,0,0,1,0,0,0,0
1,0.1025,647.7,11.08214255,13.22,757,2700.041667,8.327967858305488,24.6,0,0,0,0,1,0,0,0,0,0,0
1,0.1136,263.29,11.9871063,5.27,707,7200.041667,8.902727664035522,94.2,1,0,0,0,1,0,0,0,0,0,0
1,0.1273,402.8,11.47210347,2.51,697,3392.0,9.215526898663482,41.0,1,0,0,0,0,0,1,0,0,0,0
1,0.1062,97.68,10.3859137,0.37,807,11730.0,4.02535169073515,0.2,6,0,0,0,1,0,0,0,0,0,0
1,0.0788,337.83,10.86475165,3.76,742,4980.041667,7.879669914604289,64.4,0,0,0,0,1,0,0,0,0,0,0
1,0.0988,483.16,12.4292162,4.95,757,4638.041667,9.474318717728728,25.4,1,0,0,0,0,0,1,0,0,0,0
1,0.1273,251.75,10.71441777,17.28,692,2400.041667,8.747193183526933,71.5,0,0,0,0,0,0,1,0,0,0,0
1,0.1099,163.68,11.13675106,12.27,722,2160.0,8.613048677059759,36.7,1,0,0,0,0,0,0,0,0,1,0
1,0.0751,373.32,11.09741002,4.33,782,12360.0,8.771835409789817,12.5,2,0,0,0,0,0,1,0,0,0,0
1,0.1136,691.14,11.28978191,23.1,722,5310.041667,10.445172103888103,58.5,0,0,0,0,0,1,0,0,0,0,0
1,0.1136,279.75,10.69194491,17.13,697,2280.0,9.427948631791715,46.6,1,0,0,0,1,0,0,0,0,0,0
1,0.1496,242.53,10.83958091,8.59,672,1650.041667,8.84043543926657,92.1,0,2,0,1,0,0,0,0,0,1,0
1,0.1311,80.99,10.08580911,18.2,697,3630.0,6.966967138613983,42.4,3,0,0,0,0,0,1,0,0,0,0
1,0.1273,738.46,10.51867319,12.16,722,4740.0,9.537627699020323,70.1,0,0,0,0,0,0,1,0,0,0,0
1,0.1273,503.5,11.46163217,21.68,702,4560.041667,10.695031054952267,54.2,0,0,0,0,0,0,1,0,0,0,0
1,0.1422,342.85,10.71441777,12.48,682,7050.041667,8.459564078579602,77.4,1,0,0,0,0,0,1,0,0,0,0
1,0.0988,289.9,10.62132735,10.6,732,7740.0,9.328212292571072,17.9,2,1,0,0,1,0,0,0,0,0,0
1,0.1273,167.84,10.75790288,2.04,687,3930.041667,7.1853870155804165,44.0,1,1,0,0,0,0,1,0,0,0,0
1,0.1099,327.36,11.47210347,16.1,712,4320.041667,7.86172707782398,32.0,0,0,0,0,0,0,1,0,0,0,0
1,0.1311,202.47,9.862665558,2.63,692,1590.041667,7.369600720526409,61.0,1,0,0,0,1,0,0,0,0,0,0
1,0.1273,805.59,12.07254125,10.65,717,3840.041667,10.372678351524836,74.4,0,0,0,0,0,0,1,0,0,0,0
1,0.1496,866.16,11.41861479,3.98,707,4021.0,9.457044187699406,30.2,3,0,0,0,1,0,0,0,0,0,0
1,0.1136,822.78,11.69524702,3.6,727,9150.0,9.15556734612889,27.4,1,0,0,0,0,0,0,0,0,0,1
1,0.1025,421.01,10.81977828,13.66,752,5490.0,10.144274539022932,42.4,1,0,0,0,0,1,0,0,0,0,0
1,0.1099,491.03,10.59232546,15.97,722,4440.0,9.625293657956655,62.6,0,0,0,0,0,0,1,0,0,0,0
1,0.1136,493.67,11.49406879,24.24,707,8824.0,10.296171326279559,78.1,0,0,0,0,1,0,0,0,0,0,0
1,0.0751,311.1,10.30895266,5.4,752,2610.0,8.569975376855206,24.3,0,0,0,0,1,0,0,0,0,0,0
1,0.1136,658.23,12.03171926,5.39,712,5555.0,9.947265174882016,51.5,0,0,1,0,1,0,0,0,0,0,0
1,0.1273,302.1,10.16585182,17.12,692,6962.0,9.55768189473384,71.7,0,0,0,1,0,0,1,0,0,0,0
1,0.1273,813.99,11.13276254,21.13,717,4260.041667,10.392956742473556,61.8,2,0,0,0,0,0,0,1,0,0,0
1,0.1099,555.68,11.00209984,17.52,727,3900.041667,9.955652966516807,32.4,0,0,0,0,0,0,1,0,0,0,0
1,0.1273,537.06,11.27720313,24.67,712,4380.0,10.744494236334926,76.8,0,0,0,0,0,0,1,0,0,0,0
1,0.1025,323.85,10.46310334,11.59,717,3691.0,6.658011045870748,43.2,1,0,0,0,0,0,1,0,0,0,0
1,0.0988,450.95,10.51867319,20.04,737,3871.041667,9.646076003102594,60.6,0,0,0,0,0,1,0,0,0,0,0
1,0.0788,469.21,11.82217332,8.75,782,9240.041667,9.69430854157229,38.3,1,0,0,0,0,0,1,0,0,0,0
1,0.0788,406.65,11.16194854,19.72,762,4113.0,9.145161645951188,30.2,3,0,0,0,0,0,1,0,0,0,0
1,0.1533,557.26,11.46163217,15.92,672,2910.0,9.788693794534046,78.9,0,0,0,0,0,0,1,0,0,0,0
1,0.1273,335.67,11.26446411,16.15,697,2400.041667,8.151044945685024,25.1,3,0,0,0,0,0,1,0,0,0,0
1,0.1941,471.89,10.858999,11.15,672,5550.0,9.028938392241612,24.2,2,0,0,0,0,0,1,0,0,0,0
1,0.0676,129.24,10.59663473,19.83,777,11370.0,9.418085981110297,22.8,0,0,0,0,0,0,1,0,0,0,0
1,0.0714,129.95,11.05089001,8.57,752,5766.041667,7.81762544305337,27.6,3,0,0,0,0,0,0,0,0,1,0
1,0.1496,138.59,10.71441777,1.79,682,1230.041667,7.1693500166706,81.1,0,0,0,0,1,0,0,0,0,0,0
1,0.0788,375.37,10.66895539,13.87,752,3901.041667,9.808297365532379,33.2,1,0,0,0,0,1,0,0,0,0,0
1,0.0788,500.49,11.2708539,14.97,782,8850.0,9.541512875502493,15.7,0,0,0,0,0,0,0,0,0,0,1
1,0.0988,257.69,11.58988651,1.44,757,3509.041667,8.334711621820917,61.2,2,0,0,0,1,0,0,0,0,0,0
1,0.1099,39.29,10.16585182,10.71,687,3210.041667,9.082279701908664,41.9,1,0,0,0,0,0,0,0,1,0,0
1,0.157,175.06,9.998797732,10.36,662,1830.0,7.685703061234547,53.1,1,0,0,0,1,0,0,0,0,0,0
1,0.1348,695.45,11.5242412,18.91,702,5010.041667,9.874470603465635,51.1,2,0,0,0,0,1,0,0,0,0,0
1,0.1348,339.25,11.91839057,12.49,737,6570.0,10.587518304449791,99.0,0,0,0,0,0,0,1,0,0,0,0
1,0.0714,154.7,11.15910359,6.31,747,4260.041667,8.596743470174246,20.0,1,0,0,0,1,0,0,0,0,0,0
1,0.1459,413.58,11.79810441,12.48,692,6630.0,9.806976652155285,96.6,3,0,0,1,0,0,1,0,0,0,0
1,0.1348,196.76,10.59663473,14.58,682,3240.041667,8.321907968230423,45.2,0,0,0,1,1,0,0,0,0,0,0
1,0.1496,221.74,11.1844214,15.45,662,2614.0,9.139703292376742,61.7,2,0,0,0,1,0,0,0,0,0,0
1,0.1385,491.1,11.51292546,12.7,687,2520.0,10.496123551499684,78.0,0,0,0,0,0,1,0,0,0,0,0
1,0.1496,69.3,10.68464561,15.27,667,3720.0,8.607582191143917,97.7,0,0,1,0,0,0,1,0,0,0,0
1,0.1025,242.89,11.01862914,3.52,752,3060.041667,6.461468176353717,2.7,3,0,0,0,0,0,0,0,0,0,1
1,0.0714,154.7,11.28978191,6.57,752,6000.041667,9.077380244719953,17.3,3,0,0,0,0,0,1,0,0,0,0
1,0.0676,107.7,10.858999,14.54,777,3390.0,7.312553498102598,2.7,2,0,0,0,0,0,0,1,0,0,0
1,0.0639,107.11,11.22390917,14.18,782,7171.041667,8.567315800819449,15.6,2,0,0,0,1,0,0,0,0,0,0
1,0.0988,322.11,11.51292546,9.55,727,3000.0,9.803501457660202,68.3,0,0,0,0,0,1,0,0,0,0,0
1,0.1385,40.93,11.00209984,3.08,707,1170.0,7.945909598613133,65.7,3,0,0,1,1,0,0,0,0,0,0
1,0.1062,260.48,10.84848235,15.0,712,2550.0,8.622273667866745,32.1,2,0,0,0,1,0,0,0,0,0,0
1,0.0788,469.21,11.41861479,9.61,792,5700.041667,8.337348564497175,8.8,0,0,0,0,0,0,0,0,0,0,1
1,0.0714,262.99,11.22364211,19.7,777,5280.041667,9.149740749847252,20.3,0,0,0,0,0,0,1,0,0,0,0
1,0.1062,683.76,10.81977828,15.18,737,17616.0,10.3648918129684,32.8,0,0,0,0,0,1,0,0,0,0,0
1,0.1273,234.97,11.07906088,23.96,697,13980.0,9.577895907011127,87.0,0,0,0,0,0,0,1,0,0,0,0
1,0.1099,818.38,11.13225053,12.13,737,5400.041667,9.883131772279054,43.8,0,0,0,0,0,0,1,0,0,0,0
1,0.1273,469.93,11.1983243,18.85,707,6120.041667,10.373272407852593,75.5,0,0,0,0,0,0,1,0,0,0,0
1,0.1099,57.29,10.30895266,7.76,687,4650.041667,7.584773077612199,18.2,0,1,0,0,0,0,0,0,0,1,0
1,0.0676,30.77,11.00209984,10.18,752,10020.04167,9.742673052026605,11.7,1,0,0,0,0,0,0,0,1,0,0
1,0.1311,47.25,10.30895266,9.8,697,1264.041667,7.440146680662688,24.3,0,0,0,0,0,1,0,0,0,0,0
1,0.1025,242.89,11.30220443,7.36,797,12184.04167,7.234898420314831,9.0,1,0,0,0,1,0,0,0,0,0,0
1,0.1459,689.3,11.58058411,16.63,687,4170.041667,9.151863442217207,87.3,2,0,0,0,0,0,1,0,0,0,0
1,0.1062,130.24,10.22194128,5.76,707,3630.0,8.39479954320217,40.2,1,0,0,1,0,1,0,0,0,0,0
1,0.1607,299.15,10.36722157,23.07,672,1489.0,9.17378011666438,87.6,0,0,0,1,0,0,1,0,0,0,0
1,0.1496,692.93,12.46843691,12.58,687,9660.041667,10.569032265982456,93.3,2,0,0,0,0,0,1,0,0,0,0
1,0.0639,45.91,11.2515607,2.38,772,3510.041667,8.280964400553373,7.6,0,0,0,0,0,1,0,0,0,0,0
1,0.0988,322.11,11.54482134,14.44,727,5730.041667,9.80432998100291,69.1,0,0,0,0,0,0,1,0,0,0,0
1,0.1533,348.29,11.33413367,19.23,677,5910.0,9.827362162146636,90.4,0,0,0,0,0,1,0,0,0,0,0
1,0.0988,128.85,10.858999,2.47,717,2383.041667,8.067149039910106,37.1,0,0,0,0,0,1,0,0,0,0,0
1,0.1311,212.6,12.04355372,24.52,687,3479.041667,9.306740866262498,88.1,2,0,0,0,0,0,1,0,0,0,0
1,0.1533,452.77,10.7480872,8.87,677,2820.041667,9.489713016556824,91.8,1,0,1,0,0,0,1,0,0,0,0
1,0.0788,437.93,10.75790288,4.98,747,2940.0,8.40804774415544,19.4,0,0,0,0,0,0,1,0,0,0,0
1,0.1273,839.16,11.3736634,10.62,712,4230.041667,9.852352140421358,53.1,0,0,0,0,0,0,1,0,0,0,0
1,0.1136,493.67,11.1844214,17.82,712,9120.0,9.969649754789797,77.1,1,0,0,1,0,0,0,0,0,0,1
1,0.0788,375.37,11.56171563,4.97,792,6390.041667,0.0,0.0,0,0,0,0,0,0,1,0,0,0,0
1,0.157,280.09,10.30895266,9.0,672,1411.041667,8.872206756028303,55.3,1,0,0,0,1,0,0,0,0,0,0
1,0.1273,134.27,10.9273763,14.78,677,3840.041667,9.57227147806062,48.2,1,0,0,0,0,0,1,0,0,0,0
1,0.157,175.06,11.00209984,16.26,672,7920.041667,7.7306140660637395,73.4,0,0,0,0,0,0,1,0,0,0,0
1,0.0788,437.93,11.15625052,14.37,752,6270.0,9.10242102975669,20.8,1,0,0,0,0,0,1,0,0,0,0
1,0.0988,154.61,10.858999,11.28,722,2670.041667,9.684273769557766,57.4,1,0,0,0,0,0,0,0,0,1,0
1,0.1459,199.9,11.22524339,1.86,707,1230.041667,8.38320455141292,48.0,0,0,0,0,1,0,0,0,0,0,0
1,0.0714,123.76,10.59663473,18.33,797,6210.0,6.890609120147166,1.8,0,0,0,0,0,0,0,0,0,1,0
1,0.1459,689.3,10.54534144,15.98,682,2370.041667,7.277247726631484,13.5,1,1,0,0,0,0,1,0,0,0,0
1,0.1273,209.79,10.04324949,21.23,687,2760.041667,8.834628222017367,41.6,0,0,0,0,0,0,1,0,0,0,0
1,0.1062,97.68,10.46310334,8.91,692,6090.041667,9.434283603460957,37.1,2,1,0,1,1,0,0,0,0,0,0
1,0.1062,468.86,11.00209984,6.26,727,3180.041667,9.573176298028388,88.2,0,0,0,0,0,0,0,0,0,0,1
1,0.0751,311.1,10.30895266,8.6,752,2522.0,8.743372131273969,22.0,0,0,0,0,1,0,0,0,0,0,0
1,0.0988,483.16,11.41861479,15.93,762,5642.041667,9.01517670716893,18.1,0,0,0,0,0,0,1,0,0,0,0
1,0.1422,137.14,12.4292162,14.91,677,5156.0,9.087946723762116,36.9,1,0,0,0,0,0,0,0,0,1,0
1,0.0751,155.55,11.04132055,12.75,737,5160.0,9.3722891389622,42.6,0,0,0,0,0,1,0,0,0,0,0
1,0.0988,442.9,11.10043574,17.67,737,3095.041667,9.213734605044198,21.7,1,0,0,0,0,0,1,0,0,0,0
1,0.1273,167.84,11.01862914,15.76,682,5340.041667,8.996775795442296,79.2,1,0,0,1,1,0,0,0,0,0,0
1,0.1025,97.16,11.00209984,15.64,702,2310.041667,9.591307848483947,71.4,0,0,0,0,0,1,0,0,0,0,0
1,0.1136,246.84,11.03488966,14.83,707,3030.0,0.0,26.32,0,0,0,0,0,0,1,0,0,0,0
1,0.1099,491.03,11.1844214,10.75,722,7140.041667,7.848543482456679,17.3,0,0,0,0,0,0,1,0,0,0,0
1,0.1025,809.62,11.91839057,7.66,787,6840.041667,9.025936648977904,23.7,0,0,0,0,0,0,1,0,0,0,0
1,0.1311,54.0,10.63364146,18.99,672,7680.0,8.745443680098592,62.8,3,0,0,0,0,0,1,0,0,0,0
1,0.1025,404.81,10.50506754,18.38,732,3394.0,9.461099090323366,45.6,0,0,0,0,0,1,0,0,0,0,0
1,0.1025,161.93,10.59763423,19.12,717,1649.041667,9.271059107010888,65.6,0,0,0,1,1,0,0,0,0,0,0
1,0.1136,394.94,10.77895629,13.18,702,8910.041667,9.460709909543985,54.0,1,0,1,0,0,0,1,0,0,0,0
1,0.1311,472.43,10.59663473,11.31,697,5550.0,9.468310380442437,67.1,0,0,0,0,0,1,0,0,0,0,0
1,0.1025,576.45,11.03135115,17.15,762,10560.0,10.046114950785885,51.1,4,0,0,0,0,1,0,0,0,0,0
1,0.0788,265.89,10.76848499,11.7,737,3390.0,9.127610724377186,52.0,0,0,0,0,0,0,1,0,0,0,0
1,0.1273,537.06,11.21182037,4.41,712,3841.041667,9.440340364086879,38.8,1,0,0,0,0,0,1,0,0,0,0
1,0.1459,861.63,11.48246626,18.15,707,6690.041667,10.023179875454133,41.7,1,1,0,0,0,0,1,0,0,0,0
1,0.1311,464.0,10.16585182,14.4,747,4320.041667,9.72549660510262,90.3,1,0,0,0,0,0,0,0,0,1,0
1,0.1273,570.63,11.09968017,22.75,707,3750.0,10.171489740158565,76.2,0,0,0,0,0,0,1,0,0,0,0
1,0.0988,547.58,10.90888746,19.39,762,12752.04167,9.834566107069707,20.3,1,0,0,0,0,0,1,0,0,0,0
1,0.183,907.6,12.7367009,11.99,752,5190.0,8.51959031601596,5.5,7,0,0,0,0,0,0,0,0,0,1
1,0.1719,185.89,10.30895266,22.29,662,1554.0,7.504391559161238,43.2,1,0,0,0,1,0,0,0,0,0,0
1,0.1062,651.2,11.77528973,15.98,787,12570.04167,8.442900586834382,18.1,5,0,0,0,0,0,0,0,1,0,0
1,0.0751,435.54,11.23321156,3.68,772,5130.0,9.369393301830783,32.1,0,0,0,0,1,0,0,0,0,0,0
1,0.1348,339.25,10.62861778,13.8,687,4080.0,9.564301637217232,74.2,0,0,1,0,0,0,1,0,0,0,0
1,0.1348,169.63,10.71441777,14.19,677,3750.0,8.125630988477065,31.0,2,0,0,0,0,0,0,0,0,0,1
1,0.1793,902.94,12.61153775,8.6,677,7170.041667,10.556775816334186,73.2,0,1,0,0,1,0,0,0,0,0,0
1,0.1311,253.09,10.95430918,10.85,682,4021.0,8.495356496807062,55.0,0,0,1,0,0,0,0,0,1,0,0
1,0.1311,215.97,11.17745273,16.38,682,2134.041667,9.014447135152134,71.5,0,0,0,0,0,1,0,0,0,0,0
1,0.1645,424.53,10.57385217,3.1,667,1140.0,8.361474616416817,42.7,3,0,0,0,0,0,1,0,0,0,0
1,0.1756,503.05,11.54790643,15.02,672,7320.0,9.674074388208323,16.6,3,0,0,0,0,0,1,0,0,0,0
1,0.1062,182.34,11.22524339,14.32,707,5910.0,9.61953186182516,88.0,1,0,0,0,0,0,0,1,0,0,0
1,0.1311,141.73,9.61580548,3.44,702,6000.041667,6.484635235635252,72.7,0,0,1,0,1,0,0,0,0,0,0
1,0.1348,441.02,10.59663473,24.66,687,5194.0,9.759963542450086,70.1,0,0,0,0,0,1,0,0,0,0,0
1,0.1459,112.02,10.23995979,24.6,662,5554.0,9.365975663507632,60.2,1,0,0,0,0,1,0,0,0,0,0
1,0.0988,161.06,10.55581274,24.5,717,4500.041667,9.577688157971219,62.2,0,0,0,0,1,0,0,0,0,0,0
1,0.1099,491.03,11.22524339,1.36,722,7530.041667,8.390041405755754,9.3,1,1,0,0,0,0,0,0,1,0,0
1,0.0988,322.11,11.00209984,9.8,757,6120.041667,7.721348612617949,45.1,1,0,0,0,0,0,1,0,0,0,0
1,0.1422,144.0,10.87804719,16.69,667,4710.0,8.666474894131992,50.9,0,1,3,0,1,0,0,0,0,0,0
1,0.1645,566.04,11.26446411,14.74,667,2730.041667,8.228443883004033,89.2,3,0,0,0,0,0,1,0,0,0,0
1,0.1062,455.84,10.69307155,22.39,722,5760.041667,9.75597313724758,76.0,0,1,0,0,0,0,1,0,0,0,0
1,0.1459,482.51,11.19821472,12.13,697,4560.041667,8.679312040892672,70.8,0,0,1,0,0,0,1,0,0,0,0
1,0.1025,242.89,10.82774645,14.83,717,4440.0,8.908829791587868,37.9,0,0,0,0,0,0,1,0,0,0,0
1,0.1136,658.23,11.03165864,18.64,722,4290.041667,10.984122546973575,63.4,1,0,0,0,0,0,1,0,0,0,0
1,0.1496,176.7,10.08580911,22.8,682,5520.0,8.580731212220226,95.1,3,0,0,0,0,0,0,1,0,0,0
1,0.1099,163.68,10.858999,6.55,692,3510.041667,6.8658910748834385,12.1,1,0,1,0,1,0,0,0,0,0,0
1,0.0788,187.69,10.83958091,13.36,737,4890.041667,9.276689752517717,89.8,1,0,0,0,1,0,0,0,0,0,0
1,0.1062,73.26,10.87804719,13.86,722,9150.0,8.258681496264236,91.9,2,0,0,0,0,0,0,1,0,0,0
1,0.1099,40.92,10.23995979,0.64,742,1230.041667,6.056784013228625,8.9,0,0,0,0,1,0,0,0,0,0,0
1,0.1311,506.18,11.69524702,16.69,692,4470.0,10.185654444299798,61.4,1,1,0,0,1,0,0,0,0,0,0
1,0.1311,506.18,11.23848862,11.92,697,5430.041667,9.573871756711402,44.9,0,0,0,0,1,0,0,0,0,0,0
1,0.0751,124.44,10.18111929,16.5,737,2763.041667,8.024207485778577,13.5,0,0,0,0,1,0,0,0,0,0,0
1,0.0639,100.99,9.655026193,21.46,777,7712.0,8.030084094267563,16.5,0,0,0,0,0,0,1,0,0,0,0
1,0.0751,334.43,10.57131693,12.86,762,6060.041667,8.777555453213056,8.7,3,0,0,0,0,0,0,0,0,0,1
1,0.1607,527.91,10.71441777,9.33,672,1770.041667,9.703572127341126,66.0,0,0,0,0,0,1,0,0,0,0,0
1,0.1099,392.83,10.89766482,23.51,707,5160.0,10.002608643403935,75.9,2,0,0,0,0,0,1,0,0,0,0
1,0.1136,329.12,10.93761465,9.73,727,5880.0,8.010027528481734,73.4,1,0,0,0,0,0,1,0,0,0,0
1,0.1311,337.45,10.71441777,22.91,692,2910.0,8.052296499538647,35.7,3,0,0,0,1,0,0,0,0,0,0
1,0.1273,503.5,10.62132735,11.41,742,1260.041667,7.717351272185329,16.9,0,0,0,0,1,0,0,0,0,0,0
1,0.0751,155.55,10.75790288,12.77,747,3420.041667,8.899321434159964,18.2,0,0,0,0,1,0,0,0,0,0,0
1,0.1422,291.42,10.91508846,20.75,672,5820.0,8.384347278082808,71.8,0,1,0,0,0,0,1,0,0,0,0
1,0.1273,503.5,11.71177632,24.44,702,5880.0,10.87050942081664,73.1,1,0,0,0,0,0,0,0,0,0,1
1,0.1062,260.48,10.37349118,11.29,722,1950.041667,7.404887575616125,60.9,0,0,0,0,1,0,0,0,0,0,0
1,0.1136,256.71,10.858999,7.89,692,8010.0,9.679468618185965,45.2,0,0,0,0,0,0,1,0,0,0,0
1,0.1348,40.71,8.9226583,21.44,702,1112.0,8.738094230177667,52.0,1,0,0,0,1,0,0,0,0,0,0
1,0.1422,205.71,10.858999,15.65,677,4500.041667,9.53249633228804,93.2,2,0,0,0,0,0,1,0,0,0,0
1,0.1062,716.32,12.24135291,5.34,747,10050.04167,10.77881044592198,30.5,4,0,0,0,0,0,0,0,0,1,0
1,0.0988,322.11,11.15625052,6.24,727,3780.041667,9.472089062401459,22.6,2,0,0,0,0,0,1,0,0,0,0
1,0.1385,545.67,11.65268741,14.01,687,7770.0,8.976641306722456,38.4,2,0,0,0,0,0,1,0,0,0,0
1,0.0714,309.4,11.21182037,15.42,797,5580.0,9.473857817428666,14.7,2,0,0,0,0,0,1,0,0,0,0
1,0.1273,50.35,10.20507253,17.8,692,1830.0,9.442641861075158,85.2,0,0,0,0,1,0,0,0,0,0,0
1,0.1025,153.83,11.27973158,20.42,712,6990.0,11.02093795121555,60.5,0,0,1,0,0,0,1,0,0,0,0
1,0.1136,236.96,10.77895629,7.15,727,5400.041667,9.14633504200027,35.7,1,0,1,0,0,0,1,0,0,0,0
1,0.0988,222.26,10.76806385,16.81,727,4050.0,5.017279836814924,3.1,3,0,0,0,1,0,0,0,0,0,0
1,0.1348,474.94,10.63103616,20.06,692,2310.041667,9.48888078651068,73.8,1,0,0,0,0,0,1,0,0,0,0
1,0.1273,169.51,10.81977828,20.52,682,4051.0,10.020648172309706,70.0,0,0,0,0,0,1,0,0,0,0,0
1,0.1062,814.0,11.98042596,15.2,762,5820.0,10.821995823851237,10.5,2,0,0,0,0,1,0,0,0,0,0
1,0.0714,170.17,10.75790288,19.86,752,4110.0,9.235520670506482,23.5,1,0,0,0,0,1,0,0,0,0,0
1,0.0788,350.34,11.03488966,22.49,737,6180.0,9.709477955946982,47.9,0,0,0,0,0,0,1,0,0,0,0
1,0.1099,98.21,10.91326863,15.5,697,4470.0,7.9211727215870145,40.5,2,0,1,0,0,0,0,0,1,0,0
1,0.1099,49.11,11.3736634,20.43,687,12450.0,8.142936010432265,51.3,3,0,0,0,1,0,0,0,0,0,0
1,0.0751,311.1,11.00209984,15.92,767,5580.0,8.617581365447506,17.8,0,0,0,0,0,0,0,0,1,0,0
1,0.1025,161.93,10.81977828,19.23,712,4296.041667,10.510695508418417,82.5,2,0,0,0,0,0,0,0,1,0,0
1,0.1136,493.67,11.4756285,22.16,707,5130.0,10.018377518410084,57.4,1,0,0,0,0,0,1,0,0,0,0
1,0.1025,168.41,10.6454249,21.63,712,3420.041667,9.470471375340674,66.2,2,0,0,0,0,0,1,0,0,0,0
1,0.1422,102.86,10.59663473,10.05,702,1230.041667,6.4425401664681985,34.8,1,0,0,0,1,0,0,0,0,0,0
1,0.1422,317.13,9.862665558,10.81,697,2100.041667,0.0,0.0,3,0,0,1,0,0,1,0,0,0,0
1,0.1385,218.27,10.69194491,20.54,672,3120.041667,10.182217171089883,48.2,2,0,0,0,0,1,0,0,0,0,0
1,0.0751,171.11,10.45322615,20.39,742,7200.041667,9.581490049669227,19.5,1,0,0,0,1,0,0,0,0,0,0
1,0.0676,147.7,9.552226498,6.05,772,3480.041667,7.871692664323645,17.0,0,0,0,0,0,0,1,0,0,0,0
1,0.1025,453.39,11.15625052,16.42,732,5340.041667,9.692704790920137,53.8,2,0,0,0,0,0,1,0,0,0,0
1,0.1062,325.6,11.11460974,6.13,722,4200.041667,9.2179116374725,73.0,1,0,0,0,0,0,1,0,0,0,0
1,0.1348,339.25,10.30895266,17.04,682,2430.041667,9.258368340986765,55.5,1,0,0,0,1,0,0,0,0,0,0
1,0.1311,269.96,10.46310334,1.65,742,2130.041667,7.4342573821331355,35.2,3,1,0,1,0,0,0,0,0,0,1
1,0.1062,130.24,9.392661929,14.1,702,8010.0,8.120291313968561,21.1,1,0,0,0,1,0,0,0,0,0,0
1,0.0788,330.01,10.46310334,21.63,742,4650.041667,9.31217467785745,37.4,0,0,0,0,0,0,1,0,0,0,0
1,0.1348,379.95,10.75234277,3.93,692,1470.0,8.759825595314295,52.2,1,0,0,0,0,0,1,0,0,0,0
1,0.0714,247.52,10.81977828,22.13,772,5430.041667,9.479527461791719,42.6,0,0,0,0,0,0,0,0,0,1,0
1,0.0988,161.06,10.83368119,22.91,717,3690.0,9.49046898877305,63.9,1,0,0,0,0,0,0,0,0,1,0
1,0.1904,916.95,12.34583459,14.43,667,5970.041667,10.58347350281825,78.3,0,0,0,0,1,0,0,0,0,0,0
1,0.0788,450.44,11.47435094,1.91,777,5820.0,8.117312461601975,0.4,2,0,0,0,0,0,0,0,1,0,0
1,0.1025,194.31,10.81977828,20.66,707,1920.0,9.89762037425808,51.2,2,0,0,0,1,0,0,0,0,0,0
1,0.1099,157.13,9.61580548,0.0,752,1680.041667,0.0,0.0,0,0,0,1,0,0,1,0,0,0,0
1,0.1461,206.86,10.30895266,16.2,682,1769.958333,9.71878315904038,91.9,2,0,0,1,0,0,1,0,0,0,0
1,0.1496,277.16,11.04132055,4.5,712,1379.958333,8.51919119407891,49.6,0,0,0,1,1,0,0,0,0,0,0
1,0.1322,165.63,10.49127422,19.53,692,1530.041667,8.690978417187905,48.8,0,0,0,1,1,0,0,0,0,0,0
1,0.1704,276.48,9.541081934,2.24,692,8010.0,6.892641641172089,98.4,0,2,0,1,0,0,0,1,0,0,0
1,0.1565,699.73,11.48452599,3.6,722,5657.958333,9.736901540128232,22.6,0,0,0,1,0,0,0,0,0,0,1
1,0.1385,341.04,11.33828632,1.8,722,1140.0,8.04237800517328,15.9,2,0,0,1,0,0,0,0,0,1,0
1,0.1385,341.04,11.8493977,7.25,697,3690.0,10.760771103830251,50.7,3,0,0,1,0,1,0,0,0,0,0
1,0.1218,59.94,9.798127037,6.33,717,1230.041667,7.282761179605593,33.8,0,0,0,1,1,0,0,0,0,0,0
1,0.1095,255.17,10.40426284,20.29,742,9599.958333,9.384713758920963,38.3,0,0,0,1,0,0,1,0,0,0,0
1,0.1287,134.54,10.16585182,23.22,677,2911.0,8.632484235750972,80.1,3,0,0,1,1,0,0,0,0,0,0
1,0.16,70.32,10.08580911,2.55,667,3509.958333,0.0,63.0,0,0,0,1,1,0,0,0,0,0,0
1,0.1821,181.3,10.71441777,11.39,662,5400.0,0.0,25.8,3,2,0,1,0,0,1,0,0,0,0
1,0.1533,139.32,10.46310334,9.12,667,2820.041667,7.8838232148921525,49.1,1,0,0,1,0,0,1,0,0,0,0
1,0.1025,32.39,9.259130536,21.37,702,5310.041667,8.599878558034845,48.9,0,1,0,1,0,0,0,1,0,0,0
1,0.1189,663.28,11.01205017,2.89,742,3660.0,8.834045641167798,46.7,4,0,0,1,0,0,0,0,1,0,0
1,0.1739,716.95,11.03488966,13.51,697,4350.0,8.93260863037757,35.6,3,1,0,1,0,0,0,0,0,0,1
1,0.1114,393.65,11.22524339,7.82,737,3179.958333,9.241935933565934,8.9,1,0,0,1,1,0,0,0,0,0,0
1,0.1379,851.89,11.23848862,4.45,717,5249.958333,5.111987788356544,2.5,2,0,0,1,0,0,0,0,1,0,0
1,0.1287,840.83,11.45952469,0.13,757,2190.0,2.70805020110221,0.2,2,0,0,1,0,0,0,0,0,1,0
0,0.1608,35.2,10.30895266,23.84,642,2490.0,9.222861652529854,90.4,1,0,0,0,0,0,1,0,0,0,0
0,0.1608,246.38,12.1521443,22.47,647,7212.0,11.924849668139132,92.3,4,0,0,1,0,0,1,0,0,0,0
0,0.16,787.53,11.26446411,19.34,682,3780.041667,9.673948594133059,66.0,5,0,1,0,0,0,1,0,0,0,0
0,0.164,126.4,10.30895266,29.6,677,1643.0,8.020927718981577,58.5,1,0,0,1,0,0,0,1,0,0,0
0,0.1482,242.05,10.71441777,19.12,652,2847.0,10.186106830645446,52.6,33,0,0,1,0,0,1,0,0,0,0
0,0.1482,172.89,10.6454249,18.51,652,4020.0,9.189423123720795,64.0,8,0,0,1,0,0,1,0,0,0,0
0,0.138,149.96,10.73639668,16.7,662,4339.0,5.752572638825633,12.6,4,1,0,0,0,0,1,0,0,0,0
0,0.1482,311.2,11.39414193,19.34,657,4139.958333,10.553988158374601,77.3,0,0,0,1,1,0,0,0,0,0,0
0,0.1703,570.69,11.35510138,25.32,672,4149.958333,10.565711500442564,54.5,3,0,0,0,0,0,1,0,0,0,0
0,0.1324,404.03,12.20607265,21.31,697,5879.958333,11.934375464570035,80.1,0,0,0,0,0,1,0,0,0,0,0
0,0.1229,236.81,10.1266311,15.55,672,990.0,9.250618218474752,63.9,1,0,0,0,0,0,1,0,0,0,0
0,0.1229,250.15,10.73639668,3.03,672,983.0,8.622813673279921,27.1,2,0,0,0,0,0,0,0,1,0,0
0,0.1387,231.98,11.51292546,14.64,657,3498.0,10.581825617442366,97.8,1,0,0,0,0,0,1,0,0,0,0
0,0.1387,163.75,10.77895629,9.18,652,7556.0,8.506334448081361,64.2,2,2,1,0,1,0,0,0,0,0,0
0,0.1671,385.27,10.91871823,26.52,667,2672.958333,9.966509298952284,65.5,4,0,0,0,0,0,1,0,0,0,0
0,0.0775,156.11,11.15625052,8.81,772,6389.958333,0.0,7.3,4,0,0,0,1,0,0,0,0,0,0
0,0.0838,204.84,10.78931908,4.0,742,3661.0,0.0,2.9,3,0,0,0,1,0,0,0,0,0,0
0,0.0807,136.45,11.69524702,4.0,742,4080.0,0.0,22.1,6,0,0,0,1,0,0,0,0,0,0
0,0.0933,80.69,11.60823564,10.0,712,2819.958333,0.0,17.2,6,0,0,0,1,0,0,0,0,0,0
0,0.0933,124.62,11.49272276,10.0,707,4079.958333,0.0,56.8,1,0,1,0,1,0,0,0,0,0,0
0,0.1154,164.98,10.91508846,10.0,697,3190.0,7.803026643632217,65.5,4,0,0,1,1,0,0,0,0,0,0
0,0.1028,164.42,11.46163217,10.0,702,2310.0,0.0,20.1,3,1,0,0,1,0,0,0,0,0,0
0,0.0964,32.11,9.392661929,10.0,697,1050.0,0.0,48.7,2,0,0,0,1,0,0,0,0,0,0
0,0.0996,103.2,11.91839057,10.0,692,6030.041667,0.0,19.8,2,0,0,0,1,0,0,0,0,0,0
0,0.1028,113.39,12.10071213,10.0,687,3990.0,0.0,21.7,4,0,0,0,1,0,0,0,0,0,0
0,0.1122,211.85,10.37349118,10.0,687,3329.958333,0.0,38.3,6,0,0,0,1,0,0,0,0,0,0
0,0.0964,208.66,9.903487553,10.0,712,1139.0,0.0,10.7,4,0,0,1,1,0,0,0,0,0,0
0,0.0996,64.5,8.699514748,10.0,687,810.0,0.0,70.0,1,0,0,0,1,0,0,0,0,0,0
0,0.1249,42.65,10.59663473,10.0,707,5790.0,0.0,51.5,8,0,0,1,1,0,0,0,0,0,0
0,0.0933,95.86,9.903487553,10.0,712,3512.958333,0.0,48.1,4,0,0,0,1,0,0,0,0,0,0
0,0.0901,95.42,10.46310334,10.0,717,4770.0,0.0,14.0,3,0,0,0,1,0,0,0,0,0,0
0,0.0775,209.18,12.22098096,1.0,802,6840.041667,0.0,8.6,5,0,0,0,1,0,0,0,0,0,0
0,0.0775,218.55,11.39075783,1.0,802,3570.041667,0.0,0.0,1,0,0,0,1,0,0,0,0,0,0
0,0.0743,155.38,11.65442503,1.0,802,6750.041667,0.0,5.0,5,0,0,0,1,0,0,0,0,0,0
0,0.1122,344.87,11.00209984,19.5,742,5609.958333,0.0,0.0,5,1,0,0,1,0,0,0,0,0,0
0,0.0712,30.94,10.81977828,1.1,772,5910.0,0.0,0.8,3,0,0,0,1,0,0,0,0,0,0
0,0.0838,81.94,8.779557456,6.46,722,1230.041667,0.0,0.1,2,0,0,1,1,0,0,0,0,0,0
0,0.0743,93.23,11.28978191,0.39,797,4441.0,0.0,0.5,0,0,0,0,1,0,0,0,0,0,0
0,0.0743,77.69,11.10682015,10.36,787,5250.041667,0.0,1.3,5,0,0,0,1,0,0,0,0,0,0
0,0.0775,156.11,12.61153775,5.38,757,5641.0,0.0,23.5,4,0,0,0,1,0,0,0,0,0,0
0,0.1407,34.21,10.1266311,16.27,642,567.0416667,0.0,85.0,0,0,0,0,1,0,0,0,0,0,0
0,0.1091,45.78,10.59663473,8.61,672,8490.041667,0.0,0.5,0,0,1,0,1,0,0,0,0,0,0
0,0.1122,164.23,10.23995979,3.51,672,1139.0,0.0,56.2,4,1,0,0,1,0,0,0,0,0,0
0,0.0901,38.17,10.49127422,3.27,707,4680.0,0.0,2.2,5,1,0,0,1,0,0,0,0,0,0
0,0.0964,141.25,10.30895266,3.72,697,1050.0,8.158802490694002,63.5,0,0,0,0,0,0,1,0,0,0,0
0,0.1059,195.28,9.903487553,12.9,697,4169.958333,9.522300336887486,66.0,4,0,0,0,0,0,1,0,0,0,0
0,0.0712,61.87,11.91839057,5.6,802,8489.958333,11.923623523943412,2.2,0,0,0,0,0,0,1,0,0,0,0
0,0.147,345.18,10.81977828,7.22,652,2820.0,9.212936997823448,85.0,0,2,0,0,0,0,0,1,0,0,0
0,0.0964,61.0,11.51292546,10.0,707,6360.041667,0.0,41.5,6,0,0,0,0,0,1,0,0,0,0
0,0.1312,180.57,8.29404964,15.0,662,178.9583333,0.0,47.8,1,0,0,0,1,0,0,0,0,0,0
0,0.1312,202.51,9.392661929,4.4,657,898.9583333,8.566364235422688,49.3,9,0,0,0,0,1,0,0,0,0,0
0,0.128,67.2,9.210340372,3.48,647,1169.958333,6.349138991379798,61.9,0,1,0,0,0,1,0,0,0,0,0
0,0.1312,226.98,11.00209984,13.16,672,5880.0,8.615045591583742,88.9,9,0,1,1,0,0,1,0,0,0,0
0,0.1501,693.45,11.28978191,3.11,672,3570.0,8.97259066827261,59.3,6,1,0,1,0,1,0,0,0,0,0
0,0.1059,325.46,10.91508846,17.96,727,3180.0,8.788745881938135,24.8,5,0,0,0,0,1,0,0,0,0,0
0,0.1691,142.43,11.12726298,19.62,657,2009.958333,7.572502985020384,25.6,3,1,0,0,0,1,0,0,0,0,0
0,0.1438,89.35,10.6454249,16.91,642,5549.0,8.32845106681936,52.4,18,4,1,1,1,0,0,0,0,0,0
0,0.1091,114.44,9.61580548,11.52,682,990.0,8.18060094759445,72.4,0,0,0,0,0,0,1,0,0,0,0
0,0.1186,265.17,11.05089001,10.42,687,6388.958333,8.91018077801329,58.8,14,0,1,1,0,0,1,0,0,0,0
0,0.1312,135.01,10.37349118,7.91,652,5609.958333,9.119320973589014,73.3,3,0,1,0,0,0,0,0,1,0,0
0,0.147,345.18,11.08214255,6.37,647,1896.0,7.701652362642226,73.7,6,0,0,0,0,1,0,0,0,0,0
0,0.1028,38.88,8.29404964,8.1,682,368.0,6.803505257608338,37.5,1,0,0,0,0,0,0,1,0,0,0
0,0.1249,33.45,10.37349118,5.21,652,2429.958333,7.400620577371135,16.7,2,4,0,0,0,1,0,0,0,0,0
0,0.1249,150.52,10.34174248,9.56,662,780.0,8.410720946905721,76.2,1,0,0,0,0,0,1,0,0,0,0
0,0.1438,61.86,10.59663473,4.11,632,629.0,8.734721003944811,55.0,9,0,0,1,0,0,0,1,0,0,0
0,0.1533,139.31,11.36210258,20.12,652,2849.0,10.52725785931825,75.4,1,0,0,0,0,1,0,0,0,0,0
0,0.1122,164.23,11.01862914,14.48,692,2969.0,9.15302900526307,51.3,15,0,0,1,1,0,0,0,0,0,0
0,0.1438,42.96,9.210340372,5.64,632,660.0,7.146772179452637,105.7,1,0,0,0,0,1,0,0,0,0,0
0,0.1596,316.25,9.903487553,15.66,642,5370.0,8.643649615368796,22.0,1,0,0,0,0,0,1,0,0,0,0
0,0.1438,68.73,10.59663473,15.57,642,238.9583333,9.759212943379076,86.6,0,0,0,0,1,0,0,0,0,0,0
0,0.147,110.46,9.472704636,9.42,637,449.0,7.421177528595393,55.6,1,0,0,0,0,0,1,0,0,0,0
0,0.1754,43.11,9.169518377,8.38,612,659.0,6.304448802421981,47.6,0,1,0,0,0,0,0,1,0,0,0
0,0.1249,140.48,10.80972795,7.68,662,1019.0,8.805525052709516,72.5,1,0,0,0,0,0,1,0,0,0,0
0,0.1501,34.68,9.757305042,20.0,652,1052.0,7.818027938530729,35.4,2,0,0,0,0,0,1,0,0,0,0
0,0.1059,133.44,10.59663473,9.51,682,406.0,6.559615237493242,54.2,2,0,0,0,0,0,0,1,0,0,0
0,0.1217,116.54,9.210340372,14.76,667,1022.0,8.473241303887054,95.7,0,0,0,0,0,1,0,0,0,0,0
0,0.1375,102.17,9.392661929,19.3,667,5668.958333,7.842278779117352,14.4,4,1,0,1,0,0,1,0,0,0,0
0,0.1343,67.81,10.71441777,8.75,647,419.0,7.38770923908104,54.1,8,0,1,0,0,1,0,0,0,0,0
0,0.1533,365.69,11.03488966,1.72,642,1470.0,7.271008538280992,95.8,13,0,0,1,1,0,0,0,0,0,0
0,0.1407,171.05,10.71441777,0.53,642,2846.0,4.820281565605037,41.0,6,13,0,0,0,0,1,0,0,0,0
0,0.1091,425.04,11.03488966,20.0,697,4979.958333,9.528721373177234,50.2,4,0,1,0,0,0,1,0,0,0,0
0,0.0996,257.99,10.1266311,0.48,702,599.9583333,5.75890177387728,19.2,1,0,0,0,1,0,0,0,0,0,0
0,0.1501,346.73,10.81977828,7.75,647,1500.0,9.69566355532975,83.3,1,0,0,1,0,1,0,0,0,0,0
0,0.1691,284.86,11.00209984,20.22,647,6209.0,8.81818627792769,99.3,1,0,0,1,0,1,0,0,0,0,0
0,0.1722,464.95,10.37349118,15.98,642,810.0,8.810459642161918,79.8,1,0,0,1,1,0,0,0,0,0,0
0,0.1438,412.37,9.61580548,6.48,672,1140.0,7.289610521451167,83.7,12,0,0,0,0,0,0,1,0,0,0
0,0.1628,670.59,11.51292546,9.79,662,449.0,7.38025578842646,64.1,1,0,0,1,1,0,0,0,0,0,0
0,0.128,201.6,10.95080655,15.2,667,6449.958333,9.51951481976606,79.7,4,2,1,0,0,0,1,0,0,0,0
0,0.1091,196.18,8.853665428,8.57,682,334.0,0.0,25.2,2,0,0,1,1,0,0,0,0,0,0
0,0.1691,489.61,13.12236338,7.47,667,3600.0,12.034673224461756,46.1,2,1,0,1,0,1,0,0,0,0,0
0,0.1533,332.6,12.50617724,7.33,682,5009.958333,11.58065887700432,29.8,5,0,0,1,0,0,1,0,0,0,0
0,0.1501,443.81,9.798127037,2.2,657,1548.0,6.505784060128229,66.8,0,0,0,0,0,0,0,1,0,0,0
0,0.0838,63.03,9.998797732,13.09,737,599.9583333,6.054439346269371,9.4,0,0,0,0,0,0,1,0,0,0,0
0,0.0743,108.77,12.61153775,1.0,802,8593.958333,11.923623523943412,17.0,0,0,0,0,0,0,1,0,0,0,0
0,0.0996,80.63,9.798127037,2.33,692,928.9583333,7.9854843567338225,43.3,1,0,0,1,0,1,0,0,0,0,0
0,0.1375,170.29,11.51292546,6.2,647,1978.958333,9.159257581746866,64.6,10,0,0,0,0,1,0,0,0,0,0
0,0.1786,585.41,11.69524702,14.09,652,1140.0,7.00397413672268,6.0,0,1,0,0,0,1,0,0,0,0,0
0,0.1691,318.69,11.15625052,1.35,637,780.0,7.9603236291488395,81.6,1,0,0,1,0,0,1,0,0,0,0
0,0.147,172.59,10.81977828,15.14,647,3299.0,10.509523351106111,82.9,0,0,0,0,0,1,0,0,0,0,0
0,0.1343,193.26,11.08214255,18.22,667,990.9583333,8.014335737299424,12.6,3,0,1,0,0,0,1,0,0,0,0
0,0.0964,287.3,11.51292546,18.24,757,4829.0,7.67368812926773,4.2,13,1,0,0,0,0,0,0,0,0,1
0,0.1565,131.19,8.892886141,17.31,642,3478.958333,0.0,69.5,1,0,0,1,1,0,0,0,0,0,0
0,0.1091,163.48,10.65725935,1.21,677,719.0,7.261927092702751,43.2,1,0,0,0,0,1,0,0,0,0,0
0,0.1217,499.45,11.32900263,17.02,712,4320.0,10.533987755195422,59.5,5,0,0,0,0,1,0,0,0,0,0
0,0.0807,141.15,9.811372264,3.29,737,1200.0,0.0,0.0,1,0,0,0,1,0,0,0,0,0,0
0,0.0838,94.54,9.903487553,6.72,732,3149.958333,8.856803356728378,27.4,9,0,0,0,0,0,0,1,0,0,0
0,0.1186,49.72,10.23995979,14.31,667,539.9583333,0.0,0.0,1,1,0,0,1,0,0,0,0,0,0
0,0.147,207.11,9.998797732,20.0,667,2614.0,9.666688690398917,36.2,19,0,0,0,0,0,1,0,0,0,0
0,0.1249,100.35,11.08214255,14.25,667,2940.0,9.005036738790304,60.3,8,0,0,0,0,1,0,0,0,0,0
0,0.1596,388.28,10.22976514,12.9,647,3720.0,7.871692664323645,51.5,3,0,0,1,0,0,1,0,0,0,0
0,0.0743,77.69,10.03451581,0.53,747,3630.0,6.0330862217988015,10.4,5,0,0,1,1,0,0,0,0,0,0
0,0.1501,403.07,10.38899537,0.74,647,238.9583333,5.945420608606575,63.5,4,0,0,0,0,0,0,0,0,0,1
0,0.1722,64.38,7.547501683,18.99,642,450.0,6.555356891810665,87.7,0,0,0,0,0,0,1,0,0,0,0
0,0.1722,525.75,10.1266311,14.74,652,5820.0,6.962243464266207,39.1,1,0,0,0,0,0,1,0,0,0,0
0,0.1407,61.58,9.229358378,5.06,637,750.0,7.98139158158007,97.5,1,0,0,0,0,1,0,0,0,0,0
0,0.1028,81.0,9.298351249,7.14,692,3964.0,0.0,0.0,1,0,0,0,0,1,0,0,0,0,0
0,0.1375,102.17,8.862483576,2.38,642,3972.0,6.152732694704104,93.8,0,1,0,0,0,0,0,1,0,0,0
0,0.0933,127.82,10.81977828,4.0,702,995.9583333,8.77971129020447,80.0,3,0,0,0,1,0,0,0,0,0,0
0,0.1533,364.82,10.20359214,13.02,647,1109.0,9.076008659180891,87.4,0,0,0,0,0,0,1,0,0,0,0
0,0.0807,78.42,11.28978191,0.09,727,6678.0,1.9459101490553132,1.5,0,1,0,0,1,0,0,0,0,0,0
0,0.1533,364.82,10.59663473,11.76,647,1019.958333,9.41531995266272,66.3,2,0,0,0,0,0,1,0,0,0,0
0,0.1091,98.09,9.472704636,4.62,672,359.0,0.0,0.0,0,0,0,0,1,0,0,0,0,0,0
0,0.1375,170.29,9.903487553,0.0,647,1230.0,0.0,0.0,1,1,0,1,0,0,1,0,0,0,0
0,0.1059,156.23,9.652844328,0.0,682,1109.0,0.0,0.0,6,0,0,0,0,0,0,1,0,0,0
0,0.1091,163.48,10.46310334,1.2,677,599.9583333,5.860786223465865,31.8,2,0,0,1,0,0,1,0,0,0,0
0,0.1186,348.03,10.81977828,13.8,682,1440.0,9.848397586218168,77.9,5,0,0,0,0,0,1,0,0,0,0
0,0.1596,84.34,10.04324949,15.86,632,569.9583333,5.44673737166631,77.0,2,0,0,1,0,0,0,0,1,0,0
0,0.147,207.11,11.26446411,10.23,642,599.9583333,8.319717386850606,93.7,0,0,0,0,0,0,1,0,0,0,0
0,0.1249,167.24,12.10071213,21.35,692,6046.958333,12.313594324191996,30.5,0,0,0,0,0,1,0,0,0,0,0
0,0.1628,441.18,11.40756495,1.31,642,2550.0,8.259716961021523,56.7,2,2,0,0,0,0,1,0,0,0,0
0,0.1312,337.52,11.08214255,25.0,697,3047.0,10.890628097380375,57.3,0,0,0,0,0,1,0,0,0,0,0
0,0.1312,67.51,10.71441777,4.83,642,2489.958333,0.0,0.0,1,0,0,1,0,0,0,0,1,0,0
0,0.1754,472.38,11.08214255,23.78,657,6088.958333,10.230306199986291,57.8,0,2,0,0,0,1,0,0,0,0,0
0,0.1628,303.55,10.93310697,11.38,667,2520.0,9.129347212766652,98.1,4,2,0,0,0,0,1,0,0,0,0
0,0.1375,340.57,10.30895266,2.16,657,629.9583333,7.530479995245536,51.0,5,0,0,1,0,0,1,0,0,0,0
0,0.1122,131.38,10.16585182,10.85,677,291.9583333,3.258096538021482,2.5,4,0,0,1,1,0,0,0,0,0,0
0,0.0838,15.76,10.40426284,2.15,717,6359.0,8.149601735736155,18.6,10,0,0,0,1,0,0,0,0,0,0
0,0.1722,303.98,10.23995979,22.93,642,1800.0,8.985445287623167,89.5,4,0,0,0,0,0,1,0,0,0,0
0,0.1786,360.83,10.71441777,15.65,652,3964.958333,9.531336323457896,61.5,1,1,0,0,0,0,1,0,0,0,0
0,0.1501,151.69,11.08214255,5.48,642,1739.958333,8.513787398281405,73.8,6,0,1,1,0,0,0,1,0,0,0
0,0.1754,538.84,11.08214255,10.01,647,2368.958333,7.8119734296220225,94.5,0,0,0,1,1,0,0,0,0,0,0
0,0.1028,129.6,9.893437217,5.82,682,539.9583333,8.892473968347087,35.1,4,0,0,0,0,0,1,0,0,0,0
0,0.0933,131.01,9.680344001,2.7,702,391.0,5.87493073085203,59.2,0,0,0,0,1,0,0,0,0,0,0
0,0.1467,345.04,11.10194518,0.76,647,10859.95833,6.899723107284872,15.2,1,3,0,0,0,0,0,0,1,0,0
0,0.1754,183.21,10.19241884,13.44,627,419.0,7.937017489515454,71.4,0,0,0,1,0,1,0,0,0,0,0
0,0.1122,118.24,10.81977828,2.86,667,181.0,6.602587892189336,51.3,2,0,0,0,1,0,0,0,0,0,0
0,0.1312,40.51,11.07153262,3.77,642,4830.0,9.419952789006041,78.0,3,0,0,0,0,1,0,0,0,0,0
0,0.1786,184.02,11.00209984,5.3,617,720.0,8.374246182096304,95.4,4,0,0,1,0,0,1,0,0,0,0
0,0.0933,319.54,11.05089001,0.82,717,346.0,0.0,0.0,2,0,0,0,0,1,0,0,0,0,0
0,0.1596,421.65,11.28978191,4.61,647,299.9583333,5.8289456176102075,82.7,12,0,0,0,0,0,0,1,0,0,0
0,0.1375,166.88,10.68051622,3.01,647,1260.0,7.546446273746024,90.1,2,0,1,1,0,0,1,0,0,0,0
0,0.087,158.31,9.61580548,9.84,727,2220.0,8.56483984488359,31.6,4,0,0,1,1,0,0,0,0,0,0
0,0.1438,240.54,10.91508846,8.9,647,3000.0,8.592486175451668,66.9,3,0,0,0,0,0,0,1,0,0,0
0,0.1122,67.33,11.47210347,25.0,707,4202.958333,11.215772013616148,94.6,0,0,0,0,0,0,0,0,1,0,0
0,0.1407,82.11,10.54534144,18.51,652,4318.958333,8.574707097616844,83.0,0,1,0,1,0,0,0,1,0,0,0
0,0.1754,224.52,10.46310334,19.85,657,5460.0,9.77905747415795,58.7,9,0,0,1,0,0,1,0,0,0,0
0,0.1343,169.51,9.903487553,0.0,652,330.0,0.0,0.0,1,0,0,1,0,0,1,0,0,0,0
0,0.1722,305.77,11.00209984,8.84,642,720.0,8.52912176228151,79.0,4,0,0,1,0,0,0,0,0,0,1
0,0.1154,494.93,10.81977828,0.0,687,299.9583333,6.324358962381311,22.3,1,0,0,0,0,0,1,0,0,0,0
0,0.1533,98.39,10.30895266,21.28,652,1830.0,6.234410725718371,72.7,3,0,0,0,0,0,1,0,0,0,0
0,0.1407,191.59,9.61580548,2.0,642,238.9583333,6.748759547491679,77.5,5,0,0,1,0,0,0,0,1,0,0
0,0.1343,81.37,9.903487553,11.64,652,2819.958333,5.455321115357702,15.1,0,5,0,0,0,0,1,0,0,0,0
0,0.1312,141.76,9.210340372,10.68,652,390.0,7.987184748233473,58.8,6,0,0,0,1,0,0,0,0,0,0
0,0.1407,143.69,10.08580911,12.55,647,2220.0,0.0,0.0,9,0,0,1,1,0,0,0,0,0,0
0,0.1786,432.99,10.6046029,12.83,652,2878.958333,8.332789468417959,96.7,12,0,1,1,0,0,1,0,0,0,0
0,0.1122,173.25,11.15625052,25.78,722,4080.0,9.789478635924262,31.1,0,0,0,0,1,0,0,0,0,0,0
0,0.1786,158.77,11.73606902,25.77,662,7979.958333,11.133698116560984,96.2,0,1,1,0,0,0,1,0,0,0,0
0,0.1375,204.34,9.903487553,8.4,652,543.9583333,7.259819610363186,71.7,3,0,0,0,0,0,1,0,0,0,0
0,0.087,158.31,10.24065669,1.8,722,900.0,6.71901315438526,51.7,2,0,0,1,1,0,0,0,0,0,0
0,0.1467,316.58,10.49127422,0.33,692,360.0,4.919980925828125,1.1,8,0,0,1,1,0,0,0,0,0,0
0,0.1659,510.47,11.03488966,24.45,662,1260.0,9.66675204770245,74.5,4,0,0,0,1,0,0,0,0,0,0
0,0.1501,145.62,11.08214255,10.69,647,2969.0,8.015987811027237,9.8,10,1,0,0,1,0,0,0,0,0,0
0,0.1501,332.84,11.40756495,15.33,652,6418.958333,10.005999013489205,80.7,10,2,1,0,0,0,1,0,0,0,0
0,0.128,278.03,10.96819829,7.99,667,6210.0,7.742402021815782,32.9,4,2,0,0,1,0,0,0,0,0,0
0,0.1375,102.17,10.50506754,23.61,672,1049.958333,9.624038165010823,54.4,2,0,0,0,0,1,0,0,0,0,0
0,0.1754,290.97,10.89673933,9.98,642,3450.0,9.845116639209799,60.8,0,0,0,1,0,0,0,0,0,0,1
0,0.1375,170.29,9.903487553,0.6,642,1289.958333,4.356708826689592,11.0,18,1,0,0,0,0,1,0,0,0,0
0,0.1312,118.14,10.46310334,3.94,647,1739.958333,7.893945138235959,57.0,0,2,0,0,0,1,0,0,0,0,0
0,0.1059,162.73,10.30895266,1.8,682,420.0,6.721425700790643,21.8,2,0,0,0,0,0,0,1,0,0,0
0,0.1596,298.67,10.27505111,11.42,667,4050.0,8.263590432617319,71.8,8,0,1,1,0,0,1,0,0,0,0
0,0.1438,359.95,10.96819829,4.26,647,2009.958333,9.546884034617925,55.8,12,0,0,0,0,0,1,0,0,0,0
0,0.1754,376.29,10.34174248,22.37,642,4470.0,9.279306576440906,82.4,4,0,0,1,0,0,1,0,0,0,0
0,0.1059,265.25,11.85863349,6.7,687,6359.0,8.890272839380247,41.7,8,0,0,0,0,0,0,1,0,0,0
0,0.1533,870.68,12.01370075,13.35,687,6659.0,9.827631900232593,47.3,8,1,1,1,0,0,0,0,0,0,1
0,0.1407,205.27,10.49127422,0.0,647,5879.0,0.0,0.0,0,2,0,1,1,0,0,0,0,0,0
0,0.1438,149.48,9.852194258,13.45,642,1139.0,7.792761720816526,105.3,3,0,0,0,0,0,1,0,0,0,0
0,0.1312,168.76,9.729134165,5.36,652,299.9583333,7.818832443803404,82.9,0,0,0,1,1,0,0,0,0,0,0
0,0.0901,15.91,7.60090246,0.0,702,238.9583333,0.0,0.0,6,0,0,1,1,0,0,0,0,0,0
0,0.128,334.3,10.20359214,1.42,667,299.9583333,6.844815479208263,47.6,4,0,0,0,1,0,0,0,0,0,0
0,0.1154,131.99,9.825526011,1.3,667,2910.0,5.556828061699537,86.0,2,0,0,1,0,0,1,0,0,0,0
0,0.1438,768.01,12.30138283,14.5,692,7387.0,11.306282526671115,77.5,4,0,0,0,0,0,0,0,0,0,1
0,0.1628,423.55,10.77895629,11.53,652,900.0,9.317848579691468,77.5,6,0,0,1,0,1,0,0,0,0,0
0,0.1028,259.2,9.83091686,6.97,697,629.9583333,8.385032287813898,49.2,0,0,0,0,0,0,1,0,0,0,0
0,0.1122,131.38,9.574983486,1.67,672,1289.958333,4.31748811353631,37.0,4,0,0,0,1,0,0,0,0,0,0
0,0.1312,168.76,10.63585545,2.48,652,7528.958333,7.877397186353287,32.9,1,0,0,0,0,1,0,0,0,0,0
0,0.1438,359.95,11.22524339,13.07,657,2429.958333,10.032979547768882,39.7,1,0,0,0,0,0,1,0,0,0,0
0,0.1312,230.36,11.41861479,9.63,692,2489.958333,8.619388703730907,79.1,6,0,0,0,0,0,1,0,0,0,0
0,0.1154,659.91,13.33100224,2.33,692,4005.958333,0.0,0.0,5,0,0,1,0,0,0,0,0,0,1
0,0.1028,294.83,10.4341158,10.66,687,599.9583333,7.3277805384216315,27.7,12,0,0,1,0,0,0,0,1,0,0
0,0.1217,199.78,10.30895266,2.2,662,658.9583333,7.81156848934518,79.6,1,0,0,0,0,0,1,0,0,0,0
0,0.1122,131.38,10.40426284,15.27,672,2700.0,8.10892415597534,32.6,4,0,0,0,0,0,1,0,0,0,0
0,0.1438,123.71,10.35774282,18.51,642,3390.0,6.76849321164863,96.6,2,0,0,0,0,0,1,0,0,0,0
0,0.0964,320.99,9.998797732,18.55,722,540.0,4.1588830833596715,4.2,2,0,0,0,0,0,0,0,1,0,0
0,0.1628,99.71,11.00209984,4.22,622,479.0,7.856319571406588,64.5,10,0,0,0,0,0,1,0,0,0,0
0,0.1186,23.21,10.0604913,11.33,657,2879.958333,8.40737832540903,101.8,1,0,0,1,0,0,1,0,0,0,0
0,0.1217,299.67,9.998797732,3.27,667,708.9583333,0.0,0.0,1,0,0,0,0,0,0,1,0,0,0
0,0.1501,346.71,10.34174248,23.34,667,2190.0,8.096817470572319,63.1,7,0,0,0,0,0,0,0,0,0,1
0,0.1754,500.22,10.71441777,23.65,652,2670.0,11.31076032004121,92.9,0,0,0,0,0,0,1,0,0,0,0
0,0.1407,171.06,9.472704636,13.38,642,810.0,8.684231891345675,34.8,2,0,0,0,0,0,0,1,0,0,0
0,0.1754,705.87,10.71441777,25.63,667,2670.0,10.476188780020186,86.7,19,0,0,0,0,0,1,0,0,0,0
0,0.1249,836.23,11.31447453,15.13,702,11430.0,10.675977195655216,53.8,4,0,0,1,0,0,0,0,0,0,1
0,0.1596,878.44,11.56171563,26.55,707,6630.0,11.26707607612038,90.0,0,0,0,0,0,0,0,0,0,0,1
0,0.1438,359.95,11.24504602,9.98,642,4679.958333,9.675268643355135,101.4,6,0,0,1,0,1,0,0,0,0,0
0,0.0933,287.59,9.61580548,13.36,717,3268.958333,7.859026979751538,103.5,0,0,0,1,1,0,0,0,0,0,0
0,0.1028,162.0,11.15625052,0.26,687,344.9583333,7.064759027791802,48.7,0,0,0,0,0,0,1,0,0,0,0
0,0.1438,227.66,10.71441777,15.63,642,2099.958333,8.62622695244036,66.4,0,1,0,1,0,0,1,0,0,0,0
0,0.1249,468.29,11.21182037,20.68,682,4349.958333,8.988446040062405,74.2,4,0,1,0,0,1,0,0,0,0,0
0,0.1154,98.99,11.22524339,18.26,672,2670.0,7.2399325913204695,43.5,7,0,0,0,1,0,0,0,0,0,0
0,0.1628,59.12,11.38509209,26.52,652,3959.958333,10.857363044737554,88.5,0,0,0,1,0,0,0,0,1,0,0
0,0.1343,186.46,10.49127422,16.03,652,2159.958333,8.049746290952191,97.9,4,0,0,0,0,0,1,0,0,0,0
0,0.1154,164.98,10.62132735,10.36,672,6839.958333,9.635738817791797,46.8,7,1,0,0,1,0,0,0,0,0,0
0,0.1596,337.32,11.09741002,23.27,657,7593.958333,10.140494560509492,91.6,1,0,0,0,0,0,1,0,0,0,0
0,0.0933,178.94,11.46163217,0.13,702,210.0,5.793013608384144,21.8,1,0,0,0,0,0,0,0,0,0,1
0,0.1028,181.44,8.517193191,0.0,682,238.9583333,0.0,0.0,3,0,0,1,1,0,0,0,0,0,0
0,0.1438,240.54,10.30895266,4.04,642,450.0,7.735870319952567,53.2,2,0,0,1,0,0,1,0,0,0,0
0,0.1122,246.33,9.903487553,5.46,677,1260.0,8.368925174747135,50.7,7,0,0,1,0,0,1,0,0,0,0
0,0.1122,82.11,10.30895266,0.4,672,1590.0,5.1647859739235145,9.2,7,1,0,0,0,0,0,1,0,0,0
0,0.1438,274.9,10.98529272,23.86,677,7258.958333,9.568154666608342,60.2,4,0,0,1,0,1,0,0,0,0,0
0,0.1407,136.0,10.73639668,13.51,642,1708.958333,8.302513718514158,53.1,8,0,0,0,0,0,1,0,0,0,0
0,0.0964,192.6,11.60823564,15.49,707,5280.0,10.433703954094051,85.0,11,0,0,0,0,0,1,0,0,0,0
0,0.1249,16.73,9.798127037,19.2,657,5130.0,9.13043098874788,44.0,1,4,0,0,0,1,0,0,0,0,0
0,0.1565,293.87,10.49127422,21.5,642,1830.0,8.26796230533871,34.2,3,0,0,1,1,0,0,0,0,0,0
0,0.128,67.2,9.903487553,2.58,652,1830.0,7.024649030453636,23.1,4,2,0,1,0,0,1,0,0,0,0
0,0.128,335.98,10.93596004,5.04,662,1049.958333,9.37305428246393,72.6,0,0,0,1,0,0,1,0,0,0,0
0,0.1407,239.49,10.6974208,14.92,652,3720.0,0.0,0.0,1,2,0,0,1,0,0,0,0,0,0
0,0.0964,385.19,10.37349118,1.99,707,2310.0,8.749415406663651,36.7,7,0,0,1,0,0,0,0,1,0,0
0,0.147,621.34,11.69524702,26.25,697,5909.0,11.781424718005235,89.4,3,0,0,0,0,0,1,0,0,0,0
0,0.1407,29.08,10.23995979,21.26,642,2339.0,9.580523665939708,78.3,2,0,0,0,1,0,0,0,0,0,0
0,0.1091,326.97,11.22524339,8.0,677,2189.958333,7.065613363597717,49.1,8,0,1,1,0,0,1,0,0,0,0
0,0.1375,272.46,9.903487553,13.2,652,1110.0,8.70201162840878,72.5,3,0,0,0,0,0,1,0,0,0,0
0,0.128,161.27,11.04292184,12.61,652,2609.0,9.128370809108931,56.9,0,3,0,0,0,0,1,0,0,0,0
0,0.1312,202.52,11.00209984,1.02,652,539.0,7.192182058713246,41.5,3,0,0,0,1,0,0,0,0,0,0
0,0.147,324.48,11.17043516,21.58,657,2984.0,7.597396320212795,18.3,3,6,0,0,0,0,1,0,0,0,0
0,0.1407,855.3,12.04355372,20.2,687,5774.0,12.287468283734167,45.4,4,0,0,0,0,0,0,0,0,0,1
0,0.1375,170.29,9.680344001,9.45,642,841.0,8.404696160189092,93.1,0,0,0,0,0,0,1,0,0,0,0
0,0.0933,319.54,11.2515607,16.29,717,3480.0,1.0986122886681098,0.1,16,0,0,0,0,0,0,1,0,0,0
0,0.1407,51.32,9.341368634,22.95,642,329.9583333,7.091742115095153,75.1,3,0,0,1,1,0,0,0,0,0,0
0,0.1786,88.41,10.91508846,9.62,612,1230.0,7.0825485693553,119.0,15,0,0,0,0,0,1,0,0,0,0
0,0.1375,81.74,10.99373159,18.51,647,7110.0,9.994241915804592,69.1,4,2,0,0,1,0,0,0,0,0,0
0,0.128,167.99,11.51292546,9.98,652,2519.958333,10.602591953570201,63.2,10,0,0,0,0,0,0,0,0,0,1
0,0.1343,169.51,11.49272276,12.53,647,2849.958333,9.166283985779263,97.1,1,0,3,0,0,1,0,0,0,0,0
0,0.1375,170.29,10.20507253,1.6,642,450.0416667,7.0925737159746784,92.5,1,0,0,0,1,0,0,0,0,0,0
0,0.128,167.99,9.903487553,19.02,662,959.0,0.0,0.0,1,0,0,0,0,0,0,0,0,0,1
0,0.1628,882.39,11.69524702,19.02,667,6390.041667,11.709478604010908,60.0,5,0,0,1,0,0,1,0,0,0,0
0,0.1312,168.76,9.61580548,8.72,647,1530.041667,8.55333223803211,46.3,1,1,0,1,0,0,1,0,0,0,0
0,0.1596,489.29,11.08214255,21.93,657,6030.041667,5.541263545158426,36.3,6,1,0,1,0,0,0,0,0,0,1
0,0.1343,508.53,10.91508846,19.44,672,4860.041667,9.678717679477334,31.6,8,3,0,1,0,0,0,0,0,0,1
0,0.1343,162.73,11.12726298,12.11,647,5489.0,9.008835995765454,76.7,12,0,1,0,1,0,0,0,0,0,0
0,0.1091,326.97,10.66895539,4.19,682,630.0,4.07753744390572,7.2,1,0,0,1,0,0,0,1,0,0,0
0,0.0996,386.99,10.71441777,2.48,707,2981.041667,7.285506548522785,11.0,4,0,0,0,1,0,0,0,0,0,0
0,0.1438,206.18,9.969275293,18.93,642,570.0416667,7.244941546337007,16.9,7,0,0,0,0,0,1,0,0,0,0
0,0.1438,227.66,10.71441777,18.32,647,1140.041667,8.75904072752422,80.6,0,0,0,0,1,0,0,0,0,0,0
0,0.1533,487.59,11.23848862,9.49,652,2789.0,9.685082755569091,80.4,1,1,0,1,1,0,0,0,0,0,0
0,0.1501,336.31,11.03488966,17.03,642,9390.0,9.666561963748133,20.2,4,3,0,0,0,1,0,0,0,0,0
0,0.128,201.59,9.392661929,3.0,657,479.0416667,6.785587645007929,55.2,1,0,0,0,0,0,0,1,0,0,0
0,0.1501,520.06,10.50506754,4.64,657,7589.0,8.461257559085935,89.2,2,0,0,0,0,0,0,0,0,0,1
0,0.1217,233.07,10.66895539,11.58,662,6221.0,7.929846429742503,99.2,6,0,0,0,0,0,1,0,0,0,0
0,0.1154,19.8,8.517193191,4.8,662,750.0416667,5.43372200355424,19.0,3,0,0,0,1,0,0,0,0,0,0
0,0.1659,35.45,9.560997244,27.55,647,2819.0,8.909370405197466,77.1,3,0,0,1,0,0,1,0,0,0,0
0,0.1438,30.93,10.27505111,3.1,632,420.0416667,6.905753276311464,7.3,4,0,0,1,1,0,0,0,0,0,0
0,0.1122,164.22,11.35040654,7.4,672,3360.041667,7.899524472032198,29.9,8,0,0,1,0,0,1,0,0,0,0
0,0.0996,257.99,9.903487553,1.5,697,479.0416667,5.883322388488279,6.0,1,0,0,0,0,0,1,0,0,0,0
0,0.1438,137.45,9.61580548,16.32,647,1049.0,8.381373468273702,101.5,5,0,0,1,0,1,0,0,0,0,0
0,0.1722,357.63,12.07254125,26.13,657,4949.041667,11.147757413626602,78.6,2,0,0,0,0,0,1,0,0,0,0
0,0.128,161.27,10.02127059,10.29,652,3180.0,8.531293315795018,72.4,3,1,0,0,0,0,1,0,0,0,0
0,0.1375,286.08,10.4341158,14.29,652,990.0,8.344505083590521,75.1,1,0,0,0,0,0,1,0,0,0,0
0,0.1438,359.95,10.89673933,4.33,642,4529.041667,9.99720555640988,83.5,4,0,0,1,0,0,1,0,0,0,0
0,0.1312,843.8,12.4292162,25.03,762,8460.041667,12.904063078585034,20.7,1,0,0,1,0,0,0,0,0,0,1
0,0.087,177.3,9.071078305,17.52,727,4351.0,9.150590367570409,26.5,1,0,0,0,1,0,0,0,0,0,0
0,0.1438,412.35,11.51292546,11.4,647,7350.041667,10.528570002181944,66.5,15,0,0,0,0,0,0,0,0,0,1
0,0.1059,624.87,10.49127422,0.33,712,300.0,4.499809670330265,1.6,0,0,0,1,0,0,1,0,0,0,0
0,0.0996,51.6,9.798127037,10.33,682,2910.0,8.801920904041582,100.7,1,0,0,1,1,0,0,0,0,0,0
0,0.1059,130.18,11.05089001,17.89,682,5279.041667,9.959631563154169,96.2,8,0,1,0,1,0,0,0,0,0,0
0,0.0838,189.08,10.81977828,4.51,727,600.0,6.507277712385012,7.0,0,0,0,0,0,1,0,0,0,0,0
0,0.1059,650.9,11.53272809,2.55,707,1590.041667,9.071423072789514,51.7,11,0,0,0,0,0,0,0,0,0,1
0,0.1091,404.62,11.28978191,8.21,687,299.0,6.542471960506805,53.3,1,0,0,0,1,0,0,0,0,0,0
0,0.1059,325.45,10.83958091,0.54,687,397.0416667,6.558197802812269,44.0,4,0,0,0,0,0,1,0,0,0,0
0,0.1438,294.66,10.91508846,12.87,642,3242.0,8.471568013389962,27.9,13,0,0,0,1,0,0,0,0,0,0
0,0.1375,340.57,11.74878779,1.95,657,5100.0,8.74814616962193,86.3,2,3,0,0,1,0,0,0,0,0,0
0,0.1438,247.41,10.87804719,15.65,647,2040.041667,9.375600540841843,74.7,20,0,0,1,0,0,0,0,0,1,0
0,0.1375,170.29,10.46310334,1.37,642,212.0416667,7.343426229147367,61.8,6,0,0,0,1,0,0,0,0,0,0
0,0.1249,50.18,9.655026193,14.23,652,1230.041667,8.750366278367625,60.7,4,0,0,0,0,0,1,0,0,0,0
0,0.1186,232.04,11.1844214,9.18,667,4110.041667,0.0,0.0,18,0,0,0,0,0,0,0,0,1,0
0,0.1786,557.48,11.8493977,24.04,652,6239.041667,11.766411977012755,89.6,2,0,0,1,0,0,1,0,0,0,0
0,0.1217,59.94,10.6454249,1.71,657,3150.041667,0.0,0.0,2,0,0,1,0,0,1,0,0,0,0
0,0.1059,162.73,11.1519556,13.31,687,7950.0,8.6164953924901,55.8,5,0,1,1,0,0,1,0,0,0,0
0,0.1659,531.74,10.61643736,20.53,652,2880.0,7.455298485683291,57.6,8,0,0,0,0,0,1,0,0,0,0
0,0.0964,770.37,11.09741002,0.0,742,1620.041667,0.0,0.0,9,0,0,0,0,0,0,0,0,0,1
0,0.128,503.97,11.00209984,22.44,687,4859.041667,3.1780538303479458,1.3,5,2,0,1,0,0,0,0,0,0,1
0,0.1059,325.45,10.1266311,10.22,687,2729.041667,8.787678239039497,95.0,4,0,0,0,0,0,1,0,0,0,0
0,0.1343,142.39,10.30895266,13.16,647,3660.0,7.675081857716334,86.1,3,0,0,0,0,0,1,0,0,0,0
0,0.087,158.31,10.20359214,0.93,717,300.0,5.062595033026967,5.4,1,0,0,0,0,0,0,0,0,1,0
0,0.1249,80.28,10.63055295,20.56,662,2070.0,9.838949031398556,83.0,5,0,0,1,0,0,0,0,1,0,0
0,0.1438,359.95,10.82774645,6.69,647,12150.04167,9.225819942824568,35.0,1,2,0,0,0,0,1,0,0,0,0
0,0.1501,866.76,12.1281111,24.59,697,6510.0,12.41262735978766,84.5,7,0,0,1,0,0,1,0,0,0,0
0,0.1565,349.85,11.1844214,28.4,692,4470.041667,11.004347313744717,53.0,5,0,1,1,0,0,0,0,0,0,1
0,0.1312,438.78,11.65442503,10.33,662,660.0,0.0,0.0,4,0,0,0,0,0,1,0,0,0,0
0,0.147,138.08,10.22557105,22.61,642,1320.041667,8.130353547431238,97.0,0,0,0,0,1,0,0,0,0,0,0
0,0.1028,155.52,10.30895266,8.96,682,719.0,8.83840674707681,15.4,27,0,0,0,0,0,0,0,0,0,1
0,0.0743,93.23,9.574983486,0.0,757,300.0,0.0,0.0,0,0,0,1,1,0,0,0,0,0,0
0,0.1091,163.49,12.48370438,8.3,677,7080.041667,7.627544390488503,2.6,25,0,0,1,1,0,0,0,0,0,0
0,0.1059,781.08,12.01370075,18.76,732,8310.0,11.309805104861486,32.7,4,1,0,0,0,0,1,0,0,0,0
0,0.128,302.38,9.929788627,26.88,742,3960.0,9.783689989080532,68.2,0,0,0,0,0,0,1,0,0,0,0
0,0.1628,352.96,10.1266311,5.09,652,3659.0,9.588434283288215,97.9,0,0,0,1,0,0,0,0,0,0,1
0,0.147,276.15,10.83565163,19.13,647,240.0416667,5.66988092298052,28.9,15,0,0,1,0,0,0,0,1,0,0
0,0.1722,286.1,10.49127422,23.47,657,4757.0,9.223355309053677,45.6,2,1,0,0,0,0,1,0,0,0,0
0,0.1375,102.17,10.59663473,16.71,642,1799.0,9.119977931895791,76.8,28,0,0,0,0,0,1,0,0,0,0
0,0.1407,400.28,10.55205569,11.26,652,990.0,9.100971834920818,99.6,2,0,0,0,0,0,1,0,0,0,0
0,0.1596,505.98,11.26446411,13.78,652,3990.0,9.204624064980074,87.2,2,2,0,0,0,0,1,0,0,0,0
0,0.1186,33.15,10.6454249,3.42,657,3180.0,0.0,0.0,2,0,0,1,0,0,0,0,0,1,0
0,0.1059,325.45,11.2515607,16.54,692,4889.041667,9.845805472195043,40.3,5,0,0,1,0,0,1,0,0,0,0
0,0.1091,408.71,10.49127422,12.27,692,1770.0,9.426741242423,53.3,4,0,0,1,0,0,1,0,0,0,0
0,0.1533,313.45,10.59663473,21.9,652,6180.0,9.474702639106347,28.4,3,0,0,0,0,0,1,0,0,0,0
0,0.1628,282.37,10.18111929,25.0,662,2010.041667,9.078978053779355,71.9,3,0,0,1,0,0,1,0,0,0,0
0,0.1375,851.41,12.67607627,22.68,732,8490.041667,12.918519876135115,20.8,0,0,0,1,0,0,0,0,0,0,1
0,0.1249,485.01,10.59663473,0.45,667,810.0416667,5.820082930352362,33.6,1,0,0,0,0,0,1,0,0,0,0
0,0.1438,675.23,11.31447453,21.03,672,5160.041667,10.86507664503757,83.7,11,1,1,0,0,0,1,0,0,0,0
0,0.1217,99.89,10.21200113,14.85,662,2820.0,0.0,0.0,31,0,1,0,1,0,0,0,0,0,0
0,0.0901,318.05,10.08580911,5.0,722,2009.041667,8.455104999102815,27.6,4,0,0,0,1,0,0,0,0,0,0
0,0.128,167.99,10.77895629,27.6,712,5580.041667,9.711963784977375,30.9,6,1,0,1,1,0,0,0,0,0,0
0,0.1533,383.1,10.30895266,18.52,647,1110.0,8.299534570332597,72.3,3,0,0,1,0,0,1,0,0,0,0
0,0.1343,339.02,11.40529571,4.78,657,3720.041667,8.916774356365426,93.2,1,2,0,0,0,0,1,0,0,0,0
0,0.1059,390.54,10.67359577,6.36,687,517.0416667,6.975413927455952,42.8,1,0,0,0,0,0,1,0,0,0,0
0,0.1438,97.08,10.59663473,28.68,692,4709.0,9.966039727193092,78.0,1,0,0,0,0,1,0,0,0,0,0
0,0.1407,20.53,10.34817337,20.54,642,2369.041667,9.593628035139645,79.3,3,0,0,0,1,0,0,0,0,0,0
0,0.0996,806.22,11.36210258,0.0,727,3150.041667,0.0,0.0,6,1,0,0,0,0,0,0,0,0,1
0,0.0964,188.58,9.798127037,16.13,707,502.0416667,6.1463292576688975,46.6,0,0,0,1,0,0,1,0,0,0,0
0,0.1186,198.89,10.51867319,4.54,667,930.0416667,8.73761303680885,60.5,0,0,0,0,1,0,0,0,0,0,0
0,0.1122,328.43,10.6454249,0.94,697,390.0,5.19295685089021,17.9,3,0,0,1,0,0,0,0,0,0,1
0,0.0996,25.8,8.699514748,0.0,682,480.0416667,0.0,0.0,1,0,0,0,0,0,1,0,0,0,0
0,0.1565,524.77,11.1844214,8.73,652,4229.041667,8.069029328774958,59.1,3,2,0,1,1,0,0,0,0,0,0
0,0.128,100.8,10.77895629,5.2,647,1200.041667,9.35772535888924,67.0,11,0,0,0,0,0,0,0,1,0,0
0,0.1786,72.17,10.70099475,28.73,647,4709.0,8.712266432135355,79.9,6,1,0,0,0,0,1,0,0,0,0
0,0.128,503.97,12.52815614,17.87,672,6989.041667,12.527887992807752,84.8,0,1,0,0,0,0,1,0,0,0,0
0,0.1312,337.52,12.52815614,20.06,672,6989.041667,12.527887992807752,84.8,0,1,0,0,0,0,1,0,0,0,0
0,0.1028,518.39,11.28978191,0.62,712,630.0,7.3395376954076745,10.3,1,0,0,0,0,0,0,0,0,1,0
0,0.1059,78.11,10.03240833,5.7,672,3150.041667,8.192570471152173,103.2,1,1,0,0,1,0,0,0,0,0,0
0,0.128,100.8,11.22524339,3.42,647,3330.0,5.6937321388027,74.0,3,0,1,0,1,0,0,0,0,0,0
0,0.1091,326.97,10.26813067,2.46,682,2609.041667,7.600902459542082,99.9,3,0,0,0,1,0,0,0,0,0,0
0,0.1438,412.35,11.30958454,19.49,657,2340.041667,8.554874258383926,48.1,14,0,0,1,0,0,1,0,0,0,0
0,0.1565,524.77,10.858999,11.54,652,1920.041667,9.169934957341145,96.5,5,0,0,0,0,0,1,0,0,0,0
0,0.1059,237.58,11.08214255,12.54,682,2370.041667,7.221105098182496,6.9,9,0,0,1,0,0,1,0,0,0,0
0,0.1438,46.39,11.00209984,21.34,642,5880.0,10.136779434902152,53.1,24,0,0,0,1,0,0,0,0,0,0
0,0.1122,591.18,12.27373129,11.61,692,1470.0,6.826545223556594,14.6,16,0,0,0,0,0,0,0,0,0,1
0,0.1091,19.62,9.61580548,11.68,692,480.0416667,6.091309882077698,73.5,0,0,0,0,1,0,0,0,0,0,0
0,0.1154,49.5,8.987196821,11.1,662,1049.0,0.0,0.0,2,0,0,0,0,0,0,1,0,0,0
0,0.0996,515.98,11.28978191,16.29,717,2640.041667,10.243382496434844,32.8,7,0,0,0,0,1,0,0,0,0,0
0,0.0933,31.96,9.878169745,0.92,692,360.0,5.8944028342648505,25.9,0,0,0,0,0,0,0,1,0,0,0
0,0.1312,270.02,10.18111929,11.32,657,1410.0,8.273846932784508,37.7,15,0,0,0,0,0,1,0,0,0,0
0,0.1059,390.54,12.27373129,11.78,692,1470.0,6.826545223556594,14.6,16,0,0,0,0,1,0,0,0,0,0
0,0.1786,902.06,12.76568843,17.64,657,4230.041667,10.710588223171918,80.4,14,0,0,1,0,0,0,0,1,0,0
0,0.1438,515.44,10.49127422,26.53,697,2310.041667,9.529884417576708,75.2,5,0,0,0,0,0,1,0,0,0,0
0,0.147,276.15,10.87426647,18.52,647,3699.0,9.92250555837189,67.9,2,0,0,0,0,0,1,0,0,0,0
0,0.1375,495.52,11.33857208,19.1,662,6660.041667,10.192830744564542,102.7,3,0,0,0,0,0,0,1,0,0,0
0,0.1754,748.08,11.14186178,14.71,652,5099.0,8.448700194970938,55.6,2,1,0,1,0,0,0,0,0,0,1
0,0.1343,27.13,10.16585182,0.0,637,540.0416667,0.0,0.0,2,0,0,1,1,0,0,0,0,0,0
0,0.1501,277.37,10.91508846,28.43,697,4079.041667,10.546866590861953,96.8,3,0,0,0,0,0,1,0,0,0,0
0,0.1659,106.35,9.392661929,17.1,632,1199.041667,8.934323331054905,97.3,0,0,0,1,1,0,0,0,0,0,0
0,0.1122,472.94,11.40756495,15.0,687,1950.041667,9.325542301664866,72.4,4,0,0,0,0,1,0,0,0,0,0
0,0.1565,349.85,10.18111929,29.41,692,3450.041667,9.26539657772426,56.8,2,0,0,0,0,0,1,0,0,0,0
0,0.1312,202.52,11.55214618,6.95,652,3510.041667,7.081708586105575,79.3,0,0,0,0,1,0,0,0,0,0,0
0,0.1122,229.91,11.58988651,21.97,692,6629.041667,8.889997357284841,42.7,7,0,0,1,1,0,0,0,0,0,0
0,0.1154,527.93,12.03171926,6.23,682,5250.041667,9.690418086793393,78.1,4,0,0,1,1,0,0,0,0,0,0
0,0.1407,342.12,10.7381343,25.91,697,3839.041667,9.585689856179723,52.0,3,0,0,0,1,0,0,0,0,0,0
0,0.1628,564.73,10.91871823,7.96,652,3929.0,9.51892740510786,70.9,3,0,0,0,0,0,1,0,0,0,0
0,0.1249,83.63,11.46163217,16.19,657,5070.0,9.682092471756036,64.6,5,0,0,0,1,0,0,0,0,0,0
0,0.0996,54.02,8.881836305,17.33,687,540.0416667,7.8119734296220225,29.7,1,0,0,1,1,0,0,0,0,0,0
0,0.1312,810.05,11.00209984,25.08,757,9182.041667,10.886726400141653,50.8,0,0,0,0,0,0,0,0,0,0,1
0,0.0901,254.44,10.77895629,8.3,717,870.0416667,0.0,0.0,1,0,0,0,1,0,0,0,0,0,0
0,0.1501,495.79,10.30895266,12.76,657,3270.0,8.670943791222156,64.1,1,0,0,1,0,0,0,1,0,0,0
0,0.0964,240.74,11.1844214,15.72,712,4950.041667,8.279950715722526,43.8,4,0,0,1,0,0,0,0,0,0,1
0,0.1691,154.9,10.37349118,27.15,652,3450.041667,7.607381425639791,100.6,0,0,0,0,0,0,1,0,0,0,0
0,0.1343,508.53,11.00209984,2.16,662,3360.041667,8.097730573664219,84.3,6,0,0,1,0,0,1,0,0,0,0
0,0.1501,350.17,10.55581274,21.81,657,3180.041667,8.974364841846596,75.2,3,0,0,1,0,0,1,0,0,0,0
0,0.1438,254.29,10.49127422,26.08,682,3180.041667,5.3230099791384085,4.6,11,0,0,1,0,0,1,0,0,0,0
0,0.1122,246.33,10.37098805,6.62,677,452.0416667,0.0,0.0,0,0,0,0,0,1,0,0,0,0,0
0,0.1722,661.61,10.54534144,9.76,642,3690.0,9.074749717669835,38.1,0,0,0,0,0,0,1,0,0,0,0
0,0.1059,325.45,10.81977828,13.9,697,6090.041667,8.32263709695394,11.6,5,0,0,1,0,0,0,0,0,0,1
0,0.087,316.61,10.49127422,0.6,727,570.0416667,6.391917113392602,29.8,0,0,0,0,0,0,0,0,0,0,1
0,0.1741,622.13,10.81977828,16.92,647,5490.0,8.454040376410969,28.8,8,0,1,1,0,0,1,0,0,0,0
0,0.1425,274.4,10.91508846,15.53,652,8699.0,9.876013575535373,51.1,0,2,0,1,0,0,0,0,1,0,0
0,0.1709,24.99,9.942708266,28.42,662,1208.041667,7.538494999413465,22.6,3,0,0,0,1,0,0,0,0,0,0
0,0.1362,81.59,10.77058804,15.53,647,1470.0,7.1180162044653335,35.2,1,0,0,0,0,0,1,0,0,0,0
0,0.0838,315.12,10.5865844,5.67,737,2925.0,8.422003004412488,18.9,4,0,0,0,0,0,1,0,0,0,0
0,0.0983,160.94,10.71441777,0.67,702,2977.0,5.8289456176102075,11.7,6,0,0,0,1,0,0,0,0,0,0
0,0.1078,163.18,10.18111929,13.55,687,4109.041667,10.598932092144757,33.2,0,0,0,0,0,0,0,0,0,1,0
0,0.1109,688.41,12.30138283,21.28,747,8730.0,12.509139512775626,25.3,5,0,0,0,0,0,0,0,1,0,0
0,0.1141,55.17,9.743788174,21.75,687,360.0,8.682538124003075,42.1,3,0,0,0,1,0,0,0,0,0,0
0,0.152,443.24,10.41774727,17.08,657,5280.041667,9.469005495357472,83.0,1,0,1,0,0,0,1,0,0,0,0
0,0.1583,286.73,10.51867319,22.25,647,4440.0,5.6240175061873385,92.0,6,0,1,0,0,0,1,0,0,0,0
0,0.133,253.79,10.30895266,14.08,662,1960.041667,0.0,0.0,7,0,0,1,0,0,0,1,0,0,0
0,0.1172,35.57,8.9226583,19.2,672,1200.041667,8.550434525196039,84.1,4,0,0,0,1,0,0,0,0,0,0
0,0.1362,56.09,11.12726298,5.61,682,1470.0,7.751475318021456,14.0,18,0,0,1,1,0,0,0,0,0,0
0,0.1204,232.64,11.05089001,14.55,672,4290.0,8.879193928110318,34.4,4,0,0,1,0,1,0,0,0,0,0
0,0.1078,244.76,11.09741002,5.13,687,3119.041667,9.402942238177694,21.0,5,0,0,1,0,0,0,0,1,0,0
0,0.1393,187.8,10.4341158,19.34,657,2789.041667,8.09162741160107,46.0,6,0,0,0,0,0,1,0,0,0,0
0,0.1362,163.17,11.00209984,21.03,662,6600.0,9.68911789777328,81.8,13,0,1,0,0,0,1,0,0,0,0
0,0.1109,65.57,10.59663473,9.98,672,390.0,0.0,0.0,0,0,0,0,0,0,1,0,0,0,0
0,0.133,169.2,10.34174248,16.88,657,5129.0,7.709756864454165,51.8,1,7,0,0,0,0,1,0,0,0,0
0,0.133,406.07,11.28978191,8.64,662,991.0416667,9.65739517984351,73.4,1,0,0,0,0,0,1,0,0,0,0
0,0.1078,326.35,10.36501788,13.01,702,3629.0,7.738488122494646,22.9,5,0,0,1,1,0,0,0,0,0,0
0,0.133,406.07,10.49127422,12.77,662,2430.041667,9.0455836463617,19.1,4,2,0,0,0,0,1,0,0,0,0
0,0.1457,248.08,11.29476946,26.49,692,5160.0,9.849242537683732,55.2,6,0,1,0,1,0,0,0,0,0,0
0,0.1299,16.85,10.19913779,10.0,652,1890.0,5.209486152841421,60.7,6,0,0,0,1,0,0,0,0,0,0
0,0.133,406.07,10.70324447,20.14,677,5100.0,9.794843875419385,64.5,6,0,0,1,0,1,0,0,0,0,0
0,0.1488,471.52,11.09741002,22.16,662,6840.041667,10.077566902136047,62.8,6,0,0,1,0,0,1,0,0,0,0
0,0.0983,482.82,11.09741002,9.38,732,960.0416667,6.499787040655854,1.6,2,0,0,0,0,0,0,0,0,1,0
0,0.1141,148.2,10.30895266,13.88,677,3059.041667,6.739336627357174,46.9,9,0,0,0,0,0,1,0,0,0,0
0,0.0983,193.13,9.729134165,7.07,702,780.0,0.0,0.0,6,0,0,0,0,0,0,0,0,1,0
0,0.1583,701.47,11.15625052,13.94,672,4050.0,9.336708670790989,103.1,6,0,0,1,0,0,1,0,0,0,0
0,0.1425,82.32,11.00967111,22.93,652,6090.041667,10.134757991061946,93.0,0,0,0,0,0,1,0,0,0,0,0
0,0.1014,355.67,10.6454249,12.94,712,1470.0,10.724214072342495,25.8,0,0,0,1,0,0,1,0,0,0,0
0,0.133,81.22,10.08580911,11.35,652,2460.041667,8.520587424484253,27.7,5,0,0,0,0,0,1,0,0,0,0
0,0.133,67.68,9.887358171,23.6,677,1560.041667,6.175867270105761,96.0,5,0,0,0,1,0,0,0,0,0,0
0,0.1141,65.87,8.411832676,4.0,667,330.0,5.811140992976701,37.0,4,0,0,0,0,0,0,1,0,0,0
0,0.1236,200.32,11.05089001,14.51,667,2880.0,9.434203664214742,34.7,5,0,0,1,0,1,0,0,0,0,0
0,0.1046,324.84,11.33857208,16.67,722,4458.0,8.80597465931132,32.6,4,0,0,0,0,0,1,0,0,0,0
0,0.1615,450.96,10.89673933,20.2,657,3390.041667,9.826174449433458,72.6,0,0,0,0,0,0,1,0,0,0,0
0,0.1172,793.94,11.8493977,8.39,707,5280.041667,9.698859035219632,80.7,8,0,0,1,0,0,0,0,0,0,1
0,0.1804,682.76,11.69524702,19.33,647,5160.0,8.536014945656826,71.7,3,1,0,1,0,0,0,0,0,0,1
0,0.1299,134.76,11.39611071,6.78,657,7020.041667,0.0,0.0,0,2,0,0,0,1,0,0,0,0,0
0,0.133,203.04,10.59663473,5.13,657,3179.041667,4.330733340286331,37.5,8,0,0,1,0,0,1,0,0,0,0
0,0.1646,106.16,11.00209984,28.16,672,6480.041667,8.967886572127473,25.8,4,1,0,0,1,0,0,0,0,0,0
0,0.1046,68.22,10.43998092,10.04,682,720.0,7.526717561352706,26.5,0,0,0,0,1,0,0,0,0,0,0
0,0.1078,815.87,11.36210258,0.75,717,3181.041667,7.908019444632471,19.3,8,1,0,0,0,0,0,0,0,0,1
0,0.1109,458.94,11.3009691,15.63,702,3629.0,10.660078905652608,2.6,4,0,0,0,0,0,1,0,0,0,0
0,0.152,208.59,10.49127422,18.53,642,3270.0,8.849513965486398,76.6,4,1,0,1,0,0,1,0,0,0,0
0,0.0951,372.44,9.903487553,14.58,737,6900.0,9.915712522158698,50.1,1,0,0,1,0,0,1,0,0,0,0
0,0.1615,233.41,10.39476332,29.07,687,1471.0,9.259511415982631,51.7,1,0,0,0,0,0,1,0,0,0,0
0,0.1141,98.8,9.472704636,10.43,672,959.0416667,6.163314804034641,11.8,0,0,0,0,1,0,0,0,0,0,0
0,0.1299,505.34,11.40756495,10.24,672,2250.0,8.333991247194975,68.4,14,0,1,1,0,0,0,0,0,0,1
0,0.1646,265.39,10.71441777,23.04,652,4169.041667,8.866722667194098,89.8,0,1,0,0,0,1,0,0,0,0,0
0,0.1425,171.5,11.05089001,17.22,647,4199.041667,7.761319180947987,24.7,1,1,0,1,0,0,0,1,0,0,0
0,0.1488,207.64,10.62132735,15.75,642,2279.041667,9.362116806941977,73.7,4,1,0,0,0,0,1,0,0,0,0
0,0.1615,704.63,11.1124479,21.83,667,5220.041667,10.413192548633416,90.7,4,0,1,1,0,0,1,0,0,0,0
0,0.1393,592.4,10.81977828,23.47,697,7440.041667,10.79534213892941,80.9,0,0,0,0,0,0,1,0,0,0,0
0,0.133,84.6,10.12502982,0.96,652,180.0416667,5.181783550292085,88.5,1,0,0,1,0,0,0,0,0,1,0
0,0.1551,418.99,11.03488966,15.38,647,1860.0,9.32500744695431,70.1,0,0,0,0,0,0,1,0,0,0,0
0,0.1551,438.2,11.19821472,19.73,657,6210.0,10.168425425507316,98.0,13,0,1,1,0,0,1,0,0,0,0
0,0.1299,808.54,12.3883942,9.67,682,9479.0,11.11125315510076,61.3,5,0,0,0,1,0,0,0,0,0,0
0,0.1804,202.57,10.71441777,25.84,647,1799.0,9.225031920719173,89.8,0,0,0,1,0,0,0,0,1,0,0
0,0.1046,77.97,10.20359214,19.29,697,482.0416667,7.21890970761906,34.1,2,0,0,0,0,0,0,0,0,1,0
0,0.1299,203.82,10.71441777,22.77,692,5719.041667,10.007487142554613,85.3,6,0,1,1,0,0,1,0,0,0,0
0,0.092,191.36,11.48246626,19.6,737,12240.04167,10.619007583947798,34.4,12,0,0,0,1,0,0,0,0,0,0
0,0.1583,526.1,11.00209984,17.28,657,5400.0,9.314430080500564,92.2,2,0,1,1,0,0,1,0,0,0,0
0,0.1236,300.48,11.8493977,16.9,672,4440.0,10.723905946624765,82.3,5,0,1,0,0,0,1,0,0,0,0
0,0.1457,516.83,10.8177362,25.4,707,6360.041667,9.387481868728596,52.8,0,0,0,1,0,0,1,0,0,0,0
0,0.1393,102.44,9.392661929,3.9,642,390.0,7.271008538280992,79.8,0,0,0,1,0,0,1,0,0,0,0
0,0.1141,386.97,11.98292909,12.26,702,6960.0,10.936689829317784,57.4,4,0,0,0,0,1,0,0,0,0,0
0,0.0838,75.63,9.663007082,3.82,722,602.0416667,0.0,0.0,0,0,0,0,0,0,0,1,0,0,0
0,0.1425,68.6,11.12726298,14.45,642,4710.0,10.29055105146374,65.4,2,1,0,0,0,0,0,0,0,1,0
0,0.0743,49.72,8.160518247,5.14,752,930.0416667,6.2285110035911835,5.9,0,0,0,0,1,0,0,0,0,0,0
0,0.1236,534.19,11.31447453,16.27,682,6390.041667,10.429989655687127,88.7,4,0,0,1,0,1,0,0,0,0,0
0,0.1551,230.45,11.98292909,25.11,692,5159.0,11.752682249139582,76.6,2,0,0,0,0,0,1,0,0,0,0
0,0.152,470.18,10.77895629,26.08,687,5339.041667,10.373678664205936,70.4,1,0,0,0,1,0,0,0,0,0,0
0,0.1615,176.16,10.93310697,24.36,652,7379.0,9.249849505070895,81.9,3,0,0,1,0,0,1,0,0,0,0
0,0.1425,171.5,10.46310334,21.5,657,4349.0,8.406038142050075,106.5,7,0,1,1,0,0,1,0,0,0,0
0,0.1204,66.47,9.83734775,0.96,662,1109.0,5.209486152841421,18.2,2,0,1,0,1,0,0,0,0,0,0
0,0.1425,343.0,10.52406404,17.55,657,2850.0,8.759511722116487,87.3,2,0,0,0,0,0,1,0,0,0,0
0,0.1141,342.51,10.91508846,4.95,682,3365.0,7.582738488914411,56.1,4,1,0,0,1,0,0,0,0,0,0
0,0.092,255.15,10.858999,11.08,732,6870.0,8.567125560164447,46.1,5,1,0,0,1,0,0,0,0,0,0
0,0.1551,418.99,10.59663473,2.4,642,2490.0,8.375860015299594,85.1,3,0,0,0,0,0,1,0,0,0,0
0,0.1836,436.0,11.12726298,26.7,657,3330.0,10.209647846233683,88.2,2,0,0,0,0,0,0,0,1,0,0
0,0.1425,411.6,11.15625052,9.77,657,3509.041667,8.469891918298224,59.6,4,1,0,1,0,0,1,0,0,0,0
0,0.1299,175.19,10.73639668,3.89,657,180.0416667,8.10258642539079,66.0,4,0,0,0,0,0,1,0,0,0,0
0,0.1362,84.99,10.08580911,10.65,647,11190.04167,8.08886878916199,59.2,0,0,0,0,0,0,1,0,0,0,0
0,0.152,312.01,10.16585182,4.34,642,1380.041667,8.75557997214314,77.4,8,0,0,0,0,0,1,0,0,0,0
0,0.1078,293.72,11.91839057,11.57,687,3450.041667,10.361861316299695,101.4,2,0,0,1,0,1,0,0,0,0,0
0,0.1488,276.86,10.9331784,5.34,642,2430.041667,7.437206366871292,60.6,2,1,0,0,1,0,0,0,0,0,0
0,0.1393,239.01,11.15625052,23.21,677,11820.04167,10.985699419836457,79.5,5,0,0,0,0,1,0,0,0,0,0
0,0.1488,276.86,10.4341158,16.91,647,3750.041667,9.48257880293411,25.6,10,0,0,0,0,0,1,0,0,0,0
0,0.1204,830.84,11.56171563,3.73,702,780.0,7.349230824613334,9.1,2,0,1,1,0,0,0,0,0,0,1
0,0.092,95.68,10.59663473,0.99,707,779.0,7.424761761823209,64.5,1,0,0,0,1,0,0,0,0,0,0
0,0.1836,630.39,11.87756858,29.96,667,13979.04167,12.267308845000747,87.4,3,0,0,1,0,0,1,0,0,0,0
0,0.1804,682.76,11.08214255,22.01,657,2399.041667,9.69683231872672,76.7,1,0,0,0,0,0,1,0,0,0,0
0,0.1204,18.28,9.83734775,5.22,662,1109.0,5.209486152841421,18.2,2,0,1,0,1,0,0,0,0,0,0
0,0.1141,395.2,10.67821472,14.9,692,720.0,3.044522437723423,0.4,2,0,0,1,1,0,0,0,0,0,0
0,0.1583,397.21,10.83958091,15.93,642,4200.041667,9.819181603482871,79.6,3,0,0,0,0,0,0,0,1,0,0
0,0.1583,526.1,12.01370075,13.52,657,6780.041667,12.196143514452288,61.3,2,1,0,1,0,0,1,0,0,0,0
0,0.152,208.59,10.31692083,19.96,642,1980.041667,8.713417653379183,23.9,1,0,0,1,0,0,1,0,0,0,0
0,0.1804,532.64,11.31447453,20.96,657,6360.041667,10.10201048866809,98.4,3,2,0,0,0,0,1,0,0,0,0
0,0.1141,230.54,10.42228135,17.04,682,2310.041667,8.894533135798554,98.5,6,0,0,0,0,0,1,0,0,0,0
0,0.1141,395.2,10.90411943,19.46,697,3570.041667,7.510977752014095,33.2,5,0,0,1,0,0,0,0,0,0,1
0,0.1046,97.46,10.86283777,4.34,682,3120.041667,9.037771106624906,105.2,4,0,0,0,0,0,0,0,0,0,1
0,0.1836,726.67,11.9511804,25.27,667,8190.041667,12.25908246584379,35.5,3,0,0,1,0,0,0,0,0,0,1
0,0.1646,329.97,10.81977828,26.86,662,3600.0,9.82984101236783,82.9,0,0,0,1,0,0,1,0,0,0,0
0,0.1425,102.9,10.95185862,22.17,657,4949.041667,8.811503250158239,54.6,1,0,0,0,1,0,0,0,0,0,0
0,0.1141,164.67,10.32548196,0.39,677,183.0416667,5.986452005284438,39.7,1,0,0,0,0,1,0,0,0,0,0
0,0.1804,682.76,11.35040654,16.28,647,1590.041667,7.720461694599722,62.6,4,0,0,0,0,0,1,0,0,0,0
0,0.1551,261.87,11.22524339,27.2,677,3900.041667,9.566194979531012,50.1,2,1,1,0,0,0,1,0,0,0,0
0,0.1709,211.51,10.81977828,26.52,657,7470.041667,9.849136957786047,98.7,1,0,0,1,0,0,1,0,0,0,0
0,0.1772,360.13,11.30684796,25.91,657,2430.041667,10.635951595473024,81.1,0,0,0,1,0,0,1,0,0,0,0
0,0.1362,224.36,10.50232405,14.34,657,2549.0,9.353747835270912,63.4,0,0,0,0,0,0,1,0,0,0,0
0,0.1836,447.81,10.89673933,14.82,647,5884.0,8.997147151515142,45.4,3,2,0,0,0,0,1,0,0,0,0
0,0.1488,349.53,10.66895539,27.99,692,4440.0,9.61573881119536,80.9,0,0,1,0,0,0,1,0,0,0,0
0,0.092,57.41,10.46310334,10.94,707,3419.041667,9.211239967219019,84.8,6,0,0,1,1,0,0,0,0,0,0
0,0.1172,529.3,11.22524339,1.06,692,5480.0,6.71174039505618,6.1,4,2,0,0,1,0,0,0,0,0,0
0,0.1299,168.45,9.903487553,9.78,657,1949.041667,6.22455842927536,63.0,2,0,0,0,0,0,0,0,0,1,0
0,0.152,417.17,10.54534144,5.81,647,2489.0,8.936035096566041,84.4,2,0,0,0,0,0,1,0,0,0,0
0,0.1078,261.08,10.04324949,7.83,687,4413.0,8.967886572127473,56.9,4,0,1,0,0,0,1,0,0,0,0
0,0.1046,81.21,10.71441777,17.95,687,6660.041667,8.03689677268507,14.9,6,0,2,0,1,0,0,0,0,0,0
0,0.1457,186.06,9.998797732,8.73,642,9719.041667,9.203416456903359,55.2,0,1,0,0,0,0,1,0,0,0,0
0,0.1362,169.97,10.20359214,19.42,657,4589.041667,8.283999304248526,100.0,2,2,0,0,0,0,0,0,0,0,1
0,0.1078,262.71,11.00209984,3.48,702,180.0416667,0.0,0.0,8,0,0,0,1,0,0,0,0,0,0
0,0.1393,280.84,11.91839057,19.13,687,5100.0,11.04621241582256,78.5,5,0,0,0,0,0,1,0,0,0,0
0,0.1393,61.46,10.29214554,22.13,657,5970.041667,9.19238004659919,56.8,5,0,2,1,0,1,0,0,0,0,0
0,0.1804,627.6,11.65268741,21.03,652,7140.041667,11.211036281083421,63.5,2,0,0,0,0,0,1,0,0,0,0
0,0.1393,273.15,10.20359214,11.02,652,2632.0,7.7664168980196555,57.5,0,2,0,0,0,0,1,0,0,0,0
0,0.1292,188.48,10.30895266,8.2,662,1019.041667,9.83729432980133,68.1,2,0,0,1,0,0,1,0,0,0,0
0,0.1071,84.77,9.83734775,0.64,682,209.0416667,5.662960480135946,28.7,4,0,0,0,0,0,0,0,0,1,0
0,0.1039,30.02,12.20906815,11.85,732,9779.0,11.80532638612195,16.8,15,0,0,1,0,0,0,0,1,0,0
0,0.1671,532.63,11.51292546,29.04,692,13530.0,11.170477408651925,75.6,1,0,0,1,0,0,1,0,0,0,0
0,0.1071,195.61,10.55581274,12.28,687,2550.0,5.8998973535824915,28.0,5,0,0,0,1,0,0,0,0,0,0
0,0.1482,138.31,11.51292546,24.79,662,7621.0,10.625975064872742,75.2,4,0,0,0,0,1,0,0,0,0,0
0,0.1482,414.93,11.39639165,3.49,652,5190.0,8.989319566042951,61.7,11,8,0,0,0,0,1,0,0,0,0
0,0.1829,755.91,12.83201108,8.52,652,5039.041667,12.014361140839188,92.3,4,0,0,1,0,0,0,0,0,0,1
0,0.1482,345.78,11.55214618,25.47,692,8789.0,10.019980867971933,45.9,0,0,0,0,0,0,1,0,0,0,0
0,0.1576,300.46,10.49127422,22.53,647,2609.0,7.633853559681768,18.1,4,0,0,0,0,0,0,0,0,0,1
0,0.1071,328.47,11.46163217,13.43,737,3600.0,10.520185560932667,46.5,8,0,0,1,0,0,0,0,0,0,1
0,0.1387,71.65,10.38899537,18.37,657,3720.0,7.568379267836522,77.4,2,0,0,0,0,0,1,0,0,0,0
0,0.1355,271.68,10.858999,27.05,717,2700.041667,9.30782999325344,59.9,2,0,0,0,0,1,0,0,0,0,0
0,0.1545,418.64,10.858999,9.74,647,4860.041667,9.522666275340724,49.9,3,0,0,1,0,0,0,0,1,0,0
0,0.1355,81.51,10.19913779,7.98,647,1889.0,5.209486152841421,60.7,6,0,0,0,0,0,1,0,0,0,0
0,0.1166,66.11,10.51867319,17.29,672,3389.041667,10.66825747676904,83.1,4,0,0,0,1,0,0,0,0,0,0
0,0.1418,57.4,10.25765937,17.47,642,2909.0,8.328209491748732,94.0,2,0,0,1,0,0,1,0,0,0,0
0,0.1355,615.52,10.89673933,21.27,677,4829.0,10.000523515047723,58.9,4,0,0,0,0,0,1,0,0,0,0
0,0.1513,260.47,11.15625052,15.99,642,3001.0,10.201144708009988,65.2,5,0,0,0,0,1,0,0,0,0,0
0,0.1829,849.38,11.22524339,8.54,657,9361.041667,0.0,0.0,2,0,0,0,0,1,0,0,0,0,0
0,0.1861,464.86,11.22524339,29.47,662,3990.0,10.000568890186692,78.7,8,0,0,1,0,0,1,0,0,0,0
0,0.145,289.14,10.81977828,16.68,657,3360.0,9.374497958142467,94.3,0,0,0,0,0,0,1,0,0,0,0
0,0.1797,650.48,11.22524339,15.97,647,6242.0,11.07986302966996,78.4,2,0,0,0,1,0,0,0,0,0,0
0,0.1829,352.1,10.94574111,25.5,657,3420.041667,9.491299898667137,98.1,0,0,0,0,0,0,1,0,0,0,0
0,0.1545,401.2,10.81977828,7.9,662,727.0,7.31986492980897,30.8,7,0,0,1,0,0,0,0,0,0,1
0,0.1608,624.74,11.15625052,29.16,707,5219.041667,8.489616423646003,18.1,1,0,1,0,0,0,1,0,0,0,0
0,0.1387,475.05,10.76587105,25.66,717,4860.041667,10.415652279303348,49.0,2,0,0,1,0,0,1,0,0,0,0
0,0.1355,394.78,10.46310334,21.22,677,5579.041667,10.322296566735872,71.5,4,0,0,0,0,0,1,0,0,0,0
0,0.1387,402.56,11.14965741,8.8,677,2909.0,8.992930352509733,49.7,4,1,0,1,0,0,0,0,0,0,1
0,0.1103,818.83,12.32385568,12.66,712,4409.0,12.397498465792248,56.0,0,0,0,1,0,0,1,0,0,0,0
0,0.1261,670.13,11.38053628,14.92,692,2639.0,11.268111292745623,37.6,5,1,0,0,0,0,1,0,0,0,0
0,0.1008,129.22,10.77895629,0.75,702,869.0416667,8.132706489693264,74.0,0,0,0,1,0,0,1,0,0,0,0
0,0.1829,435.58,11.03488966,25.26,657,4590.041667,9.514953305087944,57.2,3,0,0,0,0,0,1,0,0,0,0
0,0.1513,451.48,11.26446411,29.28,717,3330.0,11.019579511084883,80.7,3,0,0,0,0,0,1,0,0,0,0
0,0.1355,848.99,11.1844214,2.02,687,377.0,8.925720273560222,36.0,1,0,0,0,0,0,0,0,0,0,1
0,0.1766,620.7,11.03488966,20.44,657,6899.0,10.267331735953192,51.9,7,0,0,1,0,0,1,0,0,0,0
0,0.1134,197.4,10.37349118,21.9,702,2760.041667,8.875287128108384,100.7,0,0,0,0,0,0,1,0,0,0,0
0,0.1797,129.2,10.4341158,27.42,647,3750.041667,9.484709215365838,25.6,10,0,0,0,1,0,0,0,0,0,0
0,0.1197,132.8,9.980448594,22.5,692,2249.0,8.146709052203319,39.2,4,0,0,0,0,0,1,0,0,0,0
0,0.1008,64.61,10.77895629,0.0,697,809.0,0.0,0.0,1,0,0,1,1,0,0,0,0,0,0
0,0.1197,481.4,11.77528973,10.85,682,5071.0,6.874198495453294,13.1,5,0,0,0,0,1,0,0,0,0,0
0,0.1576,525.58,10.6454249,7.86,657,3449.041667,8.965462328515967,59.7,1,0,0,0,0,0,1,0,0,0,0
0,0.1229,280.17,11.04292184,14.65,677,2490.041667,8.850660919017152,64.0,5,0,0,0,0,0,1,0,0,0,0
0,0.1261,228.69,11.14186178,23.62,712,7440.041667,11.439601800551385,97.7,0,0,0,0,0,0,1,0,0,0,0
0,0.1071,176.05,11.22524339,1.01,702,930.0416667,8.23827262463303,23.3,3,0,0,0,1,0,0,0,0,0,0
0,0.1513,333.4,11.15625052,16.35,647,3059.041667,10.285854609398315,89.9,3,0,0,1,1,0,0,0,0,0,0
0,0.1545,645.4,11.1611812,28.78,717,7529.041667,11.152601012526336,76.1,1,0,0,0,0,1,0,0,0,0,0
0,0.1387,852.87,11.95761129,20.79,712,7260.0,12.148734803829303,0.0,0,1,1,1,0,0,0,0,0,0,1
0,0.145,385.52,11.00209984,5.74,657,1830.0,9.009691898489343,87.0,0,0,0,1,1,0,0,0,0,0,0
0,0.145,172.11,10.91871823,4.54,642,5190.0,5.811140992976701,33.3,7,0,0,1,0,0,1,0,0,0,0
0,0.1324,338.1,10.39537498,26.12,727,6030.041667,9.305195902988862,30.5,0,0,1,0,0,0,1,0,0,0,0
0,0.1545,122.11,10.52325726,28.66,697,5580.041667,10.02884185368883,77.5,1,0,0,0,0,0,1,0,0,0,0
0,0.1166,52.89,11.3955486,16.64,672,5040.041667,10.996634935773171,40.9,4,0,0,0,1,0,0,0,0,0,0
0,0.1261,50.26,10.1266311,1.87,657,883.0416667,7.039660349862076,47.5,0,0,0,0,0,1,0,0,0,0,0
0,0.145,70.57,10.02127059,27.73,682,2880.0,7.37650812632622,88.7,1,0,0,0,0,0,1,0,0,0,0
0,0.1829,871.16,12.03750605,7.86,657,4979.041667,10.182255007598334,30.9,3,0,0,1,0,0,0,0,0,0,1
0,0.1229,80.05,9.169518377,0.0,662,539.0416667,0.0,0.0,5,0,0,0,1,0,0,0,0,0,0
0,0.1608,281.58,10.83958091,28.47,687,4740.0,8.744806737401898,64.7,0,0,0,0,0,0,1,0,0,0,0
0,0.1418,51.4,10.37972173,16.36,642,7920.041667,0.0,0.0,0,1,0,0,1,0,0,0,0,0,0
0,0.1229,100.06,9.744022778,10.91,667,720.0,8.348537825386098,38.3,3,0,0,1,0,0,1,0,0,0,0
0,0.1418,342.66,11.2009507,0.74,657,4260.041667,6.1092475827643655,37.4,0,0,0,0,1,0,0,0,0,0,0
0,0.1229,50.03,10.30895266,14.12,662,660.0416667,6.507277712385012,7.5,1,0,0,0,1,0,0,0,0,0,0
0,0.1008,113.07,10.3859137,0.56,702,1049.0,6.990256500493881,28.6,0,0,0,0,0,0,0,0,0,1,0
0,0.1734,687.79,11.24255927,12.74,652,6583.0,9.941168619503816,81.1,0,0,3,0,0,0,1,0,0,0,0
0,0.1134,789.6,11.46163217,18.38,722,5100.0,11.908616293393974,74.0,1,0,0,1,0,0,0,0,0,0,1
0,0.145,206.53,10.96819829,19.92,652,5400.041667,9.400547423044127,45.1,6,0,0,0,0,0,1,0,0,0,0
0,0.0945,192.06,11.08214255,0.92,712,3240.0,5.765191102784844,5.2,5,0,0,0,0,1,0,0,0,0,0
0,0.1134,197.4,9.798127037,3.67,687,567.0416667,6.61472560020376,22.4,3,0,0,1,0,0,0,1,0,0,0
0,0.1355,67.92,10.6454249,18.06,657,5340.041667,8.629628620746026,25.3,8,0,0,0,0,0,0,0,0,0,1
0,0.1829,185.13,10.49127422,25.67,642,2880.0,8.518192691749322,60.3,6,0,2,0,0,0,1,0,0,0,0
0,0.1545,348.87,10.77895629,13.38,642,2400.041667,10.125830783679568,94.6,4,0,0,0,0,0,1,0,0,0,0
0,0.1355,122.26,10.77895629,12.05,652,4139.041667,8.388905171114706,84.6,1,0,1,0,0,0,0,0,0,1,0
0,0.1608,409.16,10.858999,25.55,677,2430.041667,8.775549434486189,39.7,5,0,0,1,1,0,0,0,0,0,0
0,0.1513,121.56,10.40426284,26.15,677,3390.0,9.167537249650874,84.0,3,0,0,0,0,0,0,0,0,1,0
0,0.1387,119.41,10.1266311,3.94,652,2202.0,7.911690520708339,48.7,3,0,0,0,0,0,1,0,0,0,0
0,0.1355,135.84,11.27973158,15.06,657,2880.0,10.661274811576522,65.5,3,1,0,0,0,0,0,0,0,0,1
0,0.145,247.84,9.903487553,6.3,652,2070.041667,9.208238163884312,83.8,1,2,0,0,0,0,0,0,0,1,0
0,0.164,106.07,10.727663,29.24,677,3060.041667,9.765374250406493,94.2,0,0,0,0,1,0,0,0,0,0,0
0,0.1513,243.11,11.58988651,27.63,682,6690.041667,8.90720619496548,43.4,9,0,0,1,0,0,1,0,0,0,0
0,0.1166,115.69,10.4487146,16.23,677,1320.041667,8.629449873761905,25.4,5,0,0,1,0,0,1,0,0,0,0
0,0.145,516.32,11.69524702,24.95,677,13979.0,12.230545721829095,81.4,0,0,0,0,0,1,0,0,0,0,0
0,0.1324,20.29,9.546812609,22.03,662,750.0,5.278114659230517,65.0,0,0,0,0,1,0,0,0,0,0,0
0,0.1166,809.78,11.90158345,18.43,722,13499.0,12.421067082825761,93.6,12,0,0,1,0,0,0,0,1,0,0
0,0.1292,269.25,11.34568955,27.45,737,5609.041667,10.770461981854321,62.4,1,0,0,0,0,1,0,0,0,0,0
0,0.1608,111.75,10.49127422,26.03,667,2507.041667,9.885170820750231,103.9,12,0,0,0,0,0,1,0,0,0,0
0,0.1608,281.58,11.71888216,25.27,672,3930.041667,10.62232684601953,85.3,0,0,0,0,1,0,0,0,0,0,0
0,0.1324,540.96,11.51292546,21.9,687,4110.0,10.862876087313007,84.3,7,0,0,0,0,1,0,0,0,0,0
0,0.1482,359.61,11.15625052,3.82,647,4080.0,9.217812386814884,59.6,0,4,0,0,0,0,1,0,0,0,0
0,0.1261,299.89,10.25765937,15.87,672,1590.041667,8.32845106681936,63.7,8,0,0,0,0,0,1,0,0,0,0
0,0.0976,160.78,10.19913779,2.37,712,690.0,7.240649694255466,8.8,0,0,0,0,0,0,1,0,0,0,0
0,0.1545,251.18,10.77895629,25.25,677,3479.041667,8.112827478751374,90.2,3,0,0,0,0,0,1,0,0,0,0
0,0.0976,385.86,11.22524339,0.4,727,900.0416667,7.664346632098617,17.9,1,0,0,0,0,0,0,0,0,1,0
0,0.1197,448.2,11.26446411,6.39,682,390.0,6.3473892096560105,24.8,3,0,0,0,0,0,0,0,1,0,0
0,0.1576,796.26,11.15625052,29.21,732,8250.041667,10.953329676834809,52.7,2,0,0,1,0,0,0,0,0,0,1
0,0.1292,156.5,11.34398597,18.1,667,3750.0,4.897839799950911,11.1,6,2,0,0,0,0,1,0,0,0,0
0,0.1418,493.42,10.46310334,17.93,662,929.0416667,9.356170820187723,64.3,1,0,0,1,0,0,1,0,0,0,0
0,0.1418,287.83,11.37939407,1.49,652,3779.041667,7.9676267393338165,15.8,12,0,5,0,0,1,0,0,0,0,0
0,0.1513,243.11,11.53272809,5.93,642,2501.041667,9.735956081214809,55.2,3,0,0,0,1,0,0,0,0,0,0
0,0.1039,324.51,10.81977828,20.09,737,5039.041667,11.676870876558473,49.4,0,0,0,0,0,0,0,0,0,0,1
0,0.1703,535.02,11.51292546,10.85,642,4139.041667,9.669535802505315,76.1,1,2,0,1,0,0,1,0,0,0,0
0,0.1829,685.13,12.32385568,12.05,642,6330.041667,11.702148154077483,90.5,2,0,0,0,0,0,1,0,0,0,0
0,0.145,137.69,10.56607243,22.05,657,3269.0,9.06230429314878,71.0,3,0,0,0,0,0,1,0,0,0,0
0,0.1292,269.25,11.07013225,12.07,667,3664.0,8.944028325260595,67.7,5,0,1,0,0,0,1,0,0,0,0
0,0.1861,451.19,11.52386541,29.7,662,5760.041667,10.475822112879326,96.9,8,0,0,0,0,0,1,0,0,0,0
0,0.1861,241.55,11.9511804,28.17,657,7380.0,10.258360874528233,89.1,4,0,1,1,0,0,0,0,1,0,0
0,0.1008,64.61,9.862665558,6.94,697,300.0416667,0.0,0.0,0,0,0,0,1,0,0,0,0,0,0
0,0.1229,166.77,11.26446411,8.15,667,2819.041667,8.406708458240965,59.7,6,1,0,1,1,0,0,0,0,0,0
0,0.164,185.62,10.66895539,22.75,647,4143.041667,8.849513965486398,62.8,0,2,0,1,1,0,0,0,0,0,0
0,0.1197,338.64,11.11542853,16.66,682,4320.041667,9.072571442231286,72.0,5,0,0,1,0,0,1,0,0,0,0
0,0.1261,120.63,10.6454249,7.94,662,4169.041667,8.57866451350434,48.3,13,0,0,0,0,0,0,0,1,0,0
0,0.1766,215.9,11.22524339,28.56,667,3781.041667,9.502562124469996,28.4,8,0,0,0,0,0,1,0,0,0,0
0,0.1324,202.86,10.6454249,25.14,717,5970.041667,9.90038273758265,90.6,0,0,0,0,0,0,1,0,0,0,0
0,0.1482,41.5,8.699514748,3.0,637,900.0416667,6.838405200847344,66.6,1,1,0,0,0,0,0,1,0,0,0
0,0.1292,471.18,11.69524702,22.71,692,3479.041667,9.248502833070532,60.4,4,0,0,1,1,0,0,0,0,0,0
0,0.164,530.33,10.54534144,13.71,652,2640.0,9.205930663487482,58.9,2,0,0,0,0,0,1,0,0,0,0
0,0.1418,513.98,10.89673933,10.47,662,2610.0,7.1693500166706,12.1,4,1,0,0,0,0,0,0,1,0,0
0,0.1545,244.21,10.30895266,18.8,647,1950.041667,8.431199478249262,41.0,2,0,0,0,0,0,1,0,0,0,0
0,0.1418,342.66,10.37349118,7.76,657,1860.0,8.32020459757888,82.1,11,0,0,0,1,0,0,0,0,0,0
0,0.1734,644.8,11.38509209,10.73,652,4230.041667,9.455793210210228,46.0,0,4,0,1,0,0,1,0,0,0,0
0,0.0976,80.39,10.43998092,2.63,702,4589.041667,7.783224016336037,96.0,0,0,0,0,1,0,0,0,0,0,0
0,0.1671,536.18,10.81977828,16.22,647,6870.041667,10.504245283802726,77.8,3,0,0,1,0,0,1,0,0,0,0
0,0.1829,435.58,11.53272809,14.8,652,4148.041667,10.873811820902707,69.7,1,0,0,1,1,0,0,0,0,0,0
0,0.1071,652.04,11.33857208,0.21,717,1650.041667,3.6888794541139363,0.3,11,0,0,0,1,0,0,0,0,0,0
0,0.1545,279.09,10.27505111,15.48,642,1620.041667,9.032767522204432,77.5,0,0,0,0,0,0,1,0,0,0,0
0,0.1071,49.72,8.188689124,11.33,682,1068.0,8.231642179973411,52.9,1,0,0,1,1,0,0,0,0,0,0
0,0.145,254.72,10.26646261,16.78,652,1199.0,8.679482094459956,52.4,1,0,0,1,0,0,1,0,0,0,0
0,0.1261,107.23,11.26076496,16.72,667,10320.0,11.300202430983903,58.0,4,0,0,1,0,1,0,0,0,0,0
0,0.0976,160.78,10.71441777,0.0,717,420.0,0.0,0.0,4,0,0,1,0,0,0,1,0,0,0
0,0.1545,191.88,11.51292546,22.46,647,9089.0,11.163850142049345,79.4,6,0,0,0,0,1,0,0,0,0,0
0,0.1324,169.05,10.23995979,19.54,667,3960.041667,9.513625087655372,56.4,5,1,0,1,1,0,0,0,0,0,0
0,0.1071,782.44,11.51288546,0.35,732,780.0,7.20414929203594,7.7,1,0,0,0,1,0,0,0,0,0,0
0,0.1418,109.65,10.1266311,22.32,657,1290.041667,8.69851424787661,52.1,1,0,0,0,0,1,0,0,0,0,0
0,0.0976,321.55,11.08201946,11.34,722,2970.0,8.506334448081361,2.7,5,0,0,0,0,0,0,0,0,1,0
0,0.1103,491.3,11.1844214,6.5,707,990.0416667,9.299815378403785,27.3,1,0,0,0,0,0,1,0,0,0,0
0,0.1387,266.1,10.76637751,23.01,677,9660.041667,8.864181369765426,60.5,7,0,0,0,0,0,1,0,0,0,0
0,0.1039,811.27,13.45883561,0.81,737,3630.0,12.20898839061107,23.1,1,0,0,1,1,0,0,0,0,0,0
0,0.145,385.52,11.23848862,20.02,667,3780.041667,8.899457906353966,50.9,6,0,1,1,0,0,1,0,0,0,0
0,0.1418,350.37,11.69524702,4.94,657,4139.041667,8.675051276031818,46.5,5,0,2,1,0,1,0,0,0,0,0
0,0.0945,320.1,11.3533434,4.36,727,4679.041667,9.02063159674821,47.8,17,0,0,0,1,0,0,0,0,0,0
0,0.1261,184.29,10.16585182,6.46,667,960.0416667,8.54752839121231,65.2,1,0,0,0,0,1,0,0,0,0,0
0,0.0976,241.16,11.33857208,7.03,737,2580.0,10.525192435641708,14.8,6,0,0,1,0,0,1,0,0,0,0
0,0.1292,201.94,10.04324949,6.94,662,1800.0,8.844336332748933,75.4,12,0,1,1,1,0,0,0,0,0,0
0,0.1324,169.05,10.49127422,25.47,717,7620.041667,9.998434029845082,102.8,0,0,0,1,1,0,0,0,0,0,0
0,0.1545,334.91,11.06663836,21.6,657,2729.041667,8.752265313595721,95.8,4,0,0,0,0,0,1,0,0,0,0
0,0.1513,389.84,10.66895539,18.81,657,3480.041667,9.634627234324935,76.0,15,0,0,0,0,0,1,0,0,0,0
0,0.164,296.99,10.81174611,27.7,672,1949.0,10.231027154561334,66.5,5,0,0,0,0,0,1,0,0,0,0
0,0.1261,670.13,11.58058411,15.88,687,1259.041667,9.405495886750224,29.4,5,0,0,0,0,0,0,1,0,0,0
0,0.1292,100.97,10.59663473,15.73,662,1904.0,8.959954084268098,65.4,24,0,0,0,0,1,0,0,0,0,0
0,0.164,282.84,12.07254125,23.84,657,4740.0,11.091742475620011,99.6,3,0,0,1,1,0,0,0,0,0,0
0,0.1482,335.4,10.53209621,27.04,692,3900.041667,10.174354032059346,78.6,5,0,0,0,0,0,1,0,0,0,0
0,0.1861,419.29,10.91508846,1.66,652,2280.0,7.6487397889562425,17.0,4,1,0,1,1,0,0,0,0,0,0
0,0.1387,136.46,10.858999,6.9,647,2669.0,8.57035473953047,78.7,0,0,0,0,0,0,1,0,0,0,0
0,0.1671,710.18,11.06663836,20.83,662,3269.0,9.382779928915687,50.8,4,0,0,1,0,0,1,0,0,0,0
0,0.1197,830.0,12.1281111,22.72,727,5699.041667,12.330800399598546,0.7,4,0,0,1,0,0,0,1,0,0,0
0,0.1071,130.41,10.54534144,3.85,687,810.0,8.745761999375512,57.1,0,0,0,0,0,0,1,0,0,0,0
0,0.0863,31.63,11.03650127,18.03,737,4019.0,11.289869409828118,54.9,2,1,0,0,1,0,0,0,0,0,0
0,0.0863,316.28,11.3736634,6.74,737,4140.0,9.786672797944293,34.8,4,0,0,1,0,0,1,0,0,0,0
0,0.1861,437.51,11.60823564,28.21,662,8760.0,11.389536746793011,89.9,1,0,0,0,0,0,1,0,0,0,0
0,0.1418,68.54,11.00209984,10.08,642,4649.041667,7.951911381854188,38.4,4,0,0,0,0,0,0,0,1,0,0
0,0.1829,755.91,11.24504602,11.15,647,2129.041667,8.80056599227992,72.9,7,0,0,1,0,0,0,0,1,0,0
0,0.1734,573.16,10.858999,10.82,647,2399.041667,9.544524278079383,68.3,8,0,0,0,0,1,0,0,0,0,0
0,0.145,61.96,10.30895266,2.84,642,1200.0,7.265429723253953,84.1,2,0,0,0,0,0,1,0,0,0,0
0,0.1576,294.33,10.83340541,21.24,647,2070.041667,9.515321941506025,79.3,1,0,0,0,0,0,1,0,0,0,0
0,0.1829,685.13,11.79355271,11.68,642,4200.041667,10.46561447065767,96.7,2,0,0,0,0,1,0,0,0,0,0
0,0.1355,169.8,11.03488966,4.88,652,6300.0,8.114324709155339,19.8,3,1,0,0,0,0,1,0,0,0,0
0,0.1324,676.2,11.51292546,22.25,697,6456.041667,11.657917186440772,29.7,5,0,0,0,0,0,1,0,0,0,0
0,0.1387,54.59,10.30895266,1.92,642,2760.041667,7.367708572374371,79.1,1,0,0,0,0,1,0,0,0,0,0
0,0.1039,649.02,11.51292546,2.94,727,3300.0,8.557951183888406,5.2,8,0,0,1,0,0,0,0,1,0,0
0,0.0945,128.04,11.02190247,6.31,722,4170.041667,8.934323331054905,11.8,4,0,0,0,0,0,0,0,1,0,0
0,0.1513,208.38,10.59663473,13.5,652,6318.0,7.077498053569231,29.6,5,3,1,0,1,0,0,0,0,0,0
0,0.164,153.8,10.53688473,24.71,652,3300.0,9.405989388981,48.6,14,0,0,0,0,0,0,0,1,0,0
0,0.1387,170.58,10.6454249,6.69,652,1889.0,8.82217476094608,78.9,2,0,0,0,0,0,1,0,0,0,0
0,0.164,883.88,11.49272276,3.12,662,4590.041667,8.854522203757432,38.9,9,0,1,1,0,0,0,0,1,0,0
0,0.1418,188.46,11.15625052,19.46,657,2010.041667,9.39715183404299,28.5,0,0,0,1,0,0,1,0,0,0,0
0,0.1545,390.73,11.03495418,14.36,647,2490.041667,8.974364841846596,28.7,6,1,0,0,0,0,1,0,0,0,0
0,0.1261,536.11,11.56741365,19.23,687,5040.041667,11.618329979660084,40.8,4,1,0,0,0,0,0,0,0,1,0
0,0.1482,331.95,11.08214255,15.73,652,2730.041667,9.985666438493771,73.9,12,0,0,0,0,1,0,0,0,0,0
0,0.1797,364.99,10.7624881,23.53,642,4252.041667,9.232786560806012,63.9,1,1,0,0,0,0,1,0,0,0,0
0,0.1355,271.68,11.22524339,4.22,662,4559.041667,6.960347729101308,40.5,7,3,0,0,0,0,1,0,0,0,0
0,0.1482,259.33,10.40426284,15.38,652,4319.041667,8.406261630708956,71.0,2,1,0,0,0,0,1,0,0,0,0
0,0.1134,368.48,10.70099475,6.92,687,930.0416667,9.48918349576076,58.2,0,0,0,0,0,0,1,0,0,0,0
0,0.1324,172.43,9.740968623,6.99,657,780.0,8.65434302956347,59.1,32,0,0,1,0,1,0,0,0,0,0
0,0.1545,191.88,10.73639668,21.23,647,4140.0,8.763740720509464,96.9,0,1,0,0,0,1,0,0,0,0,0
0,0.1513,416.75,11.19821472,15.73,652,5490.0,10.039677906986393,38.6,3,1,0,0,0,0,1,0,0,0,0
0,0.1545,334.91,11.35040654,21.91,657,3839.041667,9.274816391160547,94.4,3,0,0,0,0,0,1,0,0,0,0
0,0.1039,629.55,10.46310334,12.72,727,4529.041667,10.474580087088768,49.9,0,0,0,0,0,0,1,0,0,0,0
0,0.1513,124.16,9.975808214,21.04,647,1289.041667,7.669028288589683,28.6,5,1,0,0,0,1,0,0,0,0,0
0,0.1008,113.07,9.392661929,3.0,707,930.0416667,6.104793232414985,7.8,1,0,0,1,1,0,0,0,0,0,0
0,0.1261,804.16,12.36307639,16.84,707,7320.0,12.30460943241647,54.5,1,1,0,1,1,0,0,0,0,0,0
0,0.1261,201.04,10.65112292,2.22,662,450.0,6.536691597591305,68.9,0,0,0,1,1,0,0,0,0,0,0
0,0.1261,723.74,11.73606902,16.94,687,4020.0,12.025791006688099,53.5,3,0,0,1,1,0,0,0,0,0,0
0,0.1797,225.86,10.6454249,28.29,662,4188.0,10.255305721413517,57.1,3,1,0,1,0,0,1,0,0,0,0
0,0.1103,229.28,10.30895266,14.09,697,780.0,7.506591780070841,26.0,0,0,0,0,1,0,0,0,0,0,0
0,0.1482,276.62,10.37349118,25.99,687,7710.0,8.512381634419015,68.2,0,1,0,0,1,0,0,0,0,0,0
0,0.1576,413.46,10.89673933,18.96,652,5850.0,9.669535802505315,82.0,1,0,0,0,0,0,1,0,0,0,0
0,0.1861,241.55,11.69524702,25.33,642,9390.041667,10.541122023165814,54.4,2,0,0,0,0,1,0,0,0,0,0
0,0.1861,759.27,11.51292546,18.89,652,2460.041667,11.110969193687714,94.0,7,0,0,0,0,1,0,0,0,0,0
0,0.1134,230.3,10.73639668,4.2,682,3241.0,8.978660489639687,27.7,8,0,0,0,0,0,1,0,0,0,0
0,0.1387,153.52,9.893437217,6.06,652,900.0416667,8.220133957151859,86.4,1,0,0,0,0,0,1,0,0,0,0
0,0.1324,101.43,10.95080655,3.37,652,750.0,8.991686725934825,82.8,0,0,0,0,0,1,0,0,0,0,0
0,0.1545,111.64,10.81977828,22.92,642,2550.0,9.003685138166775,71.3,3,1,0,0,0,1,0,0,0,0,0
0,0.1482,276.62,11.40756495,15.95,652,720.0,8.451694209183541,72.0,0,1,0,0,0,0,0,1,0,0,0
0,0.1166,462.74,12.3883942,15.27,697,17639.95833,11.989966771567614,57.0,6,0,0,0,1,0,0,0,0,0,0
0,0.1861,185.95,11.08367983,29.2,652,8759.958333,9.82800941136017,86.3,1,0,0,1,0,0,1,0,0,0,0
0,0.1355,50.94,10.30895266,14.2,647,7019.958333,0.0,0.0,0,3,0,0,0,0,1,0,0,0,0
0,0.1261,502.6,10.89673933,19.96,682,2639.958333,9.346705246496699,101.4,1,0,0,0,0,0,1,0,0,0,0
0,0.1292,168.28,10.59653473,19.02,667,4469.958333,7.861341795599989,24.9,5,0,1,1,0,0,1,0,0,0,0
0,0.1766,107.95,10.71441777,26.77,647,2887.0,9.61440449916872,53.1,1,0,0,0,0,0,1,0,0,0,0
0,0.145,123.06,10.20359214,21.33,657,2189.958333,9.950037113189108,63.3,6,0,0,1,0,0,0,1,0,0,0
0,0.1261,33.51,11.08214255,0.85,657,540.0,7.311218384419629,71.2,1,0,0,0,1,0,0,0,0,0,0
0,0.08,15.67,8.101677747,0.0,747,570.0,0.0,0.0,0,0,0,0,0,0,0,1,0,0,0
0,0.1103,425.79,11.00209984,13.18,712,1620.0,9.17626639164243,63.2,4,0,0,0,0,0,1,0,0,0,0
0,0.1324,20.29,10.1266311,28.61,752,7140.0,10.728189172836375,36.8,2,0,0,0,1,0,0,0,0,0,0
0,0.1513,138.05,10.27505111,24.08,662,3990.0,8.653470809708786,100.5,0,0,0,0,0,1,0,0,0,0,0
0,0.1576,192.72,10.69194491,29.95,692,2790.0,10.177856395925783,58.5,9,0,2,0,0,1,0,0,0,0,0
0,0.1482,248.96,10.89673933,9.67,647,4170.0,8.790725628263576,80.1,1,1,0,1,0,0,1,0,0,0,0
0,0.145,378.64,10.77895629,25.65,702,3810.0,9.477003077203888,43.5,1,1,0,0,0,0,1,0,0,0,0
0,0.1261,335.07,10.47107151,20.1,687,990.0,8.186185994226083,65.3,6,0,0,0,0,0,1,0,0,0,0
0,0.1324,101.43,10.59021417,13.92,657,3600.0,7.664815785285735,96.9,0,0,0,0,0,0,1,0,0,0,0
0,0.1861,688.17,12.32385568,16.47,642,5985.958333,11.07821175650294,72.0,4,1,0,0,1,0,0,0,0,0,0
0,0.1166,82.64,10.39513036,20.33,687,2370.0,2.772588722239781,0.4,6,0,0,0,1,0,0,0,0,0,0
0,0.1418,68.54,11.28978191,14.85,647,5219.958333,9.960859832393998,77.9,1,0,0,0,0,1,0,0,0,0,0
0,0.1418,856.63,12.4292162,19.09,692,10259.95833,12.276344698515505,63.5,1,0,0,0,1,0,0,0,0,0,0
0,0.1482,297.37,10.65960953,4.54,647,3090.0,8.338544879988579,97.2,2,0,0,0,0,0,1,0,0,0,0
0,0.1545,293.05,11.35040654,15.71,642,4200.0,9.587337416104821,99.2,3,2,0,0,0,0,1,0,0,0,0
0,0.1355,485.63,10.33136626,12.91,667,4079.958333,9.253687176479549,52.2,15,0,0,1,0,0,1,0,0,0,0
0,0.1608,490.12,10.6454249,18.94,652,4139.958333,9.74449182104567,82.4,1,0,0,0,0,0,1,0,0,0,0
0,0.1197,132.8,10.59663473,3.39,677,630.0,8.331586243630754,62.9,2,0,0,0,0,0,1,0,0,0,0
0,0.1103,49.13,10.42228135,13.5,682,1980.0,0.0,0.0,4,0,0,0,1,0,0,0,0,0,0
0,0.1482,207.47,10.6454249,13.34,647,2639.958333,10.066668762677654,94.9,3,0,0,0,0,0,1,0,0,0,0
0,0.1324,304.29,11.12714533,18.51,672,3329.958333,8.97727273946428,76.9,10,0,0,0,0,0,1,0,0,0,0
0,0.145,172.11,11.4019939,16.57,647,5129.958333,9.964206287570834,80.8,0,0,0,0,0,0,1,0,0,0,0
0,0.145,70.57,9.210340372,13.8,642,900.0,8.20166019080868,91.1,2,0,0,0,1,0,0,0,0,0,0
0,0.1229,667.06,11.26446411,2.38,692,1650.0,8.380685946761574,42.3,5,1,0,0,1,0,0,0,0,0,0
0,0.1608,281.58,11.43496392,21.91,647,4950.0,9.50651131182387,94.0,3,0,1,0,0,0,1,0,0,0,0
0,0.145,258.16,10.77895629,19.63,657,4379.958333,10.716127417580799,56.8,6,0,0,1,1,0,0,0,0,0,0
0,0.1292,185.11,10.1266311,19.87,667,570.0,8.72534492491121,50.5,0,0,0,0,0,1,0,0,0,0,0
0,0.1734,375.24,11.00209984,29.3,677,7920.0,7.914983005848394,9.6,6,0,0,1,1,0,0,0,0,0,0
0,0.1355,271.68,10.36722157,21.28,672,1081.0,8.879750798513125,66.5,3,0,0,0,0,0,0,0,1,0,0
0,0.1418,445.45,10.49127422,18.93,667,1298.0,9.786110684382555,52.0,5,0,0,1,0,0,1,0,0,0,0
0,0.1608,246.38,11.05089001,22.74,647,5519.958333,9.54043517305957,77.7,0,1,0,0,0,0,1,0,0,0,0
0,0.1861,214.2,10.77895629,27.33,642,1718.0,8.64135583403666,75.8,3,0,0,0,0,0,1,0,0,0,0
0,0.1418,171.33,10.66895539,10.38,647,4409.958333,9.1235835080499,89.0,1,0,0,0,0,0,1,0,0,0,0
0,0.1134,157.92,10.23995979,5.14,677,816.9583333,3.713572066704308,3.3,1,0,0,0,0,0,0,1,0,0,0
0,0.1324,38.04,10.52406404,16.81,652,3900.0,7.001245622069476,58.1,6,0,1,1,0,0,1,0,0,0,0
0,0.1324,497.01,10.08580911,2.7,672,1800.0,6.828712071641684,21.5,7,0,0,1,1,0,0,0,0,0,0
0,0.1166,330.53,11.40756495,19.93,717,5355.0,10.467123818934358,43.3,8,0,0,0,1,0,0,0,0,0,0
0,0.1229,266.83,11.31007462,14.2,677,5609.958333,7.561121589530238,23.7,9,0,1,0,0,0,0,0,0,1,0
0,0.1229,770.46,10.858999,17.03,707,2579.958333,9.6457525564523,22.4,11,0,0,1,0,0,0,0,0,1,0
0,0.1103,180.15,11.15625052,15.51,692,6629.958333,9.0280988119824,57.5,5,0,1,0,0,1,0,0,0,0,0
0,0.1482,121.03,10.66895539,20.76,657,3600.0,9.14494815320913,85.1,0,0,0,0,0,1,0,0,0,0,0
0,0.145,413.06,10.77895629,3.8,657,3389.958333,8.423980809694058,44.6,0,0,0,0,0,0,1,0,0,0,0
0,0.1545,397.71,10.46310334,13.89,647,2501.0,9.627009150591672,35.3,3,0,0,0,0,0,1,0,0,0,0
0,0.1355,203.76,11.51292546,9.28,662,7110.0,10.414873019560632,99.0,4,2,0,0,1,0,0,0,0,0,0
0,0.0976,192.93,10.4968144,17.87,717,4859.958333,9.45226642258976,59.2,4,0,0,0,0,0,1,0,0,0,0
0,0.0945,96.03,9.210340372,3.6,707,510.0,6.703188113240863,10.7,1,0,0,0,1,0,0,0,0,0,0
0,0.1671,371.96,10.66895539,22.55,642,1380.0,9.389991700214258,84.9,2,0,0,1,0,0,1,0,0,0,0
0,0.1513,277.84,11.49272276,6.73,642,3419.958333,10.065733944899032,60.2,0,0,0,0,0,0,1,0,0,0,0
0,0.1482,207.47,10.77895629,22.13,657,8099.958333,10.021848199120974,57.9,6,0,0,0,0,1,0,0,0,0,0
0,0.1545,348.87,11.01501607,15.1,642,2669.958333,8.376781037699493,54.3,3,0,0,0,0,0,1,0,0,0,0
0,0.1324,338.1,11.09741002,9.13,672,2821.0,8.80597465931132,40.9,4,1,0,1,0,0,0,0,0,1,0
0,0.1197,664.0,11.40769827,18.96,707,2549.958333,9.753420191271506,39.7,7,0,0,0,1,0,0,0,0,0,0
0,0.1324,148.77,10.52406404,18.04,662,3900.0,6.990256500493881,57.5,6,0,1,1,0,0,0,0,0,1,0
0,0.1482,82.99,10.27505111,28.06,702,3389.958333,8.355614995760183,16.3,5,0,0,0,1,0,0,0,0,0,0
0,0.145,247.84,10.35421279,17.78,652,3630.0,9.033961124637857,64.5,1,2,0,1,0,1,0,0,0,0,0
0,0.1576,437.99,11.48246626,11.84,652,4079.958333,9.992505248853782,88.1,2,0,0,0,0,0,1,0,0,0,0
0,0.1071,489.03,11.50287513,8.65,712,8220.0,11.648478562571333,37.1,7,1,0,0,0,0,1,0,0,0,0
0,0.1229,200.12,11.2515607,17.69,672,10530.0,10.960913196873987,76.9,5,0,0,0,0,1,0,0,0,0,0
0,0.1387,272.92,11.28978191,11.1,657,8069.958333,9.10886120302633,64.5,0,0,0,0,0,1,0,0,0,0,0
0,0.1292,84.14,10.71441777,22.32,672,6390.0,8.464846711044029,32.1,9,0,0,1,0,0,1,0,0,0,0
0,0.1545,348.87,11.98292909,25.72,682,3749.958333,12.232461379868077,90.3,4,0,0,0,1,0,0,0,0,0,0
0,0.1355,169.8,10.40426284,16.62,657,1632.0,8.983063289380366,106.2,0,0,0,0,1,0,0,0,0,0,0
0,0.1513,85.09,10.08580911,28.15,697,1499.958333,8.457230850243555,72.4,2,0,0,0,0,1,0,0,0,0,0
0,0.1576,280.31,10.77895629,25.4,677,1980.0,8.826881344130634,34.9,8,0,0,1,0,0,1,0,0,0,0
0,0.1387,341.15,10.75577295,19.73,662,11940.0,11.033000784442674,60.6,0,0,0,0,0,0,1,0,0,0,0
0,0.1197,116.2,9.975994243,26.84,772,12990.0,7.321188556739478,11.4,2,0,0,0,1,0,0,0,0,0,0
0,0.1418,68.54,10.49127422,17.17,647,719.9583333,8.53030683056162,84.4,3,0,0,0,0,1,0,0,0,0,0
0,0.1418,342.66,11.41861479,12.99,657,3065.958333,8.861350110795998,44.1,0,2,0,1,0,1,0,0,0,0,0
0,0.1734,89.56,10.59663473,25.77,652,5609.958333,10.255797985839772,64.1,10,3,0,0,0,0,1,0,0,0,0
0,0.1355,407.52,10.59663473,3.9,662,3270.0,8.788898309344878,37.9,10,0,0,1,1,0,0,0,0,0,0
0,0.1861,535.95,11.007419,24.29,657,3180.0,10.271285406914535,72.0,1,0,0,0,0,0,1,0,0,0,0
0,0.1134,315.84,11.6351431,18.54,707,9899.958333,10.721150607793641,46.0,6,0,0,0,0,1,0,0,0,0,0
0,0.1197,249.0,11.1844214,5.7,682,9119.958333,9.290352309945568,32.0,5,0,0,0,0,0,1,0,0,0,0
0,0.1103,163.77,10.54534144,0.47,682,449.9583333,8.355850041007475,33.2,5,0,0,0,0,0,0,0,0,1,0
0,0.1418,342.66,10.4744671,7.63,657,4320.0,8.692490133273228,82.7,0,0,1,0,0,0,1,0,0,0,0
0,0.1482,414.93,10.54534144,9.76,652,2609.958333,8.635687085464026,54.6,0,0,0,0,0,0,1,0,0,0,0
0,0.1292,176.7,9.903487553,13.38,667,900.0,8.291045131081729,97.2,1,0,0,1,0,0,1,0,0,0,0
0,0.1766,807.8,12.04355372,26.97,682,9599.958333,11.69066989602107,95.0,0,0,0,0,0,0,1,0,0,0,0
0,0.145,688.42,11.32659589,25.4,717,6569.958333,10.201330329750538,75.9,0,0,0,1,0,0,1,0,0,0,0
0,0.1734,573.16,10.71708089,16.44,652,1859.958333,9.44943600950432,92.0,3,0,0,0,0,0,1,0,0,0,0
0,0.145,344.21,10.49127422,6.13,657,13740.0,9.11173476822206,78.1,1,0,0,0,0,0,1,0,0,0,0
0,0.1703,373.62,10.73639668,23.22,652,3005.958333,9.878631176537262,68.0,1,0,0,0,0,1,0,0,0,0,0
0,0.1797,361.38,11.28978191,29.72,672,8489.958333,10.161225748614838,77.2,2,3,0,0,0,0,1,0,0,0,0
0,0.0863,284.66,11.05089001,0.29,737,360.0,4.343805421853684,7.6,1,0,0,0,1,0,0,0,0,0,0
0,0.1829,411.99,11.46163217,20.48,652,7207.0,9.278559610953327,44.6,7,1,1,0,0,0,1,0,0,0,0
0,0.1734,182.7,10.69618591,26.78,657,1980.0,9.397815294010933,89.3,8,0,0,0,0,1,0,0,0,0,0
0,0.0945,179.26,11.77528973,3.06,722,4560.0,7.463936604468925,19.4,8,0,0,1,1,0,0,0,0,0,0
0,0.1418,123.36,10.55581274,19.81,652,5219.958333,7.428333194190806,46.7,7,2,0,1,0,0,0,1,0,0,0
0,0.1482,345.78,11.51292546,9.73,647,4799.958333,9.889287203134987,95.7,1,0,1,1,0,1,0,0,0,0,0
0,0.1197,166.0,10.30895266,20.76,687,4079.958333,9.584452402426324,68.9,4,0,0,0,0,0,1,0,0,0,0
0,0.1418,227.87,10.91508846,23.04,687,4079.958333,9.773891264365055,66.0,4,0,0,0,0,1,0,0,0,0,0
0,0.1387,85.29,10.1266311,4.18,647,509.9583333,7.876638460975463,38.2,4,0,0,0,0,0,1,0,0,0,0
0,0.1797,503.22,11.09741002,24.71,657,6870.0,10.26014749636236,93.7,7,0,0,1,0,1,0,0,0,0,0
0,0.1766,116.95,10.69194491,26.84,647,16260.0,10.355104426665436,97.6,4,1,0,0,1,0,0,0,0,0,0
0,0.1261,83.77,10.05057046,3.78,677,660.0,7.3453648404168685,70.4,3,0,0,1,0,0,0,1,0,0,0
0,0.1734,644.8,11.05089001,25.68,677,5579.958333,8.773694146384443,64.6,2,1,0,0,0,1,0,0,0,0,0
0,0.1355,183.39,10.3609124,3.11,657,5879.958333,8.385716828627851,54.8,5,0,0,1,1,0,0,0,0,0,0
0,0.1482,414.93,11.23434848,10.24,652,1889.958333,9.878836189094999,38.3,1,1,0,0,0,1,0,0,0,0,0
0,0.164,353.55,12.3883942,12.37,652,5850.958333,5.241747015059643,37.6,1,5,0,0,1,0,0,0,0,0,0
0,0.1071,163.01,11.28978191,12.08,702,6090.0,9.577411092097035,56.4,9,0,1,0,0,0,1,0,0,0,0
0,0.1766,21.59,10.0785327,26.89,642,720.0,6.206575926724928,99.0,2,0,0,1,1,0,0,0,0,0,0
0,0.1608,211.18,11.98292909,28.34,682,3749.958333,12.232461379868077,90.3,4,0,0,0,0,1,0,0,0,0,0
0,0.1166,247.9,11.1844214,21.22,702,3689.958333,11.381665775786713,33.6,1,0,0,0,1,0,0,0,0,0,0
0,0.145,309.79,10.81977828,27.84,692,3450.0,10.583726782795289,86.4,1,0,0,0,0,1,0,0,0,0,0
0,0.1734,644.8,11.40756495,25.59,687,4680.0,11.033533906693767,86.2,1,0,0,0,0,0,1,0,0,0,0
0,0.0945,224.07,11.51292546,7.6,717,4560.0,10.378043305129086,83.1,8,0,0,1,1,0,0,0,0,0,0
0,0.1197,196.71,11.38509209,20.84,687,5189.958333,10.69287629720916,83.3,17,0,1,1,0,0,1,0,0,0,0
0,0.1355,45.0,11.09741002,11.65,647,4620.0,9.351753124926507,94.3,0,0,0,1,1,0,0,0,0,0,0
0,0.164,530.33,11.40756495,18.12,657,6390.0,9.518266150905006,70.9,2,1,0,0,0,0,1,0,0,0,0
0,0.1103,163.77,11.6351431,5.0,682,9899.958333,10.32423528417545,37.0,4,0,0,0,1,0,0,0,0,0,0
0,0.1861,291.68,12.30138283,6.87,647,4049.958333,5.937536205082426,5.0,0,11,1,0,1,0,0,0,0,0,0
0,0.0832,15.75,11.51292546,14.02,747,1020.0,4.04305126783455,5.6,1,0,0,0,1,0,0,0,0,0,0
0,0.1482,242.05,10.6454249,11.14,642,1260.0,9.609317813948794,80.1,1,0,0,0,1,0,0,0,0,0,0
0,0.1418,143.92,10.40426284,9.2,647,4799.958333,8.61431990214696,96.6,1,1,1,1,0,0,1,0,0,0,0
0,0.1734,279.42,10.858999,28.36,672,4469.958333,9.792891131194102,92.3,1,0,1,0,0,0,1,0,0,0,0
0,0.1829,181.5,11.00209984,27.14,642,2370.0,10.544367280159596,85.1,1,0,0,0,0,1,0,0,0,0,0
0,0.1071,97.81,10.20359214,18.89,697,3812.0,0.0,81.3,0,0,0,0,0,0,1,0,0,0,0
0,0.1008,164.76,9.61580548,11.12,707,6209.958333,9.117786390365575,37.8,11,0,0,1,0,0,1,0,0,0,0
0,0.1261,308.26,11.46194791,27.4,747,6959.958333,11.103813715941866,40.5,7,0,0,1,1,0,0,0,0,0,0
0,0.1418,136.21,10.08580911,29.7,727,5640.0,9.196545660953994,16.4,0,1,0,0,0,1,0,0,0,0,0
0,0.1545,453.52,10.59663473,14.52,657,3810.0,9.05321861620397,82.2,3,0,0,0,0,0,1,0,0,0,0
0,0.1292,30.29,9.454070557,25.11,717,3180.0,8.184513753033722,50.6,0,0,0,0,0,0,1,0,0,0,0
0,0.1829,399.28,11.60823564,11.09,657,2130.0,10.619276463576899,2.4,1,0,0,1,0,1,0,0,0,0,0
0,0.0976,289.4,11.08723724,17.12,727,4560.0,10.69758805131066,22.8,4,0,0,0,1,0,0,0,0,0,0
0,0.1355,203.76,10.54534144,25.93,707,6915.0,10.583600150825614,92.9,0,0,0,1,1,0,0,0,0,0,0
0,0.1261,134.03,10.59663473,20.07,677,4409.958333,9.662816284353703,85.4,4,0,0,0,0,0,1,0,0,0,0
0,0.1482,193.64,11.19821472,20.6,657,3329.958333,7.681099001536359,83.3,2,0,0,1,1,0,0,0,0,0,0
0,0.1324,216.39,10.51867319,25.07,717,4590.0,9.540650806483587,43.0,0,0,0,0,0,1,0,0,0,0,0
0,0.1482,167.7,10.91828336,10.4,647,3600.0,8.72777821348305,67.1,1,3,1,1,0,0,1,0,0,0,0
0,0.145,314.1,10.89951325,17.24,657,2699.958333,9.27275163209758,71.9,1,0,0,0,0,0,1,0,0,0,0
0,0.1482,259.33,11.15625052,25.68,692,6959.958333,11.0778873545197,69.9,0,0,0,0,1,0,0,0,0,0,0
0,0.1418,270.7,10.77895629,15.1,657,4710.0,8.555066843844319,78.7,0,1,0,1,1,0,0,0,0,0,0
0,0.1387,163.75,10.73639668,22.72,662,2010.0,0.0,71.7,6,0,0,0,0,0,1,0,0,0,0
0,0.1292,201.94,10.57131693,25.48,732,3611.0,9.476390144300849,43.5,0,0,0,0,0,1,0,0,0,0,0
0,0.145,165.23,11.05089001,11.39,642,4019.958333,9.377886643187983,54.2,2,0,0,0,0,0,1,0,0,0,0
0,0.1355,190.18,10.57131693,6.77,657,725.0,8.494129251817686,57.5,0,0,0,0,0,0,0,1,0,0,0
0,0.1292,100.97,10.54534144,19.52,672,4529.958333,9.041211408968211,33.2,4,1,0,0,0,0,1,0,0,0,0
0,0.1576,148.04,10.81977828,21.5,652,5519.958333,9.78796446128059,55.5,1,0,0,1,0,1,0,0,0,0,0
0,0.1071,58.69,11.71993963,11.55,682,4950.0,9.671177113397102,63.4,6,0,0,0,0,1,0,0,0,0,0
0,0.1229,106.73,10.91508846,9.1,667,3480.0,6.968850378341948,59.0,12,0,0,1,0,0,1,0,0,0,0
0,0.1766,163.72,10.81977828,24.46,647,5790.0,9.724600092476456,70.6,0,0,0,0,0,0,0,0,1,0,0
0,0.1734,179.12,10.46310334,26.78,652,4230.0,8.537387898701757,92.7,5,1,1,1,0,0,1,0,0,0,0
0,0.1134,119.27,10.77895629,13.0,687,5519.958333,11.316204735887123,91.8,3,0,0,1,0,0,1,0,0,0,0
0,0.1355,119.71,10.55841352,10.91,657,5040.0,8.164510268747042,92.4,1,0,0,0,0,0,1,0,0,0,0
0,0.145,123.06,11.40756495,9.37,647,2850.0,9.944053514282789,74.4,1,0,0,0,0,0,1,0,0,0,0
0,0.1576,324.11,10.57131693,22.58,652,4889.958333,10.29654264056761,75.8,3,0,0,0,0,0,1,0,0,0,0
0,0.1513,266.55,11.8493977,18.08,647,2760.0,9.439784035838873,76.7,0,0,0,1,1,0,0,0,0,0,0
0,0.1861,227.87,11.00209984,26.08,642,5790.0,10.958078289109908,83.1,1,0,0,0,0,0,0,0,1,0,0
0,0.1261,73.72,10.59663473,10.53,667,3570.0,8.483222671845084,25.0,5,1,0,0,1,0,0,0,0,0,0
0,0.1482,74.35,10.46310334,13.68,642,3900.0,8.344742754417545,79.4,4,0,0,1,0,0,1,0,0,0,0
0,0.1482,79.53,11.22524339,16.05,652,3029.958333,6.796823718274855,89.4,1,0,0,1,1,0,0,0,0,0,0
0,0.1482,151.28,11.43154186,26.24,697,3449.958333,11.920621416229752,87.7,0,0,0,0,0,0,1,0,0,0,0
0,0.145,75.73,10.8365174,7.27,647,4409.958333,8.766861821669803,71.3,0,0,0,0,0,0,1,0,0,0,0
0,0.1482,172.89,10.858999,14.17,642,7439.958333,8.585972706811063,43.5,1,2,0,0,0,0,0,0,1,0,0
0,0.1734,143.29,10.30895266,28.56,667,2669.958333,9.612600349135398,82.1,5,1,0,0,0,0,1,0,0,0,0
0,0.1418,207.31,10.59663473,26.88,702,3096.0,9.436040652072082,71.6,0,0,0,1,0,0,1,0,0,0,0
0,0.1103,196.52,10.59663473,13.44,692,3480.0,9.871635623086945,73.9,4,0,0,0,0,0,1,0,0,0,0
0,0.1576,218.12,10.79939189,27.41,677,5189.958333,9.932220771359,96.2,0,0,0,0,0,0,1,0,0,0,0
0,0.1134,190.82,10.71441777,22.45,712,5129.958333,9.848714526688836,60.3,9,0,0,1,1,0,0,0,0,0,0
0,0.1766,179.92,11.91839057,27.86,652,5999.958333,11.61276175012524,99.7,7,0,0,1,0,0,1,0,0,0,0
0,0.1355,135.84,10.79957558,18.74,667,3540.0,9.692519577152051,88.5,4,1,0,0,0,0,1,0,0,0,0
0,0.1513,41.68,10.59663473,24.81,657,3870.0,8.963160242833732,85.8,5,1,1,1,1,0,0,0,0,0,0
0,0.1387,204.69,11.22524339,25.84,702,3248.0,10.325809777710715,69.2,0,0,0,0,0,0,1,0,0,0,0
0,0.1387,104.05,11.22524339,10.14,647,7260.0,9.749345206007481,54.6,2,0,0,0,0,1,0,0,0,0,0
0,0.1103,58.96,11.26076496,18.24,687,10379.95833,11.295900655914194,55.2,1,0,0,1,0,1,0,0,0,0,0
0,0.1482,207.47,11.15625052,12.65,642,7890.0,8.344980368770571,89.5,1,0,2,0,0,0,1,0,0,0,0
0,0.1418,102.8,10.40426284,22.79,657,1650.0,8.98205864280585,106.1,0,0,0,0,0,1,0,0,0,0,0
0,0.1324,104.81,10.71441777,12.0,657,8940.0,7.948031990637284,108.8,0,0,0,0,1,0,0,0,0,0,0
0,0.1324,108.2,11.253301,19.96,662,3210.0,9.560222295507314,71.3,5,0,0,0,0,1,0,0,0,0,0
0,0.1292,60.58,10.55581274,8.34,657,1620.958333,6.093569770045136,12.6,3,0,0,0,0,0,1,0,0,0,0
0,0.1475,103.63,10.49127422,15.87,642,2127.0,7.930206206684683,86.8,1,1,0,1,0,0,1,0,0,0,0
0,0.0945,115.24,11.40756495,10.43,717,7260.0,9.513772754519195,48.9,4,0,1,0,0,0,1,0,0,0,0
0,0.1229,116.74,11.03488966,26.74,737,5430.0,9.14494815320913,40.7,6,0,0,1,0,0,0,0,1,0,0
0,0.1071,202.13,11.1526727,10.63,697,3900.0,8.523572798380277,59.2,4,0,0,1,0,0,0,0,1,0,0
0,0.1482,242.05,11.39075783,16.3,647,3180.0,9.169622538697624,72.7,4,0,0,1,0,0,1,0,0,0,0
0,0.1166,90.9,10.46310334,10.15,677,899.9583333,7.7475968386928855,77.2,1,0,0,0,1,0,0,0,0,0,0
0,0.1387,170.58,11.22524339,16.16,652,3029.958333,6.796823718274855,89.4,1,0,0,1,1,0,0,0,0,0,0
0,0.1261,83.77,10.95080655,24.17,702,8459.958333,10.33315734934111,83.6,4,0,1,0,0,1,0,0,0,0,0
0,0.145,258.16,11.26446411,18.37,657,2190.0,9.806921584559797,55.8,1,0,0,0,0,0,1,0,0,0,0
0,0.1387,255.86,11.04764666,24.59,687,3089.958333,10.303236353648183,83.6,7,0,0,0,0,0,0,0,1,0,0
0,0.1703,107.01,11.40756495,28.3,667,7709.958333,10.666090830610614,79.1,5,0,0,0,0,0,1,0,0,0,0
0,0.1861,185.04,11.22524339,28.66,652,6150.0,10.113424276363055,72.3,3,0,0,0,0,0,1,0,0,0,0
0,0.08,125.35,10.30895266,12.2,752,539.9583333,4.2626798770413155,2.9,0,0,0,0,0,0,0,0,0,1,0
0,0.145,68.85,11.12726298,24.16,662,5370.0,9.259035293514941,100.0,1,0,0,1,1,0,0,0,0,0,0
0,0.1134,210.56,10.6454249,5.6,682,1199.958333,8.458292083496076,61.2,6,0,0,1,1,0,0,0,0,0,0
0,0.1513,260.47,10.98536052,17.59,647,3480.0,9.004053937728395,79.0,3,0,0,1,0,0,1,0,0,0,0
0,0.1482,138.31,10.12647109,3.55,642,509.9583333,7.778211474512493,88.4,3,0,0,0,1,0,0,0,0,0,0
0,0.145,175.55,10.71441777,26.4,697,3840.0,8.543445562560303,41.4,2,0,0,0,0,0,1,0,0,0,0
0,0.1324,57.48,10.17381999,11.72,652,2520.0,8.848365694942547,31.2,2,1,0,0,0,0,1,0,0,0,0
0,0.1355,163.01,10.50232405,4.65,652,2040.0,8.452121194672523,80.8,1,1,0,0,0,1,0,0,0,0,0
0,0.1261,46.91,9.740968623,20.4,672,990.0,8.122371243406553,42.1,6,0,0,0,0,0,0,0,0,1,0
0,0.1134,230.3,11.41751528,11.93,677,3029.958333,9.470085825734941,96.8,4,0,0,1,1,0,0,0,0,0,0
0,0.1418,102.8,10.71441777,6.69,652,4260.0,9.462110252078716,66.6,1,0,0,1,1,0,0,0,0,0,0
0,0.1134,210.56,10.91501573,2.71,682,720.0,8.668368019213355,49.3,1,0,0,0,1,0,0,0,0,0,0
0,0.0976,188.91,10.59663473,17.43,727,4559.958333,3.5263605246161616,0.1,4,0,1,1,0,0,0,0,1,0,0
0,0.08,94.01,9.546812609,1.29,737,390.0,4.61512051684126,1.0,2,0,0,0,0,0,0,0,0,1,0
0,0.1324,84.53,9.952277717,3.94,662,720.0,8.132412674500905,64.2,1,0,0,1,0,0,1,0,0,0,0
0,0.145,165.23,11.39075783,19.75,647,3210.0,9.208037722913508,75.6,3,0,0,1,0,1,0,0,0,0,0
0,0.164,265.17,11.28978191,28.35,682,3300.0,11.02553963682673,85.1,0,0,0,0,1,0,0,0,0,0,0
0,0.1861,244.28,11.8313792,28.26,642,3809.958333,12.230848181511574,88.3,3,0,0,0,1,0,0,0,0,0,0
0,0.1482,62.24,11.00209984,21.86,647,2790.0,10.763292585423422,89.2,3,0,0,0,0,0,1,0,0,0,0
0,0.1166,247.9,11.22524339,20.67,707,4230.0,11.2340313318847,58.6,2,0,0,0,0,0,1,0,0,0,0
0,0.1355,135.84,10.71441777,17.63,657,1050.0,9.434683203865875,53.0,1,0,0,0,0,0,0,1,0,0,0
0,0.0832,62.97,10.6454249,0.29,727,570.0,5.723585101952381,8.0,2,0,0,0,0,0,0,0,1,0,0
0,0.1166,247.9,11.05089001,17.5,682,3540.0,7.8383433155571165,19.1,6,0,0,0,0,0,1,0,0,0,0
0,0.1229,33.36,9.740968623,1.62,662,539.9583333,6.892641641172089,98.4,1,0,0,0,0,0,0,0,0,1,0
0,0.1134,33.73,9.392661929,20.4,697,990.0,6.089044875446846,11.9,3,0,0,1,1,0,0,0,0,0,0
0,0.1292,252.42,10.818177,18.87,672,4559.958333,8.623353387244627,54.5,5,2,0,0,0,0,1,0,0,0,0
0,0.1545,69.78,10.79957558,17.85,642,4590.0,7.43307534889858,4.3,1,2,0,0,0,0,1,0,0,0,0
0,0.1229,250.15,11.56171563,21.34,687,4230.0,9.949798455399378,51.8,7,0,0,1,0,0,0,1,0,0,0
0,0.1482,259.33,11.17043516,24.73,672,5880.0,10.459468169808975,75.7,4,0,0,0,1,0,0,0,0,0,0
0,0.1387,255.86,12.01370075,20.95,672,6389.958333,9.567315270923913,34.3,5,1,0,0,1,0,0,0,0,0,0
0,0.0863,126.52,9.903487553,0.9,732,570.0,3.6375861597263857,1.5,3,0,0,0,1,0,0,0,0,0,0
0,0.1387,75.06,10.59663473,10.35,642,1589.958333,9.359363643368622,77.9,1,0,0,1,0,1,0,0,0,0,0
0,0.1292,64.79,10.34174248,21.65,667,1050.0,9.37644785490711,42.9,8,0,0,1,1,0,0,0,0,0,0
0,0.1292,252.42,12.07254125,14.78,667,7530.0,11.342801217631655,95.9,4,0,0,0,0,0,1,0,0,0,0
0,0.0945,160.05,10.59663473,10.53,722,3240.0,9.784478765953926,30.7,4,0,0,0,0,0,1,0,0,0,0
0,0.1103,98.26,10.59663473,3.09,677,1291.958333,8.048149101665201,104.2,0,0,0,0,1,0,0,0,0,0,0
0,0.1418,164.48,10.46321762,2.37,647,3630.0,7.6787889981991535,61.7,2,0,0,0,1,0,0,0,0,0,0
0,0.0832,220.39,10.1266311,2.21,732,2031.958333,7.358193752733032,9.1,4,0,0,0,1,0,0,0,0,0,0
0,0.1387,238.81,10.30895266,10.8,657,2324.958333,8.650149418664864,48.8,0,1,0,0,1,0,0,0,0,0,0
0,0.1039,243.38,12.08953883,15.69,712,4410.0,11.991256822232156,62.9,3,0,0,0,1,0,0,0,0,0,0
0,0.164,265.17,11.22021745,24.01,657,1589.958333,9.079434102128383,52.5,4,0,0,0,0,0,1,0,0,0,0
0,0.0832,157.43,10.81977828,0.6,737,609.0,6.881411303642535,8.3,0,0,0,0,1,0,0,0,0,0,0
0,0.0945,240.08,11.69524702,19.46,752,10769.95833,12.157339229750521,80.8,1,0,0,1,1,0,0,0,0,0,0
0,0.1261,234.55,11.1844214,25.78,742,12218.95833,10.877386597030597,71.1,3,0,0,0,0,1,0,0,0,0,0
0,0.0945,143.25,11.06657586,9.17,722,5790.0,8.469052816088302,58.1,8,0,0,0,0,0,0,0,1,0,0
0,0.1355,203.76,11.48242502,12.15,657,3241.0,9.095939111666207,70.2,3,0,0,1,0,0,1,0,0,0,0
0,0.1387,119.41,11.26446411,8.86,647,2910.0,8.589885876809678,71.7,8,1,0,1,1,0,0,0,0,0,0
0,0.1355,135.84,10.858999,10.99,652,6990.0,9.35772535888924,54.0,3,0,1,1,0,0,1,0,0,0,0
0,0.145,258.16,10.96819829,16.04,652,3514.0,6.84587987526405,11.7,1,0,1,1,0,1,0,0,0,0,0
0,0.1861,58.34,11.72964845,28.29,642,6359.958333,11.211063328944613,98.1,0,0,0,0,1,0,0,0,0,0,0
0,0.1134,246.75,11.81303006,21.32,712,12450.0,11.244117484283745,68.8,14,0,1,1,0,0,1,0,0,0,0
0,0.1387,218.34,10.6454249,17.37,657,1710.0,9.025575833531088,85.7,0,1,0,0,0,1,0,0,0,0,0
0,0.1355,220.74,11.3083583,10.95,657,4620.0,8.303504798872783,21.1,0,0,0,0,0,1,0,0,0,0,0
0,0.1324,60.86,10.34817337,10.85,652,1169.958333,5.093750200806762,54.0,1,0,0,0,1,0,0,0,0,0,0
0,0.1229,160.1,10.91508846,14.64,667,4229.958333,9.940301525658844,89.1,6,1,0,1,1,0,0,0,0,0,0
0,0.0832,56.68,10.73639668,0.65,732,809.9583333,5.736572297479192,9.1,1,0,0,0,1,0,0,0,0,0,0
0,0.0976,128.62,10.75248397,7.29,707,990.0,0.0,19.3,0,0,0,0,0,0,0,0,0,1,0
0,0.145,189.32,10.59663473,4.89,642,4680.0,8.301769763117166,62.0,0,0,0,0,0,0,1,0,0,0,0
0,0.1039,48.68,8.9226583,4.96,687,600.0,7.578145472419466,43.4,1,0,0,0,0,1,0,0,0,0,0
0,0.1703,124.84,11.15625052,25.51,662,5189.958333,8.917578753781104,90.5,8,0,0,1,1,0,0,0,0,0,0
0,0.1008,242.29,11.56171563,13.37,712,5279.958333,8.611775833902186,13.1,6,0,0,0,0,0,1,0,0,0,0
0,0.1229,40.03,10.23995979,7.64,662,1020.0,7.779885115070522,99.6,0,0,0,0,1,0,0,0,0,0,0
0,0.1222,208.25,10.6454249,9.71,682,3599.958333,10.279077475025472,78.1,5,0,0,0,0,0,1,0,0,0,0
0,0.06,184.28,10.35964577,7.49,647,2369.958333,8.972717499397138,63.1,1,0,0,0,0,0,1,0,0,0,0
0,0.1166,181.79,9.903687533,9.9,677,1471.0,8.53934599605737,104.3,4,0,0,0,0,0,1,0,0,0,0
0,0.0976,96.47,9.472396897,5.45,702,660.0,7.293697720601438,21.6,0,0,0,1,0,0,1,0,0,0,0
0,0.08,94.01,9.903487553,7.66,732,1080.0,6.703188113240863,9.5,0,0,0,0,1,0,0,0,0,0,0
0,0.0976,97.27,9.68009397,1.73,707,755.0,6.63200177739563,47.4,1,0,0,0,0,0,0,0,0,1,0
0,0.164,197.99,11.05089001,26.46,662,2309.958333,9.571087015284968,42.1,2,0,0,0,0,0,1,0,0,0,0
0,0.1576,122.64,10.96812932,28.7,692,3869.958333,9.176059437999308,50.9,5,0,0,0,0,0,1,0,0,0,0
0,0.1513,260.47,11.22524339,17.76,647,5850.0,9.465215121451847,70.1,0,0,0,0,0,0,0,0,1,0,0
0,0.1324,114.96,10.30895266,23.44,687,990.0,8.146709052203319,30.3,2,0,0,0,0,1,0,0,0,0,0
0,0.1355,254.7,10.91508846,15.1,662,3900.0,9.775654181026242,41.7,11,0,0,0,0,0,0,0,1,0,0
0,0.1103,128.56,10.6454249,14.46,692,4109.958333,8.03398273468322,16.3,4,1,0,0,0,0,1,0,0,0,0
0,0.0768,182.46,10.26813067,0.42,782,2580.0,6.1092475827643655,15.0,1,0,0,0,1,0,0,0,0,0,0
0,0.1355,135.84,10.9331784,8.98,652,3630.0,7.134890851565884,96.5,2,0,0,0,1,0,0,0,0,0,0
0,0.1197,249.0,11.88448902,18.16,682,6689.958333,11.569910530452885,49.3,8,0,0,1,0,0,1,0,0,0,0
0,0.1576,63.95,9.903687533,25.07,667,1319.958333,8.59637398929068,35.6,3,0,0,0,0,0,1,0,0,0,0
0,0.1324,169.05,10.83958091,9.22,657,4949.958333,8.014666370464942,65.7,1,0,2,0,1,0,0,0,0,0,0
0,0.145,41.31,10.81627215,22.2,652,2999.958333,9.454070556898781,78.8,2,0,0,0,1,0,0,0,0,0,0
0,0.1355,81.51,10.17198681,22.94,662,479.9583333,6.326149473155099,22.3,4,0,0,0,1,0,0,0,0,0,0
0,0.1261,75.39,11.66838957,11.74,667,3359.958333,5.351858133476067,70.0,11,1,0,0,1,0,0,0,0,0,0
0,0.1071,32.61,9.998797732,14.7,687,3119.958333,8.812992231969966,101.8,2,0,0,1,1,0,0,0,0,0,0
0,0.1103,245.65,11.09741002,6.38,692,3630.0,10.051605787988585,85.6,4,0,0,0,0,1,0,0,0,0,0
0,0.1134,213.85,11.42954386,2.78,682,3869.958333,10.397482328890645,65.0,4,0,0,0,0,1,0,0,0,0,0
0,0.1324,67.62,10.37349118,6.94,652,3180.0,7.751475318021456,12.9,1,2,2,0,0,0,1,0,0,0,0
0,0.1608,149.59,10.46321762,26.36,667,6960.0,8.801619971147346,35.9,12,0,0,0,1,0,0,0,0,0,0
0,0.1261,134.03,10.00784757,23.02,702,1050.0,7.916078096302786,21.1,6,0,0,0,0,0,1,0,0,0,0
0,0.1324,121.72,11.231623,9.14,657,3180.0,8.147288258706624,53.1,0,0,0,0,1,0,0,0,0,0,0
0,0.1039,113.58,11.15625052,12.86,692,3839.958333,8.774931387494947,8.7,15,0,0,1,0,0,0,0,0,1,0
0,0.1197,199.2,10.77895629,15.38,677,4229.958333,8.508555998020574,40.0,4,0,0,0,0,0,1,0,0,0,0
0,0.1703,107.01,11.15625052,25.03,657,7950.0,10.689191124703777,94.8,0,0,0,0,0,0,0,0,1,0,0
0,0.1261,67.02,11.9511804,17.69,662,4410.0,10.377732176039117,91.1,11,0,0,0,0,0,0,1,0,0,0
0,0.1355,61.13,10.95080655,11.22,652,4919.958333,8.374476889214643,98.5,4,0,0,0,1,0,0,0,0,0,0
0,0.1418,95.95,10.81977828,8.5,642,3839.958333,8.331345424845724,45.6,2,0,0,0,0,0,1,0,0,0,0
0,0.1286,252.2,10.42228135,8.93,667,1719.0,8.617762246337932,87.7,4,0,0,1,0,0,1,0,0,0,0
0,0.1482,186.72,10.77895629,19.4,652,4619.958333,9.95674391883656,85.1,3,1,0,1,1,0,0,0,0,0,0
0,0.08,141.02,10.16600565,1.43,767,929.9583333,6.964135612418245,23.5,0,0,0,0,1,0,0,0,0,0,0
0,0.1513,243.11,10.73630972,18.91,652,2729.958333,9.444226019822295,76.6,0,0,0,0,0,0,0,0,0,1,0
0,0.1197,194.22,11.60827201,11.62,677,4290.0,9.618402105931613,93.3,4,0,0,0,0,0,1,0,0,0,0
0,0.145,258.16,11.91839057,26.27,697,5070.0,11.420250809119585,95.4,2,0,0,0,0,0,1,0,0,0,0
0,0.1418,181.61,10.91501573,10.04,657,5100.0,8.224163512637862,70.4,3,0,0,0,0,0,1,0,0,0,0
0,0.1349,42.42,9.798127037,4.67,652,869.9583333,7.05444965813294,0.0,1,0,0,1,0,0,0,1,0,0,0
0,0.1103,245.65,10.71441777,11.41,687,4830.0,8.546557800046141,12.7,7,0,0,0,0,1,0,0,0,0,0
0,0.1418,102.8,9.998797732,15.44,647,1500.0,8.971194463184467,66.2,1,2,0,1,0,0,1,0,0,0,0
0,0.1159,231.14,11.06676335,10.63,687,3149.958333,8.568076401730806,24.2,10,0,0,1,1,0,0,0,0,0,0
0,0.1261,251.3,10.66895539,11.72,667,1020.0,0.6931471805599453,0.0,0,0,0,0,0,0,1,0,0,0,0
0,0.1387,136.46,10.25765937,10.21,647,3660.0,7.303843225277705,74.2,5,0,1,0,1,0,0,0,0,0,0
0,0.1545,261.65,10.91508846,24.94,667,5190.0,10.638400282328542,95.2,8,0,0,1,0,1,0,0,0,0,0
0,0.1001,242.04,11.73606902,18.85,737,6570.0,12.53145504516478,23.9,1,0,0,0,1,0,0,0,0,0,0
0,0.1475,202.08,10.46321762,25.09,687,1977.958333,8.656781205623291,25.4,0,0,0,0,0,1,0,0,0,0,0
0,0.1222,193.26,10.15393494,20.88,687,6120.0,9.092007185014317,78.6,4,0,0,0,0,0,1,0,0,0,0
0,0.1854,145.7,11.00209984,28.41,657,1740.0,9.811536723788219,70.2,0,0,0,0,1,0,0,0,0,0,0
0,0.1222,249.9,11.09741002,12.11,677,5070.0,8.57922858233569,106.4,0,0,0,0,0,1,0,0,0,0,0
0,0.1507,260.25,11.69524702,14.84,652,7260.0,9.993419660036736,82.5,2,4,0,1,1,0,0,0,0,0,0
0,0.0863,113.87,10.43399815,0.71,717,599.9583333,5.921578419643816,7.4,0,0,0,0,1,0,0,0,0,0,0
0,0.138,170.41,10.30895266,17.88,657,509.9583333,7.709756864454165,34.8,2,0,0,0,1,0,0,0,0,0,0
0,0.1317,81.07,9.85198371,24.51,687,929.9583333,0.0,0.0,0,0,0,1,1,0,0,0,0,0,0
0,0.1507,138.8,10.46310334,17.47,642,3660.0,6.990256500493881,77.5,3,0,0,0,1,0,0,0,0,0,0
0,0.1412,205.42,10.83958091,9.01,657,5219.958333,8.30671904320269,34.6,4,3,0,1,1,0,0,0,0,0,0
0,0.1601,263.72,10.71441777,22.83,652,3539.958333,9.619598278323043,99.1,1,0,0,0,0,1,0,0,0,0,0
0,0.1507,86.75,10.04324949,24.47,667,2491.0,8.383661798791715,52.7,4,0,0,0,1,0,0,0,0,0,0
0,0.1665,266.1,10.81977828,20.93,642,5041.0,9.669788487282402,56.3,3,0,0,0,0,0,0,0,1,0,0
0,0.1412,239.66,11.17043516,6.24,657,2490.0,9.05473863988161,80.7,3,0,0,0,0,1,0,0,0,0,0
0,0.1064,244.27,10.59663473,2.07,702,11730.0,6.396929655216146,3.2,8,1,1,1,0,1,0,0,0,0,0
0,0.097,160.64,10.42797937,7.24,717,1050.0,7.700295203420117,15.7,3,0,0,0,1,0,0,0,0,0,0
0,0.1254,150.63,10.91508846,10.89,662,5760.0,9.932026417342549,29.7,11,0,0,0,0,1,0,0,0,0,0
0,0.1355,169.8,11.46163217,7.79,657,1964.958333,9.303739636234733,98.9,4,0,0,0,0,1,0,0,0,0,0
0,0.1191,364.89,11.05673006,13.9,687,2339.958333,10.041291056683322,66.0,4,0,0,0,0,1,0,0,0,0,0
0,0.1538,306.7,10.4487146,7.86,647,5279.958333,8.9126079636709,73.7,1,0,0,0,0,0,1,0,0,0,0
0,0.157,245.07,10.30895266,24.12,662,1770.0,9.458371638798171,69.6,4,0,0,0,0,0,1,0,0,0,0
0,0.1191,116.1,11.60827201,8.44,672,4259.958333,5.968707559985366,32.5,4,0,0,0,1,0,0,0,0,0,0
0,0.157,235.44,10.4487146,8.7,647,5279.958333,9.722624930978418,91.2,4,0,0,1,0,0,1,0,0,0,0
0,0.1696,534.5,12.12269104,12.76,647,2190.0,10.80576049264208,99.2,0,0,0,1,0,1,0,0,0,0,0
0,0.1191,497.58,11.08214255,19.66,702,1949.958333,10.126070946991774,49.6,5,0,0,0,0,0,0,0,1,0,0
0,0.1791,144.43,10.86856845,29.9,662,3119.958333,9.6469164751094,65.3,0,1,0,0,1,0,0,0,0,0,0
0,0.1064,35.83,9.547098282,4.2,687,3210.0,6.940222469119639,9.5,4,0,0,0,1,0,0,0,0,0,0
0,0.1696,503.32,10.71441777,18.8,652,2523.0,9.35686202463895,60.9,1,0,0,0,1,0,0,0,0,0,0
0,0.1538,174.26,10.77895629,15.65,652,4020.0,6.804614520062624,42.9,1,0,1,0,1,0,0,0,0,0,0
0,0.0863,170.8,10.68051622,10.18,742,2399.958333,0.0,17.7,3,0,0,0,0,1,0,0,0,0,0
0,0.1886,274.39,11.31447453,27.26,652,3543.958333,10.021981446583917,95.8,3,0,0,0,0,0,1,0,0,0,0
0,0.157,262.57,10.87039535,21.38,652,4650.0,9.905136192781653,72.1,1,0,0,0,0,0,1,0,0,0,0
0,0.157,157.55,10.65608219,23.89,662,2130.0,8.587092318795905,42.2,12,0,0,1,0,0,0,1,0,0,0
0,0.1412,140.37,11.1844214,1.57,652,1649.958333,8.254008590564844,27.4,3,2,0,0,1,0,0,0,0,0,0
0,0.1601,281.3,11.40756495,5.93,657,2819.958333,10.830639091743029,54.6,0,0,0,0,0,1,0,0,0,0,0
0,0.1191,232.2,12.56024446,4.33,682,2250.0,9.913734868987678,1.2,6,0,0,1,1,0,0,0,0,0,0
0,0.1064,50.49,10.30895266,15.6,697,6389.958333,6.990256500493881,11.4,11,1,0,0,1,0,0,0,0,0,0
0,0.138,40.9,10.46310334,26.19,707,2100.0,9.303466349965667,57.2,4,0,0,0,1,0,0,0,0,0,0
0,0.1412,134.38,11.2553328,12.37,657,3059.958333,9.320360017014732,40.0,3,0,0,0,0,1,0,0,0,0,0
0,0.1412,71.9,10.6454249,8.11,652,2850.0,8.52872642722991,26.6,2,1,0,1,0,0,0,1,0,0,0
0,0.1317,233.06,11.91839057,8.6,697,7919.958333,9.966180621874551,3.4,7,0,0,1,0,1,0,0,0,0,0
0,0.1886,155.49,10.9455436,27.6,667,4259.958333,10.632942554049004,99.2,3,0,0,0,0,1,0,0,0,0,0
0,0.138,109.06,10.86856845,17.44,652,3930.0,8.531293315795018,64.2,1,3,0,0,0,0,0,0,0,1,0
0,0.1159,166.75,10.7045021,8.0,687,5309.958333,9.147187556970914,50.2,4,0,0,0,0,0,1,0,0,0,0
0,0.1096,111.25,10.2327913,12.52,702,1709.958333,8.294049640102028,21.5,4,0,0,0,1,0,0,0,0,0,0
0,0.1475,259.08,10.7342204,17.73,652,5001.958333,8.721276239991704,68.9,1,0,0,0,0,0,1,0,0,0,0
0,0.138,160.18,10.46310334,11.28,667,3512.958333,6.725033642166843,27.7,4,1,0,0,0,0,1,0,0,0,0
0,0.1507,152.68,11.00209984,9.94,642,6690.0,8.660600654710967,69.5,1,2,0,0,1,0,0,0,0,0,0
0,0.1317,183.24,10.6454249,11.83,667,2789.958333,0.0,0.0,4,0,0,0,0,0,0,0,0,1,0
0,0.1854,109.28,10.69194491,26.68,647,9840.0,9.93721242193775,89.5,2,0,0,0,0,0,0,1,0,0,0
0,0.1411,266.99,10.59663473,19.5,672,3749.958333,8.237743803890933,16.2,4,0,0,0,0,0,1,0,0,0,0
0,0.1128,73.14,10.87804719,16.78,702,5160.0,10.354977098955573,52.8,5,0,0,0,0,0,1,0,0,0,0
0,0.1412,119.83,10.71441777,10.19,657,3210.0,9.187276432377631,86.4,4,0,0,0,1,0,0,0,0,0,0
0,0.1759,269.61,10.89673933,27.47,672,3720.0,10.069806751852576,62.3,6,1,0,1,0,1,0,0,0,0,0
0,0.1507,41.64,10.59182318,18.27,652,3342.0,9.149421957006766,93.1,3,0,0,0,0,0,1,0,0,0,0
0,0.138,170.41,11.2515607,14.01,657,2880.0,10.019446703703723,66.4,2,0,0,0,0,1,0,0,0,0,0
0,0.1601,263.72,11.51292546,19.58,642,5520.0,10.141204395699798,77.1,0,2,0,1,0,0,1,0,0,0,0
0,0.1286,235.39,10.20359214,26.62,792,6050.958333,9.014447135152134,10.1,0,0,0,0,0,1,0,0,0,0,0
0,0.138,61.35,9.852194258,3.85,682,959.9583333,7.154615356913663,85.3,0,0,0,0,0,0,0,1,0,0,0
0,0.1538,209.12,10.08580911,11.5,657,8070.0,9.06958293425992,90.5,0,1,0,0,1,0,0,0,0,0,0
0,0.157,227.56,11.86709728,22.32,652,6809.958333,11.061720037185262,82.1,1,1,0,0,0,0,0,0,1,0,0
0,0.1886,245.13,10.71441777,25.76,647,3539.958333,10.371614421769003,82.7,4,0,0,0,0,1,0,0,0,0,0
0,0.1475,55.27,11.55214618,16.97,652,3929.958333,10.346280557910271,52.6,1,1,0,0,0,0,1,0,0,0,0
0,0.1696,223.6,11.28978191,19.89,642,4649.958333,9.681156171322476,44.2,6,1,0,0,0,0,1,0,0,0,0
0,0.1254,192.47,11.8473957,10.85,687,4619.958333,11.282203268132468,73.8,6,0,0,1,0,0,0,0,1,0,0
0,0.1443,257.91,10.818177,17.67,657,3690.0,9.232297539328226,70.0,1,0,1,0,0,1,0,0,0,0,0
0,0.1317,185.77,11.01862914,13.79,677,2701.0,10.14478531443038,70.7,5,0,0,0,0,1,0,0,0,0,0
0,0.1191,202.35,11.00209984,21.82,712,3274.0,10.391269703133506,65.0,4,0,0,1,0,1,0,0,0,0,0
0,0.1317,253.32,11.56171563,1.03,677,3660.0,8.190908881182514,44.0,4,0,0,1,1,0,0,0,0,0,0
0,0.1443,165.92,10.37349118,28.76,727,3240.0,9.331318298529085,46.6,0,0,0,0,0,0,1,0,0,0,0
0,0.1728,125.28,11.19547123,21.1,642,6240.0,10.91777575929152,91.9,3,0,0,1,1,0,0,0,0,0,0
0,0.157,175.05,10.34174248,25.63,677,7169.958333,9.134322885552267,16.0,0,3,0,0,1,0,0,0,0,0,0
0,0.1286,41.2,10.71441777,16.67,677,4500.0,9.953372355465126,93.0,4,0,0,0,0,0,1,0,0,0,0
0,0.1538,51.41,10.57544174,21.66,647,3509.958333,8.288031567776464,81.1,4,0,0,0,1,0,0,0,0,0,0
0,0.1665,229.73,11.15625052,21.02,642,2250.0,9.558035114334135,60.2,1,0,0,0,0,0,1,0,0,0,0
0,0.1728,153.02,11.00209984,23.28,642,9450.0,9.833172378621102,70.6,2,1,1,0,1,0,0,0,0,0,0
0,0.1791,86.66,11.10721033,2.45,647,720.0,7.379008127628304,50.0,3,0,0,0,0,0,1,0,0,0,0
0,0.1254,193.31,11.49272276,12.33,677,5999.958333,10.180778321920783,43.0,4,0,0,0,0,0,1,0,0,0,0
0,0.1665,170.3,10.84801583,24.8,657,4892.0,10.314868461073596,63.7,0,0,0,0,0,0,1,0,0,0,0
0,0.1443,137.55,11.28978191,20.37,662,8279.958333,10.238351353460745,66.9,4,2,0,1,1,0,0,0,0,0,0
0,0.1665,266.1,12.15477935,17.92,667,6960.0,11.915867392533954,64.3,8,0,0,0,0,1,0,0,0,0,0
0,0.1475,103.63,10.57131693,5.23,652,1800.0,7.630946580890459,12.7,0,4,0,0,1,0,0,0,0,0,0
0,0.1601,246.14,11.38509209,16.83,647,1739.958333,10.750878265755231,87.8,1,0,0,0,0,1,0,0,0,0,0
0,0.1507,52.05,9.035986985,10.0,652,1019.958333,7.475905969367397,53.5,2,1,0,0,0,0,0,1,0,0,0
0,0.1475,84.64,11.1844214,5.48,662,1080.0,7.696212639346407,56.4,2,0,0,0,0,1,0,0,0,0,0
0,0.1507,227.29,11.40756495,18.2,652,2879.958333,10.928704435627461,79.8,1,0,0,0,0,0,1,0,0,0,0
0,0.1254,199.17,10.71441777,8.21,697,2280.0,5.986452005284438,3.1,6,1,0,0,0,1,0,0,0,0,0
0,0.1443,68.78,11.51292546,27.18,697,4050.0,10.8863335206103,88.2,3,0,0,1,1,0,0,0,0,0,0
0,0.1159,198.12,10.81977828,6.5,682,2640.0,9.18993356219852,54.4,4,0,0,0,0,1,0,0,0,0,0
0,0.1601,112.52,11.14836235,27.21,667,3630.0,8.866158492284917,74.8,2,1,0,0,1,0,0,0,0,0,0
0,0.1412,59.92,11.56171563,17.7,657,3989.958333,10.33315734934111,55.7,1,1,0,0,0,0,1,0,0,0,0
0,0.1759,107.85,10.75907241,29.74,662,4500.0,7.88758403166028,20.3,0,1,0,0,0,0,0,1,0,0,0
0,0.1936,81.05,10.27505111,23.34,667,2039.958333,8.703008637464448,65.4,9,0,1,1,0,0,0,1,0,0,0
0,0.1241,250.58,11.51292546,15.88,692,4649.958333,10.12137732690179,60.7,5,0,0,1,1,0,0,0,0,0,0
0,0.1936,276.29,11.91839057,25.47,667,6991.0,11.932885019228845,66.3,7,0,0,0,0,0,1,0,0,0,0
0,0.1367,221.12,11.91839057,14.8,672,6511.958333,11.387634313823524,89.4,4,0,0,1,0,1,0,0,0,0,0
0,0.1588,140.4,10.34174248,21.45,652,2613.0,9.319912008405474,54.7,2,0,0,0,0,0,1,0,0,0,0
0,0.1304,337.14,11.00209984,15.92,692,9389.958333,9.101529466118004,31.6,6,2,0,0,0,0,1,0,0,0,0
0,0.1146,276.84,10.93221371,7.29,707,2670.0,8.72891172506098,25.8,5,0,0,1,0,0,0,0,1,0,0
0,0.1146,659.14,11.49272276,15.75,717,7050.0,11.574650657407167,56.7,3,0,0,0,0,0,0,0,0,0,1
0,0.1367,85.05,11.08220409,4.19,667,11939.95833,7.7702232041587855,21.5,4,1,1,0,0,0,1,0,0,0,0
0,0.1462,275.84,10.82337182,16.12,662,2759.958333,8.289790583181643,48.0,5,1,0,0,0,0,1,0,0,0,0
0,0.1715,116.12,10.1266311,22.32,672,2519.958333,9.505320746909074,79.5,9,0,0,0,0,0,1,0,0,0,0
0,0.1114,262.45,12.61153775,17.54,732,5130.0,12.449026667247061,91.8,4,0,0,0,0,1,0,0,0,0,0
0,0.1304,674.27,11.8493977,4.89,697,6149.958333,10.194738249864933,47.1,4,0,0,0,0,0,0,0,0,0,1
0,0.1304,202.28,11.15625052,10.77,677,3120.0,5.501258210544727,8.7,6,0,0,0,0,0,0,0,1,0,0
0,0.1336,541.89,11.05089001,16.69,702,4709.958333,9.879041159631202,68.0,6,0,0,1,0,0,1,0,0,0,0
0,0.1715,857.46,12.30951332,12.7,672,3179.958333,10.599131613294661,52.8,6,0,0,0,0,0,1,0,0,0,0
0,0.1114,262.45,10.71441777,6.93,722,7169.958333,10.189079943122826,65.4,4,1,0,0,0,0,1,0,0,0,0
0,0.1336,677.36,11.7829526,15.16,682,7830.0,11.805789089962438,67.9,0,0,0,0,0,0,0,0,0,0,1
0,0.1209,266.06,11.33857208,9.87,702,3420.0,6.982862751468942,15.8,5,0,0,0,1,0,0,0,0,0,0
0,0.1525,869.7,12.20607265,9.49,682,4679.958333,10.896813396877137,48.4,5,0,0,1,0,0,1,0,0,0,0
0,0.1367,850.44,11.60823564,23.05,702,3989.958333,12.383817076581016,80.5,1,0,0,0,0,0,0,0,0,0,1
0,0.1588,701.96,11.28978191,0.98,697,1140.0,8.132118772955806,5.8,7,0,0,0,1,0,0,0,0,0,0
0,0.1683,302.33,11.00209984,14.68,682,11520.0,0.0,0.0,9,1,0,0,0,0,1,0,0,0,0
0,0.1525,869.7,11.7905572,11.74,707,2220.041667,9.942467852177012,57.1,7,0,0,0,0,0,0,0,0,0,1
0,0.1778,901.06,11.28978191,12.99,672,5610.041667,10.47027754421955,83.5,6,1,0,0,0,0,1,0,0,0,0
0,0.0938,127.91,11.69524702,6.46,727,5101.0,11.83857506181602,49.4,1,0,0,0,0,0,0,0,1,0,0
0,0.1304,168.57,10.29200994,20.38,672,2370.041667,8.42222295382501,56.1,4,0,0,1,0,0,1,0,0,0,0
0,0.1272,268.48,10.51867319,14.4,707,2280.041667,7.8160138391590275,45.1,6,0,0,0,1,0,0,0,0,0,0
0,0.1304,539.42,11.21182037,6.11,697,2430.0,9.73613342286396,71.1,5,0,0,0,0,0,1,0,0,0,0
0,0.1178,165.55,9.998615898,2.07,702,3720.041667,7.180069874302796,17.0,4,0,0,0,0,0,1,0,0,0,0
0,0.1209,665.15,12.57764999,10.06,712,8310.0,12.261810050214676,0.0,4,0,0,0,0,0,0,0,1,0,0
0,0.143,257.43,10.75798798,22.85,677,4770.041667,10.30547997116532,54.3,6,0,0,1,0,0,0,0,0,0,1
0,0.1304,337.14,10.83958091,12.8,707,4200.041667,8.11969625295725,12.9,5,1,0,0,1,0,0,0,0,0,0
0,0.1493,311.68,10.30895266,10.72,662,1950.041667,9.328656598794225,73.6,5,0,0,0,0,1,0,0,0,0,0
0,0.1272,268.48,10.77895629,18.5,677,1830.0,8.905037290767,82.8,4,0,0,1,0,1,0,0,0,0,0
0,0.1336,845.0,11.98292909,7.91,712,3060.041667,9.72418144470263,22.4,5,0,0,0,0,0,0,0,0,0,1
0,0.1178,264.88,10.73639668,11.74,702,1980.041667,8.74687531957003,33.1,4,0,0,0,0,0,1,0,0,0,0
0,0.1336,541.89,11.91839057,24.55,682,7290.0,11.895326633479842,85.4,3,0,0,1,0,1,0,0,0,0,0
0,0.1525,869.7,10.71441777,13.73,697,7860.041667,9.843790625278,54.8,6,0,0,1,0,0,1,0,0,0,0
0,0.1557,559.13,10.6454249,6.83,707,10410.04167,8.992806059426483,30.7,8,0,0,0,0,0,0,1,0,0,0
0,0.143,154.46,10.38899537,19.5,687,840.0416667,7.995643604287271,42.4,2,0,0,1,0,0,1,0,0,0,0
0,0.0938,95.94,11.22524339,1.36,727,7650.0,8.156223323194624,29.0,4,0,0,1,0,0,0,0,0,0,1
0,0.1241,334.11,10.59663473,9.51,692,6690.041667,10.066243953835242,45.8,4,0,0,0,0,1,0,0,0,0,0
0,0.1083,365.78,12.76569986,9.43,717,8640.0,12.340288803649281,77.5,4,0,0,1,0,0,1,0,0,0,0
0,0.1462,189.64,10.08580911,20.45,672,1350.0,8.435983135990694,83.8,4,0,0,0,0,0,1,0,0,0,0
0,0.16,114.27,9.798127037,20.2,662,1517.041667,7.466799475018602,83.2,6,0,0,0,0,0,0,1,0,0,0
0,0.143,252.28,11.08214255,8.22,667,4650.0,9.478992518521158,83.9,5,0,0,0,0,0,0,0,1,0,0
0,0.1284,773.22,11.49276357,22.77,712,5280.041667,10.299474551610182,80.5,4,0,0,0,0,0,1,0,0,0,0
0,0.1221,186.57,10.91508846,4.36,702,11070.04167,8.823058934301647,26.7,5,1,1,0,0,1,0,0,0,0,0
0,0.0932,319.47,11.00209984,19.58,757,10950.0,12.013549226251623,24.6,0,0,0,0,0,1,0,0,0,0,0
0,0.1947,479.66,11.42954386,24.4,662,6030.041667,10.975755865864636,70.8,9,0,0,0,0,0,1,0,0,0,0
0,0.1568,350.02,11.22524339,8.83,677,1050.0,9.179984251961283,36.7,2,0,0,1,0,0,0,0,1,0,0
0,0.1474,538.78,11.15625052,24.89,672,6390.041667,11.125820768193996,79.6,2,0,0,1,0,1,0,0,0,0,0
0,0.1189,397.97,11.28978191,19.63,722,8910.041667,10.511076844734427,61.5,4,0,0,0,0,1,0,0,0,0,0
0,0.1695,534.41,11.48600638,5.02,677,780.0416667,7.322510433997394,30.9,1,0,0,0,0,0,1,0,0,0,0
0,0.1253,138.89,10.16600565,22.7,677,8970.041667,10.22324951845132,54.4,1,0,0,1,0,0,0,0,0,0,1
0,0.1284,268.95,10.81977828,22.22,697,7440.041667,10.80754374674194,90.3,2,0,0,1,1,0,0,0,0,0,0
0,0.1379,340.76,10.858999,21.99,682,3030.041667,8.801168401936692,31.6,4,0,0,1,0,0,1,0,0,0,0
0,0.1474,207.23,10.6454249,22.17,702,4590.041667,9.758230539878989,74.5,8,0,0,0,0,0,1,0,0,0,0
0,0.1505,277.53,10.89858946,14.91,667,6122.041667,10.196716711417025,57.7,5,5,0,0,1,0,0,0,0,0,0
0,0.16,235.56,10.94022444,21.53,727,5951.0,9.105868350379472,33.2,9,0,0,0,0,0,1,0,0,0,0
0,0.1189,265.32,11.00209984,19.52,702,4891.041667,11.331823164581003,69.0,3,0,0,0,0,0,1,0,0,0,0
0,0.1505,329.57,10.96301245,12.31,707,10140.0,10.146708203279516,98.9,4,0,0,0,0,0,1,0,0,0,0
0,0.1221,183.24,10.23981692,5.53,722,1800.0,8.39072252736229,23.4,5,0,0,0,0,0,1,0,0,0,0
0,0.1095,392.57,13.01700286,8.49,737,5130.0,12.319807498339987,40.1,3,0,0,0,0,0,0,0,0,0,1
0,0.1474,103.62,10.1266311,14.16,712,6420.041667,8.876684166614451,44.8,8,0,0,0,0,0,0,0,1,0,0
0,0.1347,182.34,10.10659165,23.36,692,1470.0,8.019612794400267,50.6,5,0,0,0,0,0,1,0,0,0,0
0,0.1347,169.62,10.12647109,9.65,687,1860.0,8.796187635470453,60.1,4,0,0,0,0,0,1,0,0,0,0
0,0.1505,374.67,11.33857208,12.79,697,5370.041667,10.188628900078157,97.1,6,0,0,1,0,1,0,0,0,0,0
0,0.1537,139.39,10.08580911,18.35,682,870.0416667,7.149131598557407,38.5,0,0,0,0,1,0,0,0,0,0,0
0,0.1695,178.14,10.16585182,2.91,667,1290.041667,9.004176840696656,36.5,7,0,0,0,1,0,0,0,0,0,0
0,0.1726,250.49,10.37349118,12.26,667,2520.0,10.193429569388753,98.3,4,0,0,1,0,0,0,0,0,0,1
0,0.1253,334.67,11.64395373,15.39,722,11010.0,11.860288184422615,97.2,0,0,0,0,0,0,1,0,0,0,0
0,0.1379,511.14,12.68233167,9.98,722,9960.041667,9.52806656577634,67.7,7,0,0,0,1,0,0,0,0,0,0
0,0.1474,241.76,10.48010092,19.38,672,3810.041667,8.84043543926657,51.9,5,0,0,0,0,0,1,0,0,0,0
0,0.08,282.03,11.51292546,23.9,777,6660.041667,12.268479208158388,5.8,2,0,0,0,0,1,0,0,0,0,0
0,0.1347,169.62,9.392661929,9.9,697,1110.0,7.974532844130228,25.5,4,0,0,1,0,0,1,0,0,0,0
0,0.1663,532.05,11.64395373,21.95,672,5250.041667,11.586287444655033,89.1,6,0,0,1,1,0,0,0,0,0,0
0,0.167,426.02,11.26446411,9.62,672,3849.958333,8.945462952177666,78.3,7,0,0,0,0,1,0,0,0,0,0
0,0.1189,497.46,11.40756495,17.11,712,8040.0,11.477028820972466,48.1,1,0,0,0,0,0,0,0,1,0,0
0,0.1316,337.71,11.15625052,19.7,692,4110.041667,10.211009016314167,69.2,4,0,0,1,0,0,1,0,0,0,0
0,0.1316,189.12,10.49127422,22.6,712,5393.041667,10.61038969832841,82.0,1,0,0,1,0,1,0,0,0,0,0
0,0.1505,520.37,10.59663473,12.42,677,3006.041667,9.011157458106817,33.6,5,0,0,0,0,0,1,0,0,0,0
0,0.1253,267.73,10.81977828,21.29,697,3060.041667,10.461358962786202,59.6,4,1,0,0,0,0,0,0,0,1,0
0,0.16,175.79,10.66886237,13.12,682,810.0416667,7.9211727215870145,34.4,2,0,0,0,1,0,0,0,0,0,0
0,0.1284,336.18,10.84642022,21.64,712,3000.041667,9.232884336411077,92.1,4,0,0,1,0,0,1,0,0,0,0
0,0.1505,173.46,10.71441777,9.52,697,1057.0,8.484876589939695,35.6,2,0,0,0,0,0,0,1,0,0,0
0,0.1474,518.06,11.25803322,22.42,687,9600.041667,7.605890001053122,19.9,5,0,0,0,0,0,1,0,0,0,0
0,0.1189,497.46,10.69648007,17.65,727,3150.041667,8.642238680390461,26.6,4,0,0,1,0,0,0,0,0,0,1
0,0.1284,294.16,11.56171563,18.01,682,3210.0,11.631152846334878,82.7,0,0,0,0,0,1,0,0,0,0,0
0,0.1347,407.08,11.46167427,17.36,702,3210.0,10.31728452076383,35.9,4,1,0,0,0,0,1,0,0,0,0
0,0.1442,412.6,10.80972795,13.79,717,5010.041667,7.998671361015776,96.0,4,0,0,0,0,0,1,0,0,0,0
0,0.1126,123.24,11.22524339,11.6,712,5550.0,9.27556615689389,21.4,4,0,0,0,0,0,0,0,0,0,1
0,0.1568,210.01,11.35040654,7.85,677,1380.041667,8.225770799348734,66.7,6,0,0,0,1,0,0,0,0,0,0
0,0.1379,511.14,11.22524339,14.64,712,3780.041667,7.557472901614746,32.4,7,0,0,0,0,0,0,0,0,0,1
0,0.16,84.38,11.15625052,0.93,702,721.0,7.613324979540639,14.6,1,0,0,0,0,0,0,0,0,0,1
0,0.1189,397.97,11.35040654,7.31,722,4380.0,10.297891713284868,56.8,5,0,0,1,0,0,0,0,0,0,1
0,0.1189,497.46,11.22524339,19.17,717,5940.041667,11.741199831113455,82.2,0,1,0,1,0,0,1,0,0,0,0
0,0.1158,495.21,11.69524702,14.65,732,9990.041667,12.113271814674631,48.9,0,1,0,0,0,0,1,0,0,0,0
0,0.1347,101.77,11.00209984,17.68,692,4860.041667,5.293304824724492,3.1,4,2,0,0,0,0,1,0,0,0,0
0,0.1853,546.27,11.98292909,11.27,677,5438.0,9.66871413573975,83.2,6,0,0,0,0,1,0,0,0,0,0
0,0.1821,507.62,11.2708539,16.45,662,4531.041667,11.470038840567756,82.8,7,0,0,1,0,0,0,1,0,0,0
0,0.1947,295.18,10.76896908,18.18,667,7920.041667,9.353401214816834,98.6,5,0,1,1,0,0,1,0,0,0,0
0,0.16,168.76,11.00209984,13.8,667,3600.0,9.186252576447092,54.2,6,0,1,1,0,0,0,0,1,0,0
0,0.1568,336.02,10.30895266,10.12,672,1920.041667,9.17076759685636,40.6,5,0,0,1,0,0,1,0,0,0,0
0,0.1474,345.37,11.00209984,7.6,682,5940.041667,10.378292138722905,63.3,5,2,0,0,0,0,1,0,0,0,0
0,0.1821,362.59,10.91501573,13.46,687,2610.0,8.24354550792826,9.0,9,0,0,0,0,0,0,0,1,0,0
0,0.1284,336.18,11.54248427,2.9,722,2250.0,9.243678431586693,23.3,5,0,0,0,0,1,0,0,0,0,0
0,0.1442,275.07,11.06272446,5.65,707,2400.041667,8.19063168090354,43.4,6,0,0,0,1,0,0,0,0,0,0
0,0.2011,260.53,10.30895266,10.44,667,540.0416667,8.764521909518802,80.0,4,0,1,1,0,0,1,0,0,0,0
0,0.0963,385.14,11.28978191,7.41,767,11764.0,12.203023000085023,23.2,1,0,0,0,1,0,0,0,0,0,0
0,0.1695,890.68,12.20607265,4.33,762,13170.0,9.421654227536814,17.1,9,0,0,0,0,0,0,0,0,0,1
0,0.1379,204.46,11.58524613,12.02,682,4350.0,10.795874860328723,72.1,4,1,0,0,1,0,0,0,0,0,0
0,0.1347,508.84,11.26446411,6.71,717,3720.0,9.927741044336832,86.1,4,0,0,0,0,0,1,0,0,0,0
0,0.1411,342.29,11.28983191,9.34,692,4860.041667,10.32829766690807,79.6,4,0,0,0,0,0,1,0,0,0,0
0,0.1758,539.13,10.65725935,9.91,677,931.0416667,9.809671256331843,51.0,3,0,0,0,0,0,1,0,0,0,0
0,0.1758,345.05,10.96819829,23.11,677,3540.041667,8.446126742982377,27.1,8,0,0,0,1,0,0,0,0,0,0
0,0.1916,551.05,11.51292546,2.96,717,7770.0,8.558910784768106,13.2,10,1,0,1,0,1,0,0,0,0,0
0,0.1316,270.17,10.77895629,4.42,707,5130.0,8.645586406184636,83.6,5,0,1,1,0,0,0,0,0,0,1
0,0.1411,171.15,10.12679109,5.62,682,2250.0,8.512180649592693,24.6,5,0,0,0,1,0,0,0,0,0,0
0,0.1663,532.05,10.727663,4.45,677,7410.041667,9.590556045830896,54.2,6,0,0,1,0,0,0,1,0,0,0
0,0.0932,127.79,11.51292546,10.78,737,2310.041667,11.666924704759595,15.6,1,0,0,0,0,0,0,0,1,0,0
0,0.1568,315.02,10.20359214,8.53,682,1567.0,8.993799971795545,57.1,5,0,0,0,1,0,0,0,0,0,0
0,0.1537,174.24,10.95954023,18.99,677,1590.041667,9.025335217553026,52.3,5,0,0,0,1,0,0,0,0,0,0
0,0.1221,333.15,11.62621844,7.02,732,4830.0,9.415727201701133,36.4,5,0,0,0,0,0,1,0,0,0,0
0,0.1411,483.49,11.15625052,19.05,692,3960.041667,10.448482692072215,44.8,4,0,0,0,0,1,0,0,0,0,0
0,0.1505,693.83,11.04611673,6.68,717,2283.0,8.943506132037239,21.2,7,0,0,0,0,0,0,0,0,0,1
0,0.1884,109.74,10.30895266,23.36,662,1590.041667,8.00469951054955,99.8,5,0,0,1,0,0,1,0,0,0,0
0,0.1347,54.28,12.61153775,6.72,677,7680.0,10.210898720168904,46.6,4,1,0,0,1,0,0,0,0,0,0
0,0.1411,171.15,10.6454249,13.71,692,4650.041667,6.970730078143525,11.1,5,1,1,0,1,0,0,0,0,0,0
0,0.1411,143.77,11.08312668,14.24,682,6930.0,9.748411444632369,81.6,5,0,0,0,0,0,1,0,0,0,0
0,0.1189,72.97,10.30895266,17.0,717,2042.041667,7.126087273299125,12.9,4,1,0,0,1,0,0,0,0,0,0
0,0.1726,178.93,10.09410791,3.27,697,690.0416667,7.834788107388194,32.4,2,0,0,0,1,0,0,0,0,0,0
0,0.16,105.48,9.998615898,13.2,677,1170.0,7.147559271189454,70.6,4,0,0,0,1,0,0,0,0,0,0
0,0.1253,281.12,10.81977828,9.53,717,3870.041667,10.88264040116691,71.8,4,0,0,0,1,0,0,0,0,0,0
0,0.1884,182.89,11.38509209,4.57,687,630.0416667,7.5485559791698735,29.2,1,0,0,0,0,0,0,1,0,0,0
0,0.1379,170.38,10.1266311,22.18,692,4320.041667,8.525359754082631,45.2,5,0,1,0,0,0,1,0,0,0,0
0,0.1411,684.58,11.54034606,4.34,727,3750.0,11.435504318001643,51.6,6,0,0,0,1,0,0,0,0,0,0
0,0.1461,206.86,10.91508846,18.98,717,5254.0,7.9105906122564775,38.9,7,0,1,0,0,0,0,0,1,0,0
0,0.1474,103.62,9.852194258,2.21,702,815.9583333,6.82001636467413,20.3,0,0,0,0,1,0,0,0,0,0,0
0,0.1663,88.68,10.48391386,1.51,707,690.0416667,6.853299093186078,15.8,0,0,0,1,1,0,0,0,0,0,0
0,0.1695,342.02,11.21187442,15.24,667,3901.041667,8.158229916959494,64.6,7,0,2,0,0,0,0,0,1,0,0
0,0.1537,69.7,9.998797732,3.22,702,1050.041667,7.825644732219989,27.5,0,0,0,0,1,0,0,0,0,0,0
0,0.1474,66.49,9.287301413,20.33,687,930.0416667,7.554858521040676,14.0,2,0,0,0,1,0,0,0,0,0,0
0,0.1568,700.04,11.87756858,12.61,737,5310.041667,11.66902282022335,62.4,8,0,0,0,0,0,1,0,0,0,0
0,0.1947,332.07,10.48574786,12.27,662,3450.041667,6.075346031088684,72.3,7,0,0,0,0,0,1,0,0,0,0
0,0.1442,343.83,10.81977828,22.22,702,5070.041667,8.62317351495347,23.9,4,0,1,1,0,0,1,0,0,0,0
0,0.1411,136.92,10.81985828,9.96,677,3330.0,9.215029361462314,77.3,4,0,0,0,0,0,1,0,0,0,0
0,0.1663,99.32,9.61580548,16.48,667,1020.041667,8.764053269347762,50.0,1,0,0,0,0,0,0,0,0,1,0
0,0.1695,213.77,10.46310334,4.8,692,840.0,8.704668113450987,27.9,5,0,0,0,1,0,0,0,0,0,0
0,0.1568,210.01,10.81977828,5.64,742,4350.0,9.148571345578551,25.8,9,0,0,0,1,0,0,0,0,0,0
0,0.1442,375.63,10.6454249,19.29,692,1500.0,7.7039102096163115,11.5,4,0,0,0,0,0,1,0,0,0,0
0,0.1442,240.68,11.51292546,3.18,732,4830.0,9.630562721059254,44.5,6,0,0,0,0,0,0,0,0,0,1
0,0.0963,513.51,13.01700286,9.66,777,6780.041667,12.452174623676658,20.5,2,0,0,0,0,0,0,0,1,0,0
0,0.1411,71.89,9.998797732,0.0,727,870.0,5.746203190540153,4.2,3,0,0,0,0,0,0,0,0,1,0
0,0.1505,312.23,10.43399815,16.45,682,2640.0,9.36005264520451,66.0,6,0,0,0,0,0,1,0,0,0,0
0,0.1284,504.27,10.59663473,22.71,717,7140.0,11.00655656192118,60.6,0,0,0,0,0,0,0,1,0,0,0
0,0.179,216.6,10.81977828,6.6,677,900.0,8.141481041457421,79.8,1,0,0,0,0,1,0,0,0,0,0
0,0.1695,267.21,10.59653473,21.57,672,1079.958333,8.049746290952191,78.3,2,0,0,0,0,0,0,0,0,1,0
0,0.1379,302.42,11.37939407,24.99,692,2640.958333,11.715580553857102,87.7,1,0,0,0,0,1,0,0,0,0,0
0,0.1568,210.01,11.40756495,8.28,667,3719.958333,9.535462727401809,44.9,5,1,0,0,1,0,0,0,0,0,0
0,0.1347,118.73,9.61580548,17.28,727,930.0,0.0,0.0,0,0,0,1,0,0,0,0,0,1,0
0,0.1632,335.48,11.08220409,9.43,712,1919.958333,8.86531163267185,39.1,8,0,0,0,1,0,0,0,0,0,0
0,0.1663,287.31,10.91501573,22.71,667,6071.0,9.692457831605429,84.8,5,0,0,1,0,0,1,0,0,0,0
0,0.1221,239.87,10.27505111,15.77,722,5370.0,9.652330254766719,24.5,4,0,0,0,0,1,0,0,0,0,0
0,0.1347,376.55,10.96819829,21.27,737,8069.958333,10.534493336558224,72.0,7,0,0,1,0,0,0,0,0,0,1
0,0.1663,336.97,11.12732181,9.25,682,839.9583333,8.02322468471667,24.2,3,0,0,0,1,0,0,0,0,0,0
0,0.16,175.79,11.51292546,22.22,672,4769.958333,10.527713287629652,55.7,6,0,0,0,0,0,0,0,0,1,0
0,0.1505,291.41,11.22524339,7.12,687,2010.0,2.0794415416798357,0.2,5,0,0,0,0,0,1,0,0,0,0
0,0.1411,82.15,10.858999,11.28,677,1559.958333,8.951440100949855,65.4,4,0,0,0,0,1,0,0,0,0,0
0,0.1537,522.7,11.35035948,4.04,702,9180.958333,9.426741242423,47.6,7,0,0,0,0,1,0,0,0,0,0
0,0.1663,177.35,9.852194258,17.68,662,2639.958333,6.522092798170152,18.9,6,0,0,1,0,0,0,1,0,0,0
0,0.2011,91.19,9.305650552,3.16,667,570.0,5.493061443340548,9.7,6,0,0,0,0,0,0,0,0,1,0
0,0.1726,35.79,9.903487553,3.0,682,570.0,7.0317412587631285,49.2,0,0,0,0,1,0,0,0,0,0,0
0,0.1758,170.73,9.61580548,11.68,707,1650.0,0.0,0.0,9,0,0,0,1,0,0,0,0,0,0
0,0.179,541.5,11.46163217,0.8,687,779.9583333,8.045267716607803,52.0,3,0,0,0,0,0,1,0,0,0,0
0,0.1568,280.02,11.39639165,12.08,677,7170.0,10.007306881175126,45.5,6,0,0,0,1,0,0,0,0,0,0
0,0.1442,85.96,9.852194258,24.0,672,2520.0,8.60813018640834,48.8,4,0,0,0,0,0,1,0,0,0,0
0,0.179,541.5,11.14186178,17.17,702,5129.958333,6.411818267709897,5.7,8,0,0,1,0,0,1,0,0,0,0
0,0.1411,171.15,10.03120068,22.76,717,1080.0,5.8944028342648505,8.4,2,0,0,1,0,0,1,0,0,0,0
0,0.1221,799.56,12.20609265,17.97,722,6720.0,12.769834113959115,95.1,0,0,0,1,1,0,0,0,0,0,0
0,0.1284,201.71,11.35040654,12.16,707,3600.0,10.100902955277606,63.8,4,0,0,0,0,0,0,0,1,0,0
0,0.1505,503.03,10.07693653,5.75,697,2820.0,8.215006432761575,46.2,6,0,1,1,0,0,1,0,0,0,0
0,0.1568,350.02,11.87756858,1.26,692,4956.0,9.315240781801553,43.5,7,2,0,0,1,0,0,0,0,0,0
0,0.1379,340.76,11.13453063,13.82,707,14550.0,10.949120916413351,54.2,5,1,0,0,1,0,0,0,0,0,0
0,0.1347,576.69,10.96280446,22.32,717,3359.958333,8.430327258394575,73.9,5,0,0,0,0,0,1,0,0,0,0
0,0.2011,65.14,9.903487553,2.4,667,540.0,6.693323668269949,17.1,5,0,0,0,0,0,0,0,0,0,1
0,0.1411,85.58,10.25765937,7.37,732,779.9583333,0.0,0.0,0,0,0,0,1,0,0,0,0,0,0
0,0.1474,207.23,10.2646524,1.34,707,902.0,7.078341579557671,19.4,1,0,0,0,1,0,0,0,0,0,0
0,0.1947,184.49,9.210340372,0.0,682,541.0,0.0,0.0,0,0,0,0,0,0,0,1,0,0,0
0,0.1726,53.68,9.586582621,5.27,687,2309.958333,7.744569809354496,69.9,8,0,0,0,1,0,0,0,0,0,0
0,0.1253,240.96,10.81977828,0.6,717,5010.0,7.175489713624222,14.4,5,0,0,0,0,0,0,0,0,0,1
0,0.1916,293.9,10.57704408,13.19,677,869.9583333,6.453624998892692,42.3,3,0,0,1,0,0,0,0,0,0,1
0,0.1632,670.96,10.6359516,17.16,692,1680.0,9.212637731024866,24.7,6,0,0,0,1,0,0,0,0,0,0
0,0.1284,504.27,11.40756495,4.29,727,6000.0,9.883386880829125,56.2,4,0,0,0,0,0,0,0,0,0,1
0,0.1726,715.69,11.35040654,17.08,727,5249.958333,10.249521076874865,53.9,9,0,0,1,0,0,0,0,0,0,1
0,0.16,87.9,8.672999643,5.13,672,930.0,6.590301048196686,72.7,3,0,0,0,1,0,0,0,0,0,0
0,0.1821,184.02,10.08580911,6.85,672,809.9583333,8.557374981049069,86.7,0,0,0,0,0,0,1,0,0,0,0
0,0.1537,348.47,11.1420067,11.01,687,5370.0,9.271623600393081,35.3,6,0,0,0,1,0,0,0,0,0,0
0,0.1505,520.37,10.66886237,11.58,687,2850.0,8.409830673087738,43.6,4,0,0,1,0,0,0,0,1,0,0
0,0.1379,425.95,11.15625052,16.73,697,8549.958333,11.21240128450515,41.9,1,2,0,0,0,0,0,0,0,0,1
0,0.1758,898.55,10.91508846,3.56,697,1109.958333,8.583355393669907,24.0,5,0,0,1,0,0,0,0,0,1,0
0,0.16,116.02,10.75790288,0.89,662,2669.958333,4.736198448394496,8.7,4,2,0,0,1,0,0,0,0,0,0
0,0.1632,352.26,11.57119437,2.9,707,4799.958333,6.588926477533519,1.0,8,0,0,0,0,0,0,0,1,0,0
0,0.16,175.79,9.952277717,14.0,682,869.9583333,8.75605259917045,52.0,2,0,0,0,0,0,0,0,0,1,0
0,0.1568,42.01,10.59663473,20.58,662,1440.0,7.312553498102598,78.8,4,0,0,0,0,1,0,0,0,0,0
0,0.1347,118.73,10.14643373,24.24,692,2249.958333,7.671826797878781,13.1,4,0,0,0,0,0,1,0,0,0,0
0,0.08,338.43,11.55214618,16.13,792,8370.0,12.13389434881619,17.9,0,0,0,0,1,0,0,0,0,0,0
0,0.1695,178.14,10.81977828,20.86,667,4829.958333,9.06566136060674,80.1,7,1,1,0,0,0,1,0,0,0,0
0,0.1663,514.32,11.35977429,23.01,667,7140.0,10.031044885951003,86.1,4,1,0,1,0,0,1,0,0,0,0
0,0.1537,871.16,12.03765399,0.61,707,7230.0,8.310660905907225,46.3,4,0,1,0,0,0,0,0,0,0,1
0,0.1474,552.59,11.39863632,3.63,732,5549.958333,9.636065519091707,51.2,7,0,0,0,0,0,1,0,0,0,0
0,0.1474,48.36,10.20359214,3.42,682,2880.0,4.8283137373023015,41.3,5,0,0,1,1,0,0,0,0,0,0
0,0.1758,790.73,12.26434155,20.46,667,5249.958333,10.611646490716511,65.0,4,0,0,1,0,0,1,0,0,0,0
0,0.0768,262.01,11.8493977,14.2,712,5640.0,12.012864039299153,35.2,0,0,0,0,1,0,0,0,0,0,0
0,0.0768,374.29,11.22524339,20.74,727,3090.0,11.45174131164523,57.6,0,0,0,0,1,0,0,0,0,0,0
0,0.1284,251.3,9.952277717,16.17,702,2760.0,10.21159705705293,58.5,0,0,0,0,0,0,1,0,0,0,0
0,0.1442,412.6,11.22524339,15.31,692,5742.0,9.479221814964246,89.0,4,0,1,0,0,0,1,0,0,0,0
0,0.1474,34.54,11.03488966,1.49,702,1080.0,7.557472901614746,44.5,0,0,0,1,1,0,0,0,0,0,0
0,0.1442,515.74,11.77535127,12.82,697,4139.958333,9.94087967175319,71.1,5,0,0,0,0,0,1,0,0,0,0
0,0.2011,735.06,13.30468493,14.39,672,7620.0,13.766335019547725,99.0,6,0,0,0,0,0,0,0,0,0,1
0,0.1505,329.57,11.69524702,7.3,672,3150.0,8.281977058867758,16.5,4,0,0,0,0,0,0,0,0,0,1
0,0.1632,127.13,9.798127037,1.13,702,690.0,6.56244409369372,17.7,0,0,0,0,0,0,0,0,1,0,0
0,0.0737,279.41,10.71441777,15.95,737,5071.0,8.510168576479273,47.7,4,0,0,0,1,0,0,0,0,0,0
0,0.1474,518.06,11.22524339,15.49,677,2430.0,8.87514731685335,45.0,4,0,0,0,1,0,0,0,0,0,0
0,0.1347,339.23,11.28978191,14.2,692,4560.0,11.747230494590458,68.9,2,0,0,0,0,1,0,0,0,0,0
0,0.1284,168.09,10.81977828,8.66,737,4169.958333,0.0,0.0,6,0,0,1,0,0,0,1,0,0,0
0,0.2011,130.27,10.81977828,15.65,672,600.0,5.968707559985366,26.0,4,0,0,1,1,0,0,0,0,0,0
0,0.1663,115.28,8.987196821,6.3,707,660.0,0.0,0.0,2,0,0,0,0,0,0,0,0,0,1
0,0.1695,249.39,10.59653473,11.22,682,1080.0,8.73985662749357,29.4,6,0,0,0,1,0,0,0,0,0,0
0,0.1474,259.03,9.903487553,15.54,692,1320.0,8.200562797008564,30.3,5,0,0,0,0,0,1,0,0,0,0
0,0.1316,185.74,9.952277717,19.2,677,10898.0,9.145268375232467,76.2,4,0,0,0,1,0,0,0,0,0,0
0,0.1979,370.57,11.90496755,11.58,662,722.0,8.249052274171293,26.3,2,0,0,0,0,0,0,0,0,0,1
0,0.1474,435.17,11.15625052,18.77,687,2130.0,7.893945138235959,11.8,5,0,0,0,0,0,0,0,1,0,0
0,0.0963,224.66,10.1266311,21.36,732,7409.958333,9.37475250822657,60.4,4,0,0,0,0,0,0,1,0,0,0
0,0.16,70.32,10.1266311,18.72,687,3660.0,8.245909264774093,15.6,8,0,0,0,0,0,0,1,0,0,0
0,0.1379,204.46,10.59663473,0.3,722,1036.0,7.29505641646263,6.1,1,0,0,0,1,0,0,0,0,0,0
0,0.1505,180.4,10.12647109,5.95,692,2279.958333,5.420534999272286,5.0,4,0,0,0,0,0,0,0,0,1,0
0,0.1316,149.44,11.26446411,15.83,697,3359.958333,10.559944814778241,64.7,4,0,0,0,0,0,0,0,1,0,0
0,0.0963,208.62,10.82774645,14.81,737,3840.0,8.198089248956116,9.1,4,0,0,0,0,0,1,0,0,0,0
0,0.1853,233.08,9.809176873,0.99,667,1050.0,8.818630229100354,90.1,0,0,0,0,0,0,1,0,0,0,0
0,0.2011,186.09,10.96819829,11.01,677,1559.958333,0.0,0.0,8,0,0,0,0,0,0,1,0,0,0
0,0.1347,271.39,11.25161265,7.84,697,3990.0,8.81001204797317,45.0,4,0,0,0,0,0,1,0,0,0,0
0,0.1663,212.82,11.37939407,9.17,662,4529.958333,8.72518249495877,35.1,4,0,0,0,0,0,1,0,0,0,0
0,0.1758,74.58,9.903487553,18.36,677,665.0,6.495265555937008,44.1,4,0,0,1,0,0,1,0,0,0,0
0,0.1474,863.42,11.69524702,24.18,697,3900.0,12.649530148615064,80.2,3,0,0,0,0,0,0,0,1,0,0
0,0.1505,131.83,10.55059079,12.19,712,1589.958333,6.461468176353717,6.8,5,0,0,0,0,0,0,0,0,0,1
0,0.1095,147.22,11.06663836,7.52,732,3600.0,7.3758821482150125,22.2,4,0,0,1,0,0,0,0,1,0,0
0,0.1284,336.18,10.83958091,20.0,702,2760.0,9.272375762895635,54.6,5,0,0,0,0,0,1,0,0,0,0
0,0.0768,405.48,10.73630972,23.64,712,3240.0,10.985241874137454,55.7,3,0,0,1,1,0,0,0,0,0,0
0,0.1411,246.45,10.4341158,19.91,702,1800.0,8.296546520300614,27.3,7,0,0,0,0,0,1,0,0,0,0
0,0.1442,859.57,12.54254488,5.58,737,7890.0,12.578642591934068,82.9,1,0,0,0,1,0,0,0,0,0,0
0,0.1316,185.74,10.59653473,20.79,687,1619.958333,10.655186620045688,67.7,2,0,0,0,0,0,1,0,0,0,0
0,0.1126,164.32,11.21182037,17.94,717,4290.0,5.564520407322694,7.6,4,0,1,0,1,0,0,0,0,0,0
0,0.1284,141.2,10.73639668,18.37,702,1889.958333,7.703459047867175,41.8,5,0,0,0,0,1,0,0,0,0,0
0,0.1158,184.88,11.19821472,3.4,712,4079.958333,8.569216219483389,9.0,4,0,0,0,1,0,0,0,0,0,0
0,0.1221,266.52,11.31260693,6.03,712,6780.0,9.37203396097417,41.0,5,0,1,0,0,0,0,1,0,0,0
0,0.1347,288.35,10.21464198,20.0,687,1740.0,9.052282067317908,30.7,5,0,0,0,1,0,0,0,0,0,0
0,0.1316,135.09,9.852194258,24.25,682,1680.0,9.639587108749145,56.5,4,0,0,1,0,0,0,1,0,0,0
0,0.1347,220.5,10.13399909,19.44,722,5999.958333,10.137927063592189,99.1,0,0,0,0,0,1,0,0,0,0,0
0,0.1565,160.07,11.15625052,14.31,682,4339.0,11.32160756213486,43.6,2,0,0,0,0,1,0,0,0,0,0
0,0.1884,146.31,10.86513399,17.16,682,3449.958333,7.428333194190806,39.1,10,0,0,0,1,0,0,0,0,0,0
0,0.1442,330.08,11.08214255,17.34,687,6029.958333,9.28312604170183,32.6,5,0,0,1,0,0,1,0,0,0,0
0,0.0932,223.63,10.95954023,22.04,737,11819.95833,11.742003373105955,32.9,0,0,0,0,0,0,1,0,0,0,0
0,0.16,210.95,10.45966888,15.62,662,2580.0,6.721425700790643,69.1,4,0,0,1,1,0,0,0,0,0,0
0,0.1316,168.86,10.68464561,14.15,677,5370.0,10.670721276448772,70.7,1,0,0,1,1,0,0,0,0,0,0
0,0.1316,135.09,10.49127422,3.67,677,3870.0,6.955592608396297,49.9,4,0,0,0,1,0,0,0,0,0,0
0,0.1221,333.15,11.15619338,15.82,707,5314.0,11.586584765057118,81.0,3,0,0,0,0,0,0,1,0,0,0
0,0.1316,540.33,12.67608877,1.72,722,3749.958333,11.104099716229817,93.7,4,0,0,0,0,0,1,0,0,0,0
0,0.1316,363.03,11.35040654,7.45,702,7019.958333,9.720345659358271,12.2,4,1,0,0,1,0,0,0,0,0,0
0,0.1253,174.03,11.15625052,9.48,692,2790.0,8.318010277546872,48.2,4,1,0,0,1,0,0,0,0,0,0
0,0.1442,137.54,10.59663473,22.32,707,7409.958333,9.402777262511231,89.8,7,1,0,1,0,0,1,0,0,0,0
0,0.1095,107.96,11.28616287,23.17,722,4680.0,10.37007911730487,48.1,4,0,0,0,0,1,0,0,0,0,0
0,0.1284,268.95,11.21187442,13.83,722,4770.0,8.41316512099219,25.3,5,0,0,0,1,0,0,0,0,0,0
0,0.1253,502.0,11.08214255,14.7,722,3510.0,10.583017437136888,38.0,5,0,0,0,1,0,0,0,0,0,0
0,0.1253,361.44,11.35040654,1.37,732,4559.958333,8.169902647359145,18.1,5,0,0,0,0,0,0,0,0,0,1
0,0.1158,79.24,10.1266311,19.54,727,3210.0,5.594711379601839,26.8,5,0,0,0,1,0,0,0,0,0,0
0,0.1442,464.17,11.69524702,23.39,682,6719.958333,11.584362014908077,54.5,4,0,0,1,0,0,0,0,0,0,1
0,0.1474,690.74,12.01609788,12.38,682,3990.0,9.6955404481032,59.5,5,0,0,1,0,0,1,0,0,0,0
0,0.1474,103.62,11.03495418,22.08,662,4919.958333,10.137689731207072,77.8,5,0,0,0,1,0,0,0,0,0,0
0,0.1379,85.19,10.49127422,19.0,707,3180.0,8.991686725934825,96.8,5,0,0,0,1,0,0,0,0,0,0
0,0.1347,210.32,11.47210347,7.13,707,5987.958333,9.442800389927742,78.2,5,0,0,0,0,1,0,0,0,0,0
0,0.1379,238.53,10.9331784,22.28,732,4740.0,8.072779333169498,47.1,8,0,0,0,1,0,0,0,0,0,0
0,0.1739,35.85,10.1266311,3.02,672,1422.0,7.352441100243583,97.4,4,0,0,0,0,0,0,1,0,0,0
0,0.1411,239.61,10.81977828,21.67,677,6329.958333,11.011241264121493,95.4,3,0,0,1,0,0,1,0,0,0,0
0,0.1411,102.69,9.392661929,5.1,672,10289.95833,5.54907608489522,4.2,4,0,0,0,0,0,1,0,0,0,0
0,0.1442,326.64,10.95080655,15.07,672,4771.0,9.0280988119824,52.7,5,0,1,1,0,1,0,0,0,0,0
0,0.1537,167.27,11.23848862,12.77,672,3749.958333,9.551373619924957,68.6,7,0,0,1,0,1,0,0,0,0,0
0,0.1253,602.4,11.51292546,3.66,717,4079.958333,9.410911062438,76.8,5,0,0,1,0,0,1,0,0,0,0
0,0.1253,267.73,10.91508846,16.25,717,5549.958333,10.929923335900263,95.8,0,0,0,1,0,1,0,0,0,0,0
0,0.1253,742.95,11.75981679,20.61,717,8730.0,10.902187420651002,72.4,4,0,0,0,0,0,1,0,0,0,0
0,0.0768,31.2,11.75978554,14.31,792,6540.0,12.028033904374363,0.0,0,0,0,0,0,0,0,1,0,0,0
0,0.1347,220.5,10.57131693,17.69,727,1199.958333,0.0,0.0,5,0,0,0,0,0,0,0,0,1,0
0,0.1095,163.57,11.51292546,11.27,727,4926.958333,8.625688787569537,13.9,4,0,0,0,0,0,0,0,0,1,0
0,0.1347,149.26,10.54534144,19.11,672,4139.958333,7.681099001536359,54.1,4,0,0,0,0,0,0,1,0,0,0
0,0.1189,99.5,10.75790288,24.59,702,6659.958333,11.039170809413337,68.5,1,0,1,1,0,0,1,0,0,0,0
0,0.1189,49.75,10.26548829,16.29,692,3809.958333,8.683893367307235,44.4,4,0,0,0,0,0,0,1,0,0,0
0,0.1284,336.18,11.53272809,8.0,707,8700.0,10.938165581908146,80.5,5,0,0,0,0,0,0,0,0,0,1
0,0.1411,684.58,11.31447453,13.21,697,7950.0,10.31091739595388,73.7,5,1,1,0,0,1,0,0,0,0,0
0,0.1347,135.7,10.858999,16.71,677,5070.0,9.336708670790989,72.7,5,0,0,1,0,0,1,0,0,0,0
0,0.1221,59.97,10.40426284,1.93,687,8280.0,7.293017679772782,22.3,4,1,0,0,0,0,1,0,0,0,0
0,0.1347,488.49,11.54248427,8.63,687,3510.0,8.703506769479729,20.9,4,0,0,0,0,0,0,0,1,0,0
0,0.1221,166.58,11.47210347,6.4,707,6450.0,6.595780513961311,14.6,4,0,0,1,0,0,0,0,1,0,0
0,0.1158,313.63,11.00209984,7.14,732,3809.958333,8.687610843707368,28.6,5,0,0,1,1,0,0,0,0,0,0
0,0.1158,99.05,10.91508846,7.55,712,11310.0,7.716906135298388,11.5,5,0,1,0,0,1,0,0,0,0,0
0,0.1158,99.05,9.798127037,22.27,727,1114.0,9.826498511007992,58.8,0,0,0,0,0,0,0,1,0,0,0
0,0.1537,69.7,9.61580548,1.28,672,1110.0,7.413970290190444,10.4,5,0,0,0,1,0,0,0,0,0,0
0,0.1284,285.76,10.59663473,18.65,707,3210.0,9.074635189810808,79.1,6,0,0,0,0,0,1,0,0,0,0
0,0.1442,773.61,12.3327053,15.11,702,5790.0,12.343226842865814,94.4,0,0,0,1,0,1,0,0,0,0,0
0,0.1221,239.87,10.34174248,0.46,722,3510.0,6.206575926724928,8.2,5,1,0,0,1,0,0,0,0,0,0
0,0.1442,859.57,11.15625052,14.61,712,5579.958333,10.378758534888256,48.5,4,0,0,0,0,0,1,0,0,0,0
0,0.1253,40.16,11.60823564,5.05,707,6029.958333,9.644328147017548,39.3,6,0,1,0,0,0,0,0,1,0,0
0,0.1347,339.23,12.5425306,16.82,702,7290.0,11.163722535870198,48.2,6,0,0,0,0,0,0,0,1,0,0
0,0.1474,234.85,10.6454249,24.6,672,2759.958333,9.029897050194,42.2,6,0,0,0,0,0,0,0,0,1,0
0,0.16,193.37,10.51867319,16.61,667,6359.958333,9.3101857069459,57.5,7,0,0,1,1,0,0,0,0,0,0
0,0.1284,168.09,10.30895266,12.8,717,1200.958333,6.777646593635117,8.7,5,0,0,0,0,0,1,0,0,0,0
0,0.0963,128.38,11.59906646,24.5,722,7409.958333,11.846142408870769,70.1,1,0,0,0,0,1,0,0,0,0,0
0,0.1189,530.63,11.1124479,21.62,727,5490.0,9.21024036697585,30.3,4,0,0,0,0,1,0,0,0,0,0
0,0.1442,41.26,11.08992755,14.49,672,1740.0,6.53813982376767,6.8,6,0,0,0,0,0,1,0,0,0,0
0,0.1411,136.92,11.09437512,16.63,687,3479.958333,8.807771066980044,59.2,7,0,0,1,0,0,1,0,0,0,0
0,0.1221,199.89,12.3883942,13.13,692,5889.0,12.884380262393456,77.6,0,0,0,0,0,1,0,0,0,0,0
0,0.1442,68.77,10.27505111,1.61,697,1110.0,7.499423290592229,34.7,6,0,0,0,1,0,0,0,0,0,0
0,0.1221,199.89,10.81977828,0.79,737,1440.0,7.926241523170962,23.3,4,0,0,0,1,0,0,0,0,0,0
0,0.1979,787.46,11.28978191,19.2,692,5639.958333,10.606783064147889,63.5,6,0,0,0,0,0,0,0,0,0,1
0,0.1442,51.58,11.00209984,13.54,697,4109.958333,10.145138775406078,32.4,4,0,0,0,1,0,0,0,0,0,0
0,0.16,175.79,10.83368119,5.82,677,3029.958333,10.801268021651186,0.0,0,0,0,1,1,0,0,0,0,0,0
0,0.1853,500.74,11.00209984,3.84,677,6511.0,9.447781227991216,33.0,4,2,0,1,0,0,0,0,0,0,1
0,0.1411,513.44,12.23442684,23.46,697,13920.0,13.140128636557142,91.7,0,0,0,1,1,0,0,0,0,0,0
0,0.1284,168.09,10.30895266,13.8,687,3210.0,8.97221007835365,70.8,5,0,0,1,1,0,0,0,0,0,0
0,0.1253,368.13,10.89673933,11.36,712,7802.958333,9.325185763645223,20.1,5,0,0,0,0,0,1,0,0,0,0
0,0.1411,470.65,11.56171563,13.97,687,4139.958333,9.753826777981722,94.6,4,0,0,0,0,1,0,0,0,0,0
0,0.1253,803.19,11.55022125,3.79,727,2610.0,9.2393164802127,19.0,4,0,0,1,0,0,0,0,1,0,0
0,0.1158,330.14,10.71441777,21.87,712,2610.0,9.119540007649686,24.7,4,0,0,0,0,0,1,0,0,0,0
0,0.1979,296.46,11.35040654,9.94,692,1800.0,8.921591063563978,29.0,6,0,0,1,0,0,0,0,0,0,1
0,0.1158,825.34,12.20607265,4.85,762,14009.95833,12.530222848175368,6.0,2,0,0,0,0,0,0,0,0,0,1
0,0.1821,174.05,10.59563423,13.27,667,2550.0,8.763428073953845,59.2,9,0,0,1,1,0,0,0,0,0,0
0,0.1253,836.66,11.42954386,18.43,727,3180.0,10.619349781839288,35.5,4,0,0,0,0,1,0,0,0,0,0
0,0.1284,268.95,10.75790288,14.17,687,3389.958333,9.111514017669288,44.3,4,0,0,0,0,0,1,0,0,0,0
0,0.1411,410.75,11.30220443,9.97,672,3270.0,11.267676887873458,54.2,0,0,0,0,0,0,1,0,0,0,0
0,0.1411,51.35,10.46321762,6.1,677,1440.0,8.565602330623925,47.1,5,0,0,0,0,0,1,0,0,0,0
0,0.1537,320.59,11.57119437,5.48,692,3192.0,10.672252279554662,62.3,4,0,0,0,0,0,0,0,1,0,0
0,0.1505,249.78,10.57131693,18.98,677,2940.0,8.542080906924017,64.1,7,1,0,0,0,0,1,0,0,0,0
0,0.1632,423.77,10.71441777,13.6,667,1679.958333,9.528139343331775,89.8,4,0,0,1,0,0,1,0,0,0,0
0,0.1758,359.42,11.56171563,15.89,662,3180.0,9.18049952996516,78.9,5,0,1,1,0,0,1,0,0,0,0
0,0.1322,405.61,10.89673933,20.91,697,3371.0,8.32239411311117,36.4,4,0,0,0,0,0,0,0,1,0,0
0,0.1632,670.96,11.46163217,20.7,667,7353.0,10.380311619626104,82.6,4,2,0,0,0,0,1,0,0,0,0
0,0.1505,867.29,11.44035477,1.69,737,5944.0,8.03073492409854,10.3,8,1,0,1,0,0,0,0,1,0,0
0,0.1442,343.83,10.57131693,11.91,682,1349.958333,9.583901931071338,53.4,4,0,0,0,0,1,0,0,0,0,0
0,0.1442,275.07,10.46310334,8.4,692,5161.0,8.018954683155718,66.0,7,0,1,1,0,0,1,0,0,0,0
0,0.1253,167.34,10.81977828,15.58,707,2280.0,7.289610521451167,22.5,4,2,0,1,0,0,0,0,1,0,0
0,0.1322,169.01,11.28978191,11.85,687,3949.958333,7.6128310304073565,18.9,4,1,0,0,0,0,0,0,0,1,0
0,0.0963,89.87,10.57131693,21.17,717,6930.0,10.943410844855558,34.9,0,0,0,1,0,0,1,0,0,0,0
0,0.1505,173.46,11.58988651,8.2,662,14529.0,9.013108202446475,50.0,5,0,0,0,0,0,1,0,0,0,0
0,0.1505,333.04,11.28978191,24.27,667,4320.0,11.70645893272803,94.2,0,0,0,0,0,1,0,0,0,0,0
0,0.1183,497.01,12.1547583,16.26,767,6695.0,12.520350396641618,37.5,5,0,0,0,0,0,1,0,0,0,0
0,0.1411,171.15,10.46310334,16.87,677,3779.958333,7.819636302367592,62.2,5,0,0,0,0,1,0,0,0,0,0
0,0.1758,646.96,10.77895629,13.82,677,1890.0,9.17076759685636,93.3,7,0,0,0,0,0,1,0,0,0,0
0,0.1379,545.21,11.63558548,18.34,692,5460.0,9.229848838364227,68.0,4,0,0,0,0,0,0,0,1,0,0
0,0.1979,555.86,12.94800999,8.76,682,5009.958333,12.8333150387024,89.6,1,0,0,0,0,0,0,0,0,0,1
0,0.1379,153.34,10.98549609,18.83,667,5309.958333,9.24319470884713,77.1,4,0,0,0,0,0,1,0,0,0,0
0,0.179,252.7,9.942708266,14.08,677,9451.0,10.334002932844076,82.2,2,0,0,0,0,0,0,0,0,0,1
0,0.1442,103.15,9.392661929,4.7,702,2069.958333,7.402451520818244,21.9,8,0,0,0,1,0,0,0,0,0,0
0,0.16,878.94,12.40901349,17.93,692,5609.958333,12.109776479801445,70.7,6,0,0,0,0,1,0,0,0,0,0
0,0.1284,336.18,12.24047407,3.74,697,5100.0,10.256079171037225,60.3,4,0,0,0,0,0,0,0,0,1,0
0,0.1126,249.77,11.43496392,2.98,727,2789.958333,9.533220655077928,17.3,4,0,0,0,0,0,0,1,0,0,0
0,0.1379,109.05,10.95080655,15.16,682,2220.0,5.521460917862246,16.6,5,0,0,0,1,0,0,0,0,0,0
0,0.1347,364.67,10.23995979,16.54,697,1470.0,9.075551045627543,52.0,4,0,0,1,0,0,1,0,0,0,0
0,0.1461,689.51,11.91839057,16.8,722,6481.958333,10.644472062510234,66.6,7,0,0,0,0,1,0,0,0,0,0
0,0.1496,131.66,10.20359214,4.44,702,1353.958333,7.9676267393338165,48.1,4,0,0,0,1,0,0,0,0,0,0
0,0.1221,399.78,10.81977828,24.74,737,15089.95833,10.800106048612763,33.7,0,0,0,0,0,0,1,0,0,0,0
0,0.1126,164.32,9.685977478,11.93,717,7020.0,8.480944058741116,32.4,4,0,1,0,0,0,1,0,0,0,0
0,0.1726,143.14,10.30895266,8.96,717,1979.958333,9.025936648977904,27.7,10,0,0,0,0,1,0,0,0,0,0
0,0.1632,367.26,11.09741002,8.87,667,2910.0,9.546241016698438,96.2,4,0,0,0,0,0,1,0,0,0,0
0,0.1568,875.04,11.92503512,12.96,717,6300.0,9.593764349207467,97.8,6,0,0,1,0,0,1,0,0,0,0
0,0.2011,902.54,11.91839057,15.19,687,3240.0,9.204724633190548,80.8,4,0,0,1,0,0,0,0,0,0,1
0,0.1221,319.83,11.48246626,23.72,712,5639.958333,11.66415187328024,3.7,0,0,0,0,0,0,1,0,0,0,0
0,0.1189,348.23,11.06264603,11.2,722,3509.958333,9.33890947277089,54.1,4,0,0,0,0,0,1,0,0,0,0
0,0.1442,111.75,11.0806029,24.73,682,4289.958333,8.236950048061455,16.2,7,0,0,0,0,0,0,1,0,0,0
0,0.1287,336.34,10.81977828,20.69,702,3149.958333,11.019513997458025,40.7,4,0,0,0,0,0,1,0,0,0,0
0,0.1148,417.88,10.63585545,16.07,737,4499.958333,9.857129428557979,43.9,4,0,0,1,0,0,1,0,0,0,0
0,0.2017,55.88,10.57131693,17.32,677,1709.958333,7.322510433997394,37.8,10,0,0,0,1,0,0,0,0,0,0
0,0.1218,166.5,11.91839057,20.18,702,6900.0,12.004708932208832,85.4,1,0,0,1,0,0,1,0,0,0,0
0,0.1287,465.82,10.6561293,21.14,702,3600.0,10.656576769062607,82.6,2,0,0,0,0,0,1,0,0,0,0
0,0.1392,512.06,11.33857208,11.95,702,4649.958333,7.400009517162692,4.6,5,0,0,0,1,0,0,0,0,0,0
0,0.0859,63.23,10.04324949,5.63,737,3660.0,8.624072553043334,53.5,4,0,0,0,0,0,0,1,0,0,0
0,0.1322,475.75,11.55760242,23.71,692,5910.0,11.962426597068005,79.9,0,0,0,0,0,0,1,0,0,0,0
0,0.1982,166.83,10.85892207,23.52,682,4289.958333,8.602453035367061,37.3,10,0,0,0,0,0,1,0,0,0,0
0,0.1287,672.67,11.60823564,23.4,717,5430.0,11.716853576559888,0.0,0,0,0,1,0,1,0,0,0,0,0
0,0.1461,549.88,10.79507567,21.45,687,10252.0,9.876630098366245,34.3,5,0,0,0,0,0,1,0,0,0,0
0,0.1183,314.78,10.91508846,13.7,732,5880.0,9.594036921611199,61.7,4,0,0,0,0,0,1,0,0,0,0
0,0.1496,388.04,10.75790288,16.09,687,3907.041667,9.306195857619704,37.2,6,0,0,1,0,0,1,0,0,0,0
0,0.1183,331.34,11.27720313,22.98,717,4230.958333,9.957738967368044,80.9,4,0,0,0,0,0,1,0,0,0,0
0,0.1357,244.58,10.54275916,16.31,682,2580.0,7.995643604287271,39.0,4,0,0,0,0,0,1,0,0,0,0
0,0.167,248.51,10.95080655,0.21,672,2071.041667,5.187385805840755,8.5,7,0,0,0,0,0,1,0,0,0,0
0,0.1913,691.27,11.6784399,20.82,682,9719.958333,12.009601453131777,92.3,1,2,0,1,0,0,0,0,0,0,1
0,0.16,263.68,11.45105006,11.53,672,5009.958333,9.277344600756656,41.3,5,0,0,0,0,0,0,0,1,0,0
0,0.1426,343.06,11.56171563,15.92,687,5369.958333,10.250016196420983,85.4,5,0,0,0,0,0,1,0,0,0,0
0,0.1704,120.41,10.1266311,22.75,677,1770.0,8.6164953924901,54.7,8,0,0,0,0,0,0,1,0,0,0
0,0.1253,669.33,11.39751461,18.36,727,12599.95833,10.129706370367266,57.7,4,0,0,0,0,0,1,0,0,0,0
0,0.1531,348.16,10.6454249,17.45,687,6389.958333,9.37143829231851,49.3,7,0,0,1,0,0,1,0,0,0,0
0,0.1565,314.88,10.51856508,16.35,677,5699.958333,9.187276432377631,36.3,6,0,0,1,0,0,1,0,0,0,0
0,0.1218,179.82,11.09011072,18.42,712,4529.958333,8.80071662871916,24.8,5,0,0,1,0,0,1,0,0,0,0
0,0.1253,669.33,10.78931908,21.06,727,4259.958333,10.493771097636834,69.4,4,0,0,0,0,0,1,0,0,0,0
0,0.1253,669.33,11.03488966,6.89,732,5430.0,9.745663467342562,38.3,4,0,0,0,0,0,0,0,0,1,0
0,0.1739,716.95,11.7829526,17.68,672,4949.958333,10.22459231202622,81.1,4,0,0,0,0,0,0,0,1,0,0
0,0.1357,169.85,10.6214249,18.53,712,4993.958333,7.853993087224244,7.9,7,0,0,0,1,0,0,0,0,0,0
0,0.1426,171.53,10.55302239,19.99,707,1110.0,6.52649485957079,20.1,4,0,0,0,0,0,1,0,0,0,0
0,0.1496,623.61,12.61153775,16.76,767,5379.958333,12.259205746435313,0.0,1,0,0,0,0,0,0,0,0,0,1
0,0.1287,201.8,11.3736634,9.09,712,4529.958333,8.082402253926244,29.2,6,0,0,0,1,0,0,0,0,0,0
0,0.1114,403.49,11.35040654,23.1,762,11790.0,12.155589549159343,39.8,4,0,0,0,0,1,0,0,0,0,0
0,0.1496,97.01,9.708931458,16.18,677,2131.958333,6.694562058521095,23.1,4,1,0,1,1,0,0,0,0,0,0
0,0.1461,172.38,10.30226367,20.21,667,4380.0,8.00202481821611,38.8,4,0,1,0,0,1,0,0,0,0,0
0,0.1774,180.11,10.96812932,2.05,687,4949.958333,7.784057002639929,47.1,9,1,0,0,0,0,0,0,1,0,0
0,0.1531,121.86,11.15619338,17.52,682,1739.958333,7.213768308118642,23.0,7,0,0,0,1,0,0,0,0,0,0
0,0.1392,170.69,10.46310334,3.22,682,3990.0,6.023447592961033,41.2,4,0,0,0,0,0,0,0,1,0,0
0,0.1392,682.74,11.46163217,24.97,712,4050.0,11.701220809775878,93.7,0,0,0,0,0,0,1,0,0,0,0
0,0.1114,98.42,10.61643736,20.94,732,2580.0,7.993619994827744,12.2,5,0,0,0,1,0,0,0,0,0,0
0,0.1496,692.9,11.22524339,0.98,682,10290.0,9.13852208418571,48.0,4,1,0,0,0,0,1,0,0,0,0
0,0.1392,409.65,10.50506754,18.74,682,3932.958333,8.95944014361693,41.6,4,2,0,0,0,0,1,0,0,0,0
0,0.1565,41.99,10.59653473,12.33,667,3270.0,9.833172378621102,96.6,4,0,0,1,1,0,0,0,0,0,0
0,0.1392,512.06,11.18976142,16.68,697,3839.958333,9.955320701176145,59.2,5,0,0,0,0,0,1,0,0,0,0
0,0.1843,727.4,11.75587164,1.77,752,4034.0,8.233768709217097,21.0,10,0,0,0,1,0,0,0,0,0,0
0,0.1843,290.96,11.51292546,24.55,672,4529.958333,10.447989702661502,89.8,8,0,0,0,1,0,0,0,0,0,0
0,0.1218,199.8,10.6454249,6.54,702,3574.0,9.146654820290049,52.7,4,0,0,0,0,0,1,0,0,0,0
0,0.1739,215.09,12.22098096,3.04,687,3479.958333,7.813995675002791,31.7,9,0,0,1,1,0,0,0,0,0,0
0,0.1531,121.86,11.55218464,19.19,662,5940.0,9.639391789890489,76.0,5,1,0,0,1,0,0,0,0,0,0
0,0.2052,681.19,13.01700286,14.1,697,3539.958333,10.21416567728217,56.5,10,1,0,0,0,0,0,0,1,0,0
0,0.1809,542.93,11.26446411,20.42,712,3750.0,9.93226935396158,71.7,7,0,0,0,0,0,0,0,0,0,1
0,0.1322,40.57,10.0762637,8.78,682,2160.0,7.192182058713246,83.0,4,1,0,0,1,0,0,0,0,0,0
0,0.1392,512.06,11.98292909,13.47,692,2369.958333,9.642642134037906,42.0,4,0,0,0,0,0,1,0,0,0,0
0,0.1287,100.9,9.629050707,13.58,712,4891.0,0.0,62.1,7,0,0,1,0,0,0,1,0,0,0
0,0.1461,379.23,10.1266311,10.03,677,1860.0,9.017483513266844,33.1,4,0,0,1,1,0,0,0,0,0,0
0,0.1183,662.68,11.72212424,19.22,737,8880.0,11.710751208300149,54.1,1,0,0,0,0,0,1,0,0,0,0
0,0.1426,120.08,11.35035948,17.89,672,2910.0,9.102086786535928,68.0,5,0,0,0,0,0,1,0,0,0,0
0,0.1148,464.86,10.58354949,14.65,722,5342.958333,11.38110689034938,39.6,2,0,0,0,1,0,0,0,0,0,0
0,0.1392,238.96,10.30895266,3.6,692,3839.958333,6.799055862058796,57.7,4,0,0,1,0,0,0,0,0,1,0
0,0.1392,204.83,9.952277717,7.6,707,1590.0,8.236420527265391,42.4,4,0,0,0,0,0,0,0,1,0,0
0,0.1809,723.91,11.18731997,24.13,692,3750.0,7.679251425953058,47.0,5,0,1,1,0,0,0,0,0,0,1
0,0.1461,258.57,11.2515607,12.0,672,2429.958333,8.763115329619787,24.8,4,0,1,0,0,0,1,0,0,0,0
0,0.1496,173.23,10.71441777,20.67,662,6449.958333,11.6036706957769,40.5,0,0,0,0,0,0,1,0,0,0,0
0,0.1461,189.62,10.73639668,4.02,722,2910.0,8.343077871169383,23.3,8,0,0,0,0,0,1,0,0,0,0
0,0.2017,745.01,12.3883942,6.46,697,4199.958333,10.28134162693611,97.9,9,0,0,0,0,0,1,0,0,0,0
0,0.1392,119.48,11.28978191,0.6,702,3479.958333,8.105609402299896,10.4,6,0,0,0,1,0,0,0,0,0,0
0,0.16,369.16,11.45100751,17.8,662,2069.958333,10.657988500785741,84.5,4,0,0,0,0,0,1,0,0,0,0
0,0.1392,409.65,11.28978191,8.36,717,2849.958333,9.300455261418444,13.7,7,0,0,0,0,0,0,0,1,0,0
0,0.16,79.99,11.51292546,24.6,702,5520.0,10.436201861559756,44.5,4,0,0,0,0,0,1,0,0,0,0
0,0.1392,273.1,10.50506754,7.33,722,6900.0,10.801308768126622,98.4,1,0,0,0,0,0,1,0,0,0,0
0,0.1739,358.48,12.20607265,10.8,687,4649.958333,12.161619064775868,78.2,5,0,0,1,0,0,0,0,0,0,1
0,0.1531,278.53,11.05879518,17.37,667,2313.041667,10.069044362997353,78.9,4,0,0,0,0,0,1,0,0,0,0
0,0.1287,67.27,11.08980542,4.03,687,3209.958333,7.653969180478774,23.4,5,1,0,0,1,0,0,0,0,0,0
0,0.1357,489.15,11.00209984,18.18,692,8670.958333,9.096947684621092,51.9,4,0,1,0,0,0,1,0,0,0,0
0,0.1253,435.07,12.48370438,10.06,707,8400.0,12.345438857440447,77.2,1,0,0,0,0,1,0,0,0,0,0
0,0.1531,69.64,11.1844214,21.2,667,4350.0,9.412219427985669,91.3,5,0,0,0,0,0,1,0,0,0,0
0,0.1461,172.38,10.89673933,12.38,717,7499.958333,8.743850562030243,98.0,4,0,0,0,0,0,1,0,0,0,0
0,0.1287,336.34,11.51288546,15.29,707,3060.0,8.76201995356159,24.2,4,0,0,0,0,0,1,0,0,0,0
0,0.1183,132.54,10.71441777,1.57,727,10445.95833,10.813377845229255,85.2,1,0,0,0,1,0,0,0,0,0,0
0,0.1322,243.37,10.82804224,12.62,692,2340.0,6.915723448631314,24.0,4,4,0,0,0,0,0,0,0,1,0
0,0.1565,839.67,12.69158046,5.32,682,13590.0,12.871059520496116,6.1,4,1,0,1,1,0,0,0,0,0,0
0,0.1565,874.66,11.75978554,21.02,692,8969.958333,11.65401695788384,53.5,4,1,0,0,0,0,1,0,0,0,0
0,0.2086,940.14,12.56994115,18.64,682,4589.958333,9.820486306032722,50.8,9,0,0,0,0,0,1,0,0,0,0
0,0.1531,174.08,10.49127422,3.23,667,4770.0,7.976251943745623,63.3,4,0,0,0,0,0,1,0,0,0,0
0,0.1253,100.4,11.69524702,3.48,702,7650.0,5.814130531825066,5.6,4,0,0,0,0,0,0,0,1,0,0
0,0.1322,261.96,10.71441777,17.6,702,5309.958333,5.993961427306569,3.7,5,1,0,1,0,0,0,0,1,0,0
0,0.1287,141.26,10.08580911,7.15,732,3360.0,9.165343006045447,85.3,4,0,0,0,0,0,1,0,0,0,0
0,0.2086,827.33,12.30138283,10.81,667,4860.0,11.607344338588272,66.5,4,0,0,1,0,0,0,0,0,0,1
0,0.1357,543.5,12.0076461,6.67,732,9150.0,6.573680166960646,1.6,6,0,0,0,0,1,0,0,0,0,0
0,0.1982,926.83,11.60823564,16.2,737,12209.95833,11.879081322672471,12.0,0,1,0,1,0,0,0,0,0,0,1
0,0.1287,100.9,10.67581553,14.02,707,4259.958333,7.367077059881012,52.7,4,1,0,0,1,0,0,0,0,0,0
0,0.1704,535.12,11.40756495,20.44,662,6060.958333,8.998013113095823,68.9,5,0,0,0,0,0,1,0,0,0,0
0,0.1357,475.56,11.04132055,19.25,707,5940.0,9.40738632416852,75.6,5,0,0,1,0,0,1,0,0,0,0
0,0.1287,67.27,9.729134165,6.64,722,3509.958333,6.900730664045173,82.7,5,0,0,1,1,0,0,0,0,0,0
0,0.1461,103.43,10.49127422,22.13,667,2940.0,10.53523793823075,89.4,0,0,0,0,1,0,0,0,0,0,0
0,0.1426,171.53,11.22251969,9.56,682,10889.95833,7.81237820598861,39.2,6,0,1,0,0,0,0,0,1,0,0
0,0.1947,405.87,10.81985828,3.17,672,3810.0,6.016157159698354,40.9,8,0,0,1,1,0,0,0,0,0,0
0,0.1461,258.57,11.45143297,23.88,672,10950.0,10.94056126018764,79.2,4,0,0,0,0,1,0,0,0,0,0
0,0.1287,840.83,11.00209984,13.18,732,5699.958333,8.890548245606167,42.7,5,0,0,0,0,0,1,0,0,0,0
0,0.16,527.36,11.46167427,12.04,667,3690.0,9.787796078039936,59.6,4,0,0,0,0,0,1,0,0,0,0
0,0.1704,713.49,12.86099861,6.18,667,7650.0,11.99976777453426,73.7,1,0,0,0,1,0,0,0,0,0,0
0,0.1531,292.45,11.22524339,13.44,677,7169.958333,8.830250570199247,26.7,7,0,0,1,0,0,1,0,0,0,0
0,0.1357,679.37,11.00209984,21.22,712,5039.958333,10.887137822734557,70.9,4,0,0,1,0,0,0,0,1,0,0
0,0.1531,522.23,11.32664408,5.39,677,6029.958333,9.682529112127256,72.2,4,0,0,0,0,0,1,0,0,0,0
0,0.1843,363.7,11.09741002,9.24,697,9449.958333,8.619569258033104,64.4,7,0,1,1,0,0,0,0,0,0,1
0,0.1357,611.44,11.49272276,6.27,702,4289.958333,10.039372423556493,53.3,4,1,0,0,0,1,0,0,0,0,0
0,0.1913,881.3,11.55166529,16.52,672,5485.0,9.859483417038073,88.6,6,0,0,0,0,0,1,0,0,0,0
0,0.1183,828.35,12.4292162,15.7,757,7020.0,12.578814817467274,38.0,0,0,0,0,0,0,1,0,0,0,0
0,0.1287,168.17,12.59473064,9.27,692,6330.0,13.308876138816752,68.4,4,0,1,0,1,0,0,0,0,0,0
0,0.0894,127.09,11.28978191,15.31,727,5250.0,11.52992023234609,61.8,0,0,0,0,0,1,0,0,0,0,0
0,0.1982,926.83,11.58710486,20.28,687,4320.958333,9.606361021256347,99.1,4,0,0,0,0,0,1,0,0,0,0
0,0.16,210.95,10.81977828,13.75,662,3929.958333,9.245900547374733,90.9,4,0,0,0,0,1,0,0,0,0,0
0,0.0894,317.72,11.6784399,7.03,737,4319.958333,11.852400332038547,48.0,0,0,0,0,0,1,0,0,0,0,0
0,0.1461,861.88,11.69524702,0.24,717,1950.0,5.998936561946683,2.7,6,0,1,0,0,0,0,1,0,0,0
0,0.1322,67.61,10.59663473,24.54,677,3720.0,7.872073979866873,24.3,5,0,0,0,0,0,1,0,0,0,0
0,0.1947,553.45,10.74073508,4.6,752,5069.958333,9.083529205109796,21.2,9,0,0,0,0,0,0,0,0,0,1
0,0.1114,393.65,11.69524702,15.35,737,4979.958333,11.72953572071091,24.0,1,0,0,0,0,0,1,0,0,0,0
0,0.1183,256.79,10.73630972,13.31,722,4560.0,8.93102321585603,57.7,4,0,0,1,0,0,0,0,1,0,0
0,0.1322,540.81,11.08214255,16.83,707,5699.958333,11.166427134625915,84.6,0,0,0,0,1,0,0,0,0,0,0
0,0.167,568.03,11.91839057,15.7,687,6149.958333,8.576781982827894,96.5,6,0,1,0,0,0,1,0,0,0,0
0,0.1322,794.32,10.858999,19.62,717,4319.958333,10.482429663876848,69.2,4,0,0,0,0,0,1,0,0,0,0
0,0.1496,346.45,11.01862914,16.19,672,6360.0,8.611593866837723,83.2,4,0,0,0,0,0,1,0,0,0,0
0,0.1565,279.89,10.91508846,9.21,667,7199.958333,7.001245622069476,39.2,5,1,0,0,0,0,0,0,0,1,0
0,0.1704,178.38,9.903487553,0.6,687,1590.0,6.29156913955832,2.4,8,1,0,0,0,0,0,0,0,1,0
0,0.16,175.79,11.26070062,22.9,672,3810.0,8.799812469525556,26.8,5,0,1,0,0,0,1,0,0,0,0
0,0.1322,169.01,10.26813067,5.46,697,2940.0,7.01571242048723,30.1,4,0,0,0,0,0,1,0,0,0,0
0,0.1635,169.58,10.81977828,6.96,732,4531.0,5.945420608606575,8.7,9,1,0,0,0,0,1,0,0,0,0
0,0.1287,252.25,10.54323396,15.08,697,3276.0,9.863550582932428,70.9,4,0,0,0,0,0,1,0,0,0,0
0,0.1461,110.33,10.24131601,21.19,677,3239.958333,7.503289630675082,34.2,6,0,0,0,1,0,0,0,0,0,0
0,0.2121,94.47,11.37641822,5.21,687,12150.0,10.872427658905435,41.1,6,2,0,0,0,0,0,0,0,0,1
0,0.0859,47.42,10.66895539,14.6,727,3360.0,10.740323737069875,78.3,0,0,0,0,0,0,1,0,0,0,0
0,0.1357,81.53,11.40756495,11.43,692,3179.958333,10.288137520930372,45.1,5,0,0,0,0,0,0,0,1,0,0
0,0.1392,102.42,9.574983486,9.31,687,1202.0,8.228443883004033,64.6,4,0,0,0,0,0,0,1,0,0,0
0,0.1913,183.61,10.94199592,22.73,672,4709.958333,0.0,0.0,9,0,0,0,0,0,1,0,0,0,0
0,0.1218,133.2,11.15625052,22.75,697,7860.0,11.896444850994186,52.7,2,0,0,1,0,0,1,0,0,0,0
0,0.1287,840.83,10.73639668,17.82,727,10919.95833,10.834253018164596,88.4,2,0,0,0,0,0,1,0,0,0,0
0,0.1357,169.85,11.12136326,8.77,727,1349.958333,6.556778356158042,5.8,4,0,0,0,0,0,0,0,1,0,0
0,0.0859,237.08,10.96819829,24.66,752,10350.0,11.93165553647575,51.6,3,0,0,0,0,0,0,1,0,0,0
0,0.2052,187.14,12.08953883,0.17,707,4233.958333,6.09807428216624,82.8,10,0,0,0,0,0,1,0,0,0,0
0,0.1426,494.01,11.15625052,24.41,687,4679.958333,10.147060985361845,82.3,5,0,0,0,0,0,1,0,0,0,0
0,0.0859,31.62,11.69524702,12.05,807,6149.958333,12.505165615351732,4.3,0,0,0,0,0,0,0,0,1,0,0
0,0.1148,276.94,11.47210347,15.16,727,2010.0,8.574329382787047,29.9,4,0,0,1,1,0,0,0,0,0,0
0,0.1531,69.64,10.30895266,2.56,702,2430.958333,4.859812404361672,2.8,8,0,0,0,0,0,0,0,0,1,0
0,0.1531,149.71,11.05643019,5.13,672,2700.0,6.1224928095143865,18.2,6,0,1,0,1,0,0,0,0,0,0
0,0.16,852.57,11.5228758,24.84,682,6210.0,11.672992891989832,77.2,2,0,0,0,0,0,1,0,0,0,0
0,0.1218,333.0,11.09741002,12.45,712,4890.0,11.194564229573833,81.5,2,0,0,1,0,1,0,0,0,0,0
0,0.16,281.26,10.85127695,20.26,677,1980.0,7.295735072749282,32.7,7,0,0,1,0,0,0,0,0,1,0
0,0.2121,340.06,11.40756495,10.24,682,1452.0,8.714403360703942,45.1,10,0,0,0,0,0,1,0,0,0,0
0,0.1843,881.97,12.30138283,16.71,727,8760.0,11.273716045969225,75.8,9,0,0,0,0,0,1,0,0,0,0
0,0.1774,871.71,11.51292546,0.22,727,5670.0,6.516193076042964,4.9,9,0,0,0,0,0,0,0,1,0,0
0,0.0859,158.06,11.51292546,19.08,737,8609.958333,11.811866417691423,35.0,2,0,0,0,0,0,0,0,1,0,0
0,0.1947,885.52,11.26446411,12.14,682,1799.958333,10.006134389496271,75.9,4,0,0,0,0,0,0,0,0,0,1
0,0.1461,78.44,10.7254676,19.94,667,10079.95833,9.956174874815135,56.5,5,0,0,1,1,0,0,0,0,0,0
0,0.1565,87.47,9.878169745,5.29,717,1799.958333,8.158516244806831,99.8,4,0,0,0,1,0,0,0,0,0,0
0,0.1287,538.14,11.58988651,22.31,712,5699.958333,11.616266943744163,42.1,1,0,0,0,0,0,1,0,0,0,0
0,0.1496,83.15,10.16585182,19.62,687,1110.0,7.236339342754344,55.5,4,0,0,1,1,0,0,0,0,0,0
0,0.1287,67.27,10.86696717,10.49,687,3641.0,6.55250788703459,15.9,4,0,0,0,1,0,0,0,0,0,0
0,0.1565,174.94,10.34415892,23.48,662,1863.041667,7.901377353792616,75.0,5,0,0,0,0,0,1,0,0,0,0
0,0.1392,102.42,9.773834344,5.87,732,7199.958333,7.9996785794994505,22.1,8,0,0,1,1,0,0,0,0,0,0
0,0.1531,522.23,11.60823564,11.18,697,7619.958333,10.55458803059373,42.8,7,0,0,1,0,0,1,0,0,0,0
0,0.1531,167.12,11.48834585,6.27,662,4860.0,8.597297435657898,67.7,5,0,1,0,0,0,0,0,1,0,0
0,0.1565,314.88,10.08580911,10.35,662,2019.041667,8.87514731685335,77.7,4,0,0,1,0,0,1,0,0,0,0
0,0.1287,100.9,11.40756495,1.65,687,3690.0,8.561784074744113,41.2,5,0,0,0,0,0,0,0,0,1,0
0,0.167,710.03,11.28978191,23.41,677,9119.958333,11.303314927938603,86.8,0,1,2,0,0,1,0,0,0,0,0
0,0.16,878.94,11.69524702,20.15,742,8100.0,12.279211576886915,35.0,4,0,0,0,0,0,0,0,0,0,1
0,0.1774,172.91,9.546812609,9.51,692,1530.041667,0.0,71.1,4,0,0,0,0,0,1,0,0,0,0
0,0.16,316.42,11.47626148,16.07,667,5370.0,9.94831750445392,37.2,6,0,0,0,0,0,1,0,0,0,0
0,0.1878,913.63,11.73606902,18.59,697,15271.0,12.116662029029495,69.7,2,0,0,0,0,0,0,0,0,0,1
0,0.1322,219.71,10.77895629,18.25,707,6510.0,9.237469039364436,36.3,6,0,1,0,0,0,1,0,0,0,0
0,0.1392,327.72,11.08214255,13.51,687,5130.041667,8.397057390176256,33.3,4,0,1,0,0,0,1,0,0,0,0
0,0.0894,111.21,12.69207904,9.73,727,5250.041667,11.643629113291672,74.3,4,0,0,0,1,0,0,0,0,0,0
0,0.1392,512.06,11.9511804,19.35,687,10770.04167,11.91720987633023,86.7,0,0,0,0,1,0,0,0,0,0,0
0,0.1357,203.82,9.980448594,3.89,712,2280.041667,8.04044688130311,38.8,5,0,0,0,0,0,0,0,0,1,0
0,0.2121,188.93,11.00209984,0.36,662,3660.041667,6.366470447731438,12.1,5,2,0,0,0,0,0,0,0,0,1
0,0.1774,900.53,12.70684793,13.19,732,10380.04167,10.455416731180536,88.5,9,0,0,0,1,0,0,0,0,0,0
0,0.1531,139.27,10.55581274,8.34,667,3810.041667,7.049254841255837,9.8,6,0,0,0,1,0,0,0,0,0,0
0,0.1148,403.87,11.59945172,12.34,727,3600.0,12.455889286020085,82.7,0,0,0,0,0,0,1,0,0,0,0
0,0.1357,679.37,11.51292546,14.6,707,5790.0,10.077230753555211,62.4,4,0,0,0,0,0,1,0,0,0,0
0,0.1531,174.08,11.22364211,8.06,707,1230.041667,7.709756864454165,25.3,5,0,0,1,1,0,0,0,0,0,0
0,0.1183,165.67,9.903487553,16.74,717,4350.0,9.4894104675794,40.3,4,0,0,0,1,0,0,0,0,0,0
0,0.1878,913.63,11.28978191,11.64,702,5911.041667,10.427091188661334,37.8,4,0,0,1,0,0,0,0,0,0,1
0,0.1287,840.83,11.28978191,11.38,717,5700.041667,11.620056412488276,50.1,0,0,0,1,0,1,0,0,0,0,0
0,0.1322,270.41,11.32297488,9.5,732,4170.041667,8.466320861042481,56.6,6,0,0,0,1,0,0,0,0,0,0
0,0.1287,639.04,11.28978191,21.3,722,4410.041667,10.72425808255287,80.0,4,0,0,0,0,0,1,0,0,0,0
0,0.1322,253.51,10.33136626,16.51,687,2940.041667,8.426611813185,49.1,4,0,0,0,0,0,1,0,0,0,0
0,0.1565,139.95,10.63585545,9.95,727,3480.041667,7.945555428253489,28.2,9,0,0,1,1,0,0,0,0,0,0
0,0.1322,371.81,10.77895629,20.38,702,3270.0,10.046114950785885,55.7,5,0,0,1,0,0,1,0,0,0,0
0,0.1565,188.93,10.61643736,3.71,662,13170.04167,7.587310506022615,42.9,5,2,1,0,0,0,0,1,0,0,0
0,0.0859,379.33,12.01370075,10.21,807,8191.041667,12.19632024508749,5.1,0,0,0,0,0,0,1,0,0,0,0
0,0.1287,336.34,10.93310697,16.22,712,6450.0,8.394347361417392,16.1,5,0,1,0,0,0,1,0,0,0,0
0,0.1148,428.59,11.22524339,15.44,732,7170.0,11.224349659925092,34.6,0,0,0,0,0,0,1,0,0,0,0
0,0.1218,59.94,10.37349118,10.31,712,3240.0,7.409741954080923,27.5,5,0,0,0,0,0,1,0,0,0,0
0,0.1843,363.7,11.05089001,15.58,717,5348.041667,9.806866513931702,69.6,10,0,0,0,0,1,0,0,0,0,0
0,0.1357,254.77,11.04802877,3.38,692,6480.0,8.69349667588463,37.5,5,0,0,0,0,0,0,0,0,1,0
0,0.1913,918.02,11.14908203,17.56,802,12344.0,12.155047736176769,8.0,3,0,0,1,0,0,0,0,0,0,1
0,0.1704,256.86,12.25486281,17.94,687,7770.041667,10.540619782899379,90.9,8,0,0,0,1,0,0,0,0,0,0
0,0.1461,517.13,11.51292546,11.12,682,2580.0,10.182481996590344,88.7,4,0,0,0,0,1,0,0,0,0,0
0,0.1531,167.12,10.74103806,22.62,662,3510.041667,8.438149984075784,81.0,5,0,0,0,1,0,0,0,0,0,0
0,0.1348,678.49,11.06663836,4.29,727,4500.041667,9.214431989879436,38.5,6,0,0,0,1,0,0,0,0,0,0
0,0.1114,32.81,10.97934285,14.62,717,3330.041667,8.645586406184636,26.2,4,0,0,0,0,0,1,0,0,0,0
0,0.1426,411.67,11.40756495,16.4,712,5550.041667,9.100190628475195,61.8,5,1,0,0,0,0,1,0,0,0,0
0,0.1253,481.92,12.61153775,3.76,717,5700.041667,11.467561923218698,82.2,5,0,0,1,0,0,1,0,0,0,0
0,0.1565,209.92,10.858999,22.45,667,6150.0,8.815963560853438,37.7,4,0,0,0,0,0,1,0,0,0,0
0,0.1357,203.82,11.08214255,8.81,692,3900.0,4.007333185232471,3.6,5,3,0,0,1,0,0,0,0,0,0
0,0.1218,333.0,11.69524702,8.71,717,7590.0,10.778289400902324,73.7,5,0,0,0,1,0,0,0,0,0,0
0,0.1565,848.42,10.62132735,10.86,722,4410.0,9.41897923708751,98.6,4,0,0,0,0,0,1,0,0,0,0
0,0.1426,171.53,10.69194491,8.89,707,5910.041667,6.904750769961838,76.6,6,0,0,0,0,0,1,0,0,0,0
0,0.1565,419.84,11.35040654,23.89,692,6000.041667,12.22354903983141,74.2,0,0,0,0,0,0,1,0,0,0,0
0,0.0774,156.1,12.4874851,11.09,762,3600.0,12.006236601649462,15.5,0,0,0,0,1,0,0,0,0,0,0
0,0.1531,174.08,10.59663473,21.99,662,5191.041667,10.15085531407452,42.1,4,0,0,0,0,0,0,0,1,0,0
0,0.2086,300.85,11.54853389,17.12,667,8903.041667,10.884423049903722,41.3,6,1,0,0,0,0,1,0,0,0,0
0,0.1774,900.53,12.56024446,15.12,677,4470.041667,12.018947570291896,81.1,0,0,0,0,0,0,1,0,0,0,0
0,0.1461,330.97,11.47210347,10.45,682,8220.041667,8.731336360533149,27.0,4,0,0,0,1,0,0,0,0,0,0
0,0.1357,407.63,10.90824693,13.77,727,4955.041667,9.120415664448196,49.4,7,0,0,0,1,0,0,0,0,0,0
0,0.1496,346.45,10.71441777,17.79,672,3060.041667,8.882114044208821,82.8,4,0,0,0,0,0,1,0,0,0,0
0,0.1287,504.5,11.1844214,18.25,702,3690.041667,11.213116828720533,66.4,1,0,0,0,0,1,0,0,0,0,0
0,0.1148,725.31,11.47210347,19.98,807,8580.041667,11.970356641102999,0.0,3,0,0,0,0,0,0,0,1,0,0
0,0.1114,498.62,11.46163217,14.5,762,6780.041667,12.291461039528462,43.5,2,0,0,1,0,1,0,0,0,0,0
0,0.1426,144.09,10.49127422,24.7,682,4116.041667,8.168486417126681,78.4,6,0,0,0,0,0,1,0,0,0,0
0,0.1531,208.9,10.71441777,21.95,677,4770.0,9.372544251851037,95.6,4,0,0,0,0,0,1,0,0,0,0
0,0.1253,200.8,11.40756495,7.56,697,10440.04167,9.280052984387483,38.6,4,0,0,0,0,1,0,0,0,0,0
0,0.1253,836.66,11.53272809,23.74,727,8280.041667,12.223229619306663,60.6,2,0,0,0,0,0,1,0,0,0,0
0,0.1461,172.38,10.51867319,6.36,667,11040.04167,8.45126704130007,20.3,4,0,0,0,1,0,0,0,0,0,0
0,0.1739,172.07,11.60823564,13.76,667,5430.0,9.100302266767246,40.3,8,0,0,0,0,0,0,0,1,0,0
0,0.1114,328.04,10.30895266,10.52,737,2070.041667,8.89959435992585,21.7,4,0,0,1,0,0,1,0,0,0,0
0,0.1253,167.34,11.87756858,8.5,702,3780.041667,12.060138946988502,69.14,2,1,0,0,1,0,0,0,0,0,0
0,0.1426,411.67,10.6454249,9.14,677,6960.0,9.122055457108612,63.5,5,0,1,0,0,0,1,0,0,0,0
0,0.1496,415.74,10.65725935,12.42,697,9000.0,8.527143522269405,76.5,7,1,0,0,0,0,1,0,0,0,0
0,0.1496,424.41,10.91508846,21.36,672,7800.041667,11.057755274282396,85.4,0,1,0,0,0,1,0,0,0,0,0
0,0.1461,517.13,11.3083583,18.2,682,3872.041667,11.292752497100851,93.2,2,0,0,0,0,0,1,0,0,0,0
0,0.1148,453.32,10.83958091,21.79,722,3962.0,11.01299032403541,59.1,0,0,0,0,0,0,1,0,0,0,0
0,0.1531,348.16,10.858999,19.48,707,3720.041667,9.781658844170995,67.6,7,0,0,0,0,0,1,0,0,0,0
0,0.1148,32.97,11.40645322,20.5,732,4590.041667,11.692768953888644,19.1,2,0,0,0,0,0,0,0,1,0,0
0,0.1253,284.47,10.59663473,15.6,702,2250.041667,9.07004328643746,84.4,4,0,0,0,0,0,1,0,0,0,0
0,0.1322,331.25,10.46310334,13.06,702,5370.0,8.534836626588833,45.4,5,0,0,1,1,0,0,0,0,0,0
0,0.16,351.58,11.32659589,16.99,677,5730.041667,8.460411177317253,94.5,6,0,0,1,0,0,1,0,0,0,0
0,0.1287,322.88,10.89951325,15.38,712,8523.041667,12.033711320530472,83.0,1,1,0,0,0,0,0,0,1,0,0
0,0.1392,409.65,11.88448902,23.26,707,5700.041667,11.86335695907512,95.5,1,0,0,0,0,0,1,0,0,0,0
0,0.1461,124.12,10.23995979,0.0,692,1530.041667,0.0,0.0,6,0,0,0,0,0,0,0,0,1,0
0,0.1565,332.37,10.71441777,18.72,667,1800.0,8.97322466309509,59.8,5,0,1,0,0,0,1,0,0,0,0
0,0.16,527.36,11.07045918,12.89,672,3330.0,7.753194269884341,59.7,5,0,0,0,0,0,0,1,0,0,0
0,0.167,284.02,10.77895629,0.72,712,2910.0,8.291045131081729,99.9,5,0,0,0,0,0,1,0,0,0,0
0,0.1565,524.8,11.28978191,17.27,737,5160.041667,9.072915696064511,48.7,5,0,0,0,0,0,0,0,0,0,1
0,0.1148,395.63,11.23848862,5.1,737,8880.041667,10.005999013489205,80.3,4,0,0,0,1,0,0,0,0,0,0
0,0.1392,170.69,10.30895266,10.8,702,1320.041667,7.62608275807238,22.3,4,0,0,0,0,0,1,0,0,0,0
0,0.1218,299.7,9.980448594,6.17,737,2490.0,6.897704943128636,23.5,6,0,0,1,1,0,0,0,0,0,0
0,0.1913,367.21,10.49127422,17.4,682,6630.041667,9.521568058002977,94.8,9,0,1,1,0,0,1,0,0,0,0
0,0.1392,682.74,11.60823564,18.57,692,6690.041667,11.56575507861476,69.4,1,1,0,0,0,0,1,0,0,0,0
0,0.1531,87.04,10.32088123,22.81,672,1920.041667,8.571113033405668,85.1,6,0,0,0,0,0,0,0,1,0,0
0,0.167,177.51,10.49127422,2.67,692,5490.0,7.813995675002791,25.5,8,0,0,0,1,0,0,0,0,0,0
0,0.16,351.58,11.01862914,8.79,702,5520.0,8.458716261657262,38.3,8,0,0,0,1,0,0,0,0,0,0
0,0.1218,299.7,10.858999,16.25,717,1951.041667,8.53050420547591,36.7,5,0,0,0,0,0,1,0,0,0,0
0,0.1739,716.95,11.56171563,21.58,667,4890.041667,10.110501721920453,64.1,4,0,0,0,0,0,1,0,0,0,0
0,0.167,511.22,10.91508846,16.97,712,3196.041667,9.714383043445341,22.4,9,0,0,0,0,1,0,0,0,0,0
0,0.1287,807.2,11.56171563,19.06,717,6780.041667,11.962720009327088,38.3,2,0,0,0,0,0,1,0,0,0,0
0,0.1426,514.59,11.51292546,9.65,682,3300.0,8.61558951327243,44.1,4,0,0,0,0,0,0,0,1,0,0
0,0.16,275.99,10.42228135,17.18,662,1500.0,8.375629627094451,11.6,4,0,0,0,0,0,1,0,0,0,0
0,0.1218,159.84,11.53272809,17.21,697,5520.0,12.127781319957933,47.3,1,0,1,1,1,0,0,0,0,0,0
0,0.1565,586.02,11.40756495,22.09,697,4771.0,10.199955912268527,43.2,7,1,0,0,0,0,1,0,0,0,0
0,0.1739,537.71,10.91508846,5.78,767,12930.04167,9.516721521860449,48.5,9,0,0,0,0,0,0,0,1,0,0
0,0.2052,898.27,11.73606902,16.62,762,4231.041667,0.0,0.0,9,0,0,0,0,0,0,0,0,0,1
0,0.1114,152.54,9.980448594,22.11,722,9720.041667,9.905385749819208,58.1,4,1,0,0,0,0,1,0,0,0,0
0,0.0894,444.81,11.22524339,20.18,747,7560.041667,12.235422688118861,32.4,1,0,0,0,1,0,0,0,0,0,0
0,0.1287,168.17,12.4292162,7.55,697,6270.0,9.51951481976606,47.8,5,0,1,0,0,0,0,0,0,1,0
0,0.1878,146.18,10.49127422,19.2,677,1290.041667,8.011355109161286,55.8,9,0,0,0,0,0,0,0,0,1,0
0,0.1148,659.37,11.76998337,17.4,757,8760.0,12.347663349483678,33.8,0,0,0,0,0,1,0,0,0,0,0
0,0.0894,54.02,9.655026193,24.15,727,2670.041667,9.612934696659327,35.5,0,0,0,0,1,0,0,0,0,0,0
0,0.1287,622.22,11.26061054,18.24,737,7560.041667,11.666521705410085,89.6,2,0,0,1,1,0,0,0,0,0,0
0,0.16,87.9,10.18111929,5.82,662,9180.0,7.270312886079025,65.3,6,1,0,1,1,0,0,0,0,0,0
0,0.1461,168.93,10.5789798,2.63,667,3180.041667,8.098338846189057,74.7,5,0,0,0,0,0,0,1,0,0,0
0,0.1635,379.79,12.07254125,17.74,722,5850.0,11.183823997367742,25.7,4,0,0,0,1,0,0,0,0,0,0
0,0.1496,97.88,10.79020528,13.6,677,3540.041667,6.818924065275521,50.8,6,0,0,0,0,0,1,0,0,0,0
0,0.167,639.03,11.77528973,19.1,687,3686.0,12.21396144695041,89.2,7,1,0,0,0,1,0,0,0,0,0
0,0.1645,176.89,10.73639668,10.75,672,1410.0,8.745921121024347,37.9,6,0,0,0,0,1,0,0,0,0,0
0,0.1496,138.58,9.92329018,4.76,672,3180.041667,7.775695749915245,37.2,5,0,0,1,1,0,0,0,0,0,0
0,0.1913,110.17,9.980448594,5.33,672,1890.0,4.990432586778736,73.0,9,0,0,0,1,0,0,0,0,0,0
0,0.1496,692.9,12.34583459,10.12,687,4170.041667,9.541512875502493,55.5,5,2,0,0,0,0,1,0,0,0,0
0,0.209,526.73,10.91508846,13.81,662,4110.041667,9.474318717728728,33.0,4,0,0,0,0,0,1,0,0,0,0
0,0.1357,254.77,10.53209621,13.02,687,2130.0,9.1539816383068,33.3,4,0,0,1,0,0,1,0,0,0,0
0,0.1496,225.2,11.69524702,9.66,667,4200.041667,9.976133742520982,84.0,4,0,0,0,1,0,0,0,0,0,0
0,0.1496,86.62,11.35040654,11.21,667,2040.041667,9.323401164260197,31.9,5,0,0,1,1,0,0,0,0,0,0
0,0.1531,167.12,10.95619516,24.39,667,4110.041667,10.466611465513152,91.5,4,0,0,0,1,0,0,0,0,0,0
0,0.1287,336.34,11.56347598,5.59,732,7320.0,8.422442854870427,68.9,6,0,0,0,1,0,0,0,0,0,0
0,0.1357,339.69,10.37349118,22.95,687,3150.041667,9.270964993792617,62.9,4,0,0,0,0,0,1,0,0,0,0
0,0.1774,432.26,10.27642947,11.36,682,5671.041667,9.497697391604019,93.9,7,0,1,0,1,0,0,0,0,0,0
0,0.1774,86.46,10.81977828,12.02,677,5850.0,5.963579343618446,24.2,9,0,0,0,1,0,0,0,0,0,0
0,0.1704,231.89,11.15625052,20.81,672,1440.0,8.92052268739398,94.8,6,0,0,0,0,0,0,0,0,1,0
0,0.1635,211.98,9.798127037,10.6,667,2791.041667,8.414495793177895,63.5,4,0,0,0,1,0,0,0,0,0,0
0,0.1357,823.74,12.20607265,14.3,722,5371.041667,11.957271484916003,90.1,0,0,0,1,0,0,1,0,0,0,0
0,0.1287,67.27,10.13459927,13.24,682,3330.0,8.502282578680484,40.7,4,3,0,0,1,0,0,0,0,0,0
0,0.1461,172.38,10.30895266,4.4,697,1112.0,7.997326822998097,59.4,5,0,0,0,0,0,1,0,0,0,0
0,0.1843,727.4,11.65268741,5.25,662,9511.0,9.585277541715389,87.6,4,0,1,0,0,0,1,0,0,0,0
0,0.1426,514.59,11.28978191,17.86,782,11220.0,12.371031845145412,17.5,0,0,0,0,0,0,0,0,0,0,1
0,0.1843,436.44,10.37349118,0.0,667,6905.0,0.0,0.0,6,0,0,1,0,0,0,0,1,0,0
0,0.1392,136.55,10.34174248,13.24,682,5851.0,6.359573868672378,14.1,5,2,1,0,0,0,0,0,0,1,0
0,0.1183,480.45,11.40756495,17.81,712,8160.041667,11.827451492750782,55.6,1,0,0,0,0,1,0,0,0,0,0
0,0.1531,870.39,11.91839057,22.7,762,6960.0,12.423121662843187,42.4,0,0,0,0,0,0,0,0,0,0,1
0,0.1635,169.58,10.56617553,5.35,692,3390.041667,6.731018100482083,34.9,4,0,0,0,0,0,0,0,0,0,1
0,0.1183,331.34,11.08214255,23.54,722,5460.0,10.241601298286596,51.8,5,0,0,1,1,0,0,0,0,0,0
0,0.1426,267.59,9.878169745,15.45,707,1710.041667,8.271548374755515,38.2,6,1,0,1,0,0,0,1,0,0,0
0,0.1496,554.32,11.15625052,17.06,692,4230.041667,9.888272386729648,88.7,5,0,0,0,0,0,1,0,0,0,0
0,0.1218,666.0,11.61728548,11.78,737,5972.041667,10.266393046225497,53.9,4,0,0,0,0,0,1,0,0,0,0
0,0.1531,87.04,11.91839057,22.82,667,4110.041667,10.993899644638898,85.8,5,0,0,0,0,0,0,0,1,0,0
0,0.1392,474.51,11.17605315,24.05,717,3210.041667,7.631431664576906,34.3,7,0,0,0,0,0,1,0,0,0,0
0,0.167,461.52,11.61186541,11.7,667,8100.0,8.304247465078474,91.8,5,2,1,0,1,0,0,0,0,0,0
0,0.1461,744.67,12.3883942,13.86,697,4470.041667,12.29797247122745,91.8,1,0,0,1,0,0,1,0,0,0,0
0,0.1287,121.08,10.08580911,3.4,707,1380.041667,7.8826922062890254,26.2,4,0,0,0,0,0,0,1,0,0,0
0,0.1322,338.01,11.28978191,16.84,697,3570.041667,9.543163100092235,39.0,4,1,0,0,0,0,1,0,0,0,0
0,0.1322,253.51,10.70324447,22.52,702,4530.041667,8.882252884889363,34.5,4,0,0,1,0,0,1,0,0,0,0
0,0.1218,466.2,10.73630972,5.32,727,2280.041667,9.374328222081633,37.8,5,0,0,0,0,0,1,0,0,0,0
0,0.1287,67.27,10.08580911,20.45,687,2011.041667,8.98054977794018,78.7,4,0,0,0,1,0,0,0,0,0,0
0,0.1287,840.83,11.28978191,12.97,732,1890.0,8.85366542803745,29.2,5,0,0,0,1,0,0,0,0,0,0
0,0.1357,679.37,10.30895266,9.44,712,5390.041667,8.121777419161074,14.0,4,0,0,0,0,0,1,0,0,0,0
0,0.1218,199.8,10.40426284,4.51,727,3570.041667,8.041412909393047,25.9,5,0,0,0,1,0,0,0,0,0,0
0,0.1253,384.87,11.00209984,11.56,722,3614.0,10.130184782049636,75.6,5,0,0,1,0,1,0,0,0,0,0
0,0.1136,213.93,10.7342204,2.43,702,2070.041667,8.57922858233569,46.7,4,0,0,0,1,0,0,0,0,0,0
0,0.1607,281.56,11.22524339,20.56,677,4080.0,9.96019864412017,72.7,7,0,0,0,1,0,0,0,0,0,0
0,0.0988,233.53,11.73606902,7.97,727,4350.0,8.888618807300878,40.5,4,0,0,0,0,0,1,0,0,0,0
0,0.1273,671.33,11.22524339,18.74,722,2340.041667,10.399341660371974,64.8,4,0,0,0,0,0,1,0,0,0,0
0,0.1062,390.72,11.58988651,13.68,737,7470.041667,9.743494841225237,46.7,5,1,0,0,0,0,1,0,0,0,0
0,0.1719,536.2,11.98292909,19.94,662,4440.0,12.332427724904472,94.7,0,0,0,0,1,0,0,0,0,0,0
0,0.1062,398.86,11.15625052,24.27,717,9330.041667,11.217264982816841,68.8,1,0,0,0,0,0,1,0,0,0,0
0,0.1843,691.03,11.12726298,20.12,662,1640.041667,7.544861068658458,19.1,5,4,0,0,0,0,1,0,0,0,0
0,0.1533,362.22,11.12726298,24.78,682,3710.0,10.743739218124693,55.5,5,0,0,0,0,1,0,0,0,0,0
0,0.1422,102.86,10.93310697,24.32,717,4230.041667,8.813735892300215,98.9,5,0,0,0,1,0,0,0,0,0,0
0,0.1947,922.42,11.56171563,19.81,662,3380.041667,9.934162236804047,76.4,5,0,0,0,0,1,0,0,0,0,0
0,0.1311,134.98,10.29552964,2.35,682,4530.041667,7.290292882446597,34.9,4,0,0,0,1,0,0,0,0,0,0
0,0.0788,437.93,11.82041016,15.87,757,6720.041667,12.357745973539593,23.0,0,0,0,0,0,1,0,0,0,0,0
0,0.157,840.26,12.18075484,11.42,702,7290.0,11.283826716617344,92.7,5,0,0,0,1,0,0,0,0,0,0
0,0.1062,146.52,10.62132735,7.02,707,8013.0,7.733245646529795,69.2,4,0,0,1,1,0,0,0,0,0,0
0,0.1099,98.21,11.08214255,19.57,687,7350.0,12.378141825859776,36.9,0,0,0,0,0,0,1,0,0,0,0
0,0.1099,425.56,11.57119437,16.36,722,7500.041667,10.01480528866808,65.6,4,0,0,0,0,1,0,0,0,0,0
0,0.2017,149.01,10.59663473,12.39,677,3140.041667,5.303304908059076,13.3,10,3,0,0,0,0,0,0,0,1,0
0,0.1273,335.67,10.40426284,19.05,702,6480.041667,9.088624613292087,37.5,4,0,1,0,0,0,1,0,0,0,0
0,0.1533,870.71,11.85651517,23.82,707,4800.0,12.465081286184303,94.4,0,0,0,0,0,0,1,0,0,0,0
0,0.1136,625.32,10.98529272,8.95,732,3750.041667,9.851983709669012,62.9,4,0,0,0,0,0,1,0,0,0,0
0,0.1496,831.52,12.76568843,11.38,717,8520.041667,14.003946715758083,56.0,7,0,0,1,0,0,0,0,0,0,1
0,0.1348,542.79,12.61153775,3.12,737,7410.041667,12.264020747484372,10.0,7,2,0,1,0,0,0,0,0,0,1
0,0.1607,114.38,10.64998591,16.64,672,5910.0,9.380504998499505,71.9,7,0,1,0,0,0,1,0,0,0,0
0,0.1422,244.28,11.56171563,0.7,687,7920.041667,6.226536669287466,9.0,6,1,0,0,0,1,0,0,0,0,0
0,0.1533,870.71,11.8493977,23.81,712,7775.041667,11.002916174580129,80.1,5,0,0,0,0,0,0,0,0,0,1
0,0.1311,192.35,11.00209984,5.72,692,10236.0,7.639161171659173,1.1,4,3,0,1,0,0,1,0,0,0,0
0,0.1025,323.85,11.17043516,13.98,732,3750.0,8.80086724247048,43.6,4,0,0,0,0,0,1,0,0,0,0
0,0.1348,468.16,10.97287698,15.16,702,3180.041667,9.57962547262959,50.2,5,0,0,0,1,0,0,0,0,0,0
0,0.1311,236.22,10.85707407,13.11,687,3270.0,8.996775795442296,36.1,4,0,0,0,0,0,1,0,0,0,0
0,0.1348,271.4,11.19821472,12.44,682,4230.041667,9.367942232479672,34.9,4,0,0,0,0,0,1,0,0,0,0
0,0.0788,78.21,10.81977828,20.38,732,7410.041667,9.689737246238513,32.6,4,0,0,0,1,0,0,0,0,0,0
0,0.157,262.59,10.66895539,21.35,662,4260.041667,9.175748927206564,84.7,4,0,0,0,0,0,1,0,0,0,0
0,0.1607,147.82,9.862665558,16.19,667,1260.041667,8.399760094524142,53.5,4,0,0,1,0,0,0,1,0,0,0
0,0.1607,87.99,10.77895629,14.2,667,4080.0,7.333676395657684,36.4,7,0,0,1,0,0,0,0,1,0,0
0,0.2164,729.7,11.87756858,8.63,667,8280.041667,10.923110744953865,66.9,9,0,1,1,0,0,0,0,1,0,0
0,0.1459,137.86,10.08580911,1.15,732,1230.041667,6.880384082186005,11.3,5,0,0,0,1,0,0,0,0,0,0
0,0.1348,508.87,11.73606902,16.85,707,7440.041667,12.239884526518892,92.5,1,0,0,1,0,0,0,0,1,0,0
0,0.1311,337.45,10.69194491,23.62,702,3780.041667,8.741296282225147,56.9,5,2,0,0,0,0,1,0,0,0,0
0,0.1385,545.67,11.77528973,10.8,697,4110.0,12.194591994333905,74.9,4,0,0,0,0,0,1,0,0,0,0
0,0.1533,870.71,11.84222921,16.16,707,4230.041667,10.94922635159717,49.8,5,0,0,0,0,0,0,0,0,0,1
0,0.1311,674.9,12.29225034,9.94,717,5730.041667,10.586003420427412,27.7,5,0,0,1,0,0,0,0,1,0,0
0,0.1385,136.42,11.00209984,18.18,677,3423.041667,9.635738817791797,85.0,4,0,0,0,0,0,1,0,0,0,0
0,0.1025,466.35,12.20607265,13.97,722,6120.041667,12.733566577978934,78.3,2,0,0,0,0,1,0,0,0,0,0
0,0.1533,696.57,11.80559508,17.21,682,2790.041667,10.560463365957897,86.9,4,0,0,0,0,0,1,0,0,0,0
0,0.1273,688.11,11.31447453,21.13,732,5881.0,10.46959649992535,54.3,5,0,0,0,0,1,0,0,0,0,0
0,0.1867,547.36,11.40756495,15.76,667,10050.04167,9.492205559106399,88.4,7,0,0,0,1,0,0,0,0,0,0
0,0.0788,115.74,10.99909533,10.17,722,4410.0,9.357639058997062,61.6,4,0,0,0,1,0,0,0,0,0,0
0,0.1348,508.87,10.93310697,17.76,717,3870.041667,9.078065332666364,28.2,6,0,0,0,0,0,1,0,0,0,0
0,0.1099,556.5,11.22524339,17.84,727,6840.041667,9.83916234197957,29.0,4,0,0,1,0,0,1,0,0,0,0
0,0.1385,511.56,12.32385568,12.33,687,6420.041667,12.862270531311841,51.2,4,0,0,0,1,0,0,0,0,0,0
0,0.1459,396.35,10.30895266,21.04,697,3390.0,10.170380010780352,78.4,6,0,0,1,1,0,0,0,0,0,0
0,0.2164,551.08,11.00209984,24.06,662,1800.0,9.707594315712079,49.8,9,0,0,1,1,0,0,0,0,0,0
0,0.1311,101.24,10.96819829,8.23,687,2790.041667,7.323170717943469,13.8,5,0,0,0,1,0,0,0,0,0,0
0,0.1979,37.06,10.6454249,22.17,667,5916.0,10.270038567145066,59.8,6,0,1,0,1,0,0,0,0,0,0
0,0.1426,823.34,12.4292162,3.62,722,3239.958333,10.421566805013427,83.9,5,0,0,1,0,0,0,0,1,0,0
0,0.1671,113.63,10.6454249,28.06,672,3210.041667,10.15657818021829,63.8,5,0,0,1,1,0,0,0,0,0,0
0,0.1568,161.01,11.22524339,8.0,677,7230.0,8.840724916761715,29.2,4,0,1,1,1,0,0,0,0,0,0
0,0.1565,69.98,10.11047245,7.02,662,8190.041667,8.006367567650246,39.5,6,0,0,1,0,0,1,0,0,0,0
0,0.1461,344.76,12.18075484,10.39,672,10474.0,12.280126687658269,82.1,2,0,0,1,1,0,0,0,0,0,0
0,0.1253,257.7,11.14186178,0.21,722,4380.0,5.220355825078324,1.1,5,0,0,1,1,0,0,0,0,0,0
0,0.1071,97.81,10.59663473,13.09,687,3450.041667,9.2140335438138,82.9,8,0,0,1,0,0,1,0,0,0,0
0,0.16,351.58,10.81977828,19.18,692,1800.0,0.0,3.2,5,0,0,1,0,0,0,0,1,0,0
0,0.1392,853.43,11.26446411,16.28,732,4740.0,10.542178547300015,57.0,6,0,0,1,0,0,1,0,0,0,0
